DATE,KOSPI,SP500,VIX,DXY
2020-01-01,2175.169921875,3230.780029296875,13.779999732971191,96.38999938964844
2020-01-02,2175.169921875,3257.85009765625,12.470000267028809,96.8499984741211
2020-01-03,2176.4599609375,3234.85009765625,14.020000457763672,96.83999633789062
2020-01-04,2176.4599609375,3234.85009765625,14.020000457763672,96.83999633789062
2020-01-05,2176.4599609375,3234.85009765625,14.020000457763672,96.83999633789062
2020-01-06,2155.070068359375,3246.280029296875,13.850000381469727,96.66999816894531
2020-01-07,2175.5400390625,3237.179931640625,13.789999961853027,96.9800033569336
2020-01-08,2151.31005859375,3253.050048828125,13.449999809265137,97.30000305175781
2020-01-09,2186.449951171875,3274.699951171875,12.539999961853027,97.44999694824219
2020-01-10,2206.389892578125,3265.35009765625,12.5600004196167,97.36000061035156
2020-01-11,2206.389892578125,3265.35009765625,12.5600004196167,97.36000061035156
2020-01-12,2206.389892578125,3265.35009765625,12.5600004196167,97.36000061035156
2020-01-13,2229.260009765625,3288.1298828125,12.319999694824219,97.3499984741211
2020-01-14,2238.8798828125,3283.14990234375,12.390000343322754,97.37000274658203
2020-01-15,2230.97998046875,3289.2900390625,12.420000076293945,97.2300033569336
2020-01-16,2248.050048828125,3316.81005859375,12.319999694824219,97.31999969482422
2020-01-17,2250.570068359375,3329.6201171875,12.100000381469727,97.61000061035156
2020-01-18,2250.570068359375,3329.6201171875,12.100000381469727,97.61000061035156
2020-01-19,2250.570068359375,3329.6201171875,12.100000381469727,97.61000061035156
2020-01-20,2262.639892578125,3329.6201171875,12.100000381469727,97.61000061035156
2020-01-21,2239.68994140625,3320.7900390625,12.850000381469727,97.52999877929688
2020-01-22,2267.25,3321.75,12.90999984741211,97.52999877929688
2020-01-23,2246.1298828125,3325.5400390625,12.979999542236328,97.69000244140625
2020-01-24,2246.1298828125,3295.469970703125,14.5600004196167,97.8499984741211
2020-01-25,2246.1298828125,3295.469970703125,14.5600004196167,97.8499984741211
2020-01-26,2246.1298828125,3295.469970703125,14.5600004196167,97.8499984741211
2020-01-27,2246.1298828125,3243.6298828125,18.229999542236328,97.95999908447266
2020-01-28,2176.719970703125,3276.239990234375,16.280000686645508,98.0199966430664
2020-01-29,2185.280029296875,3273.39990234375,16.389999389648438,97.98999786376953
2020-01-30,2148.0,3283.659912109375,15.489999771118164,97.87000274658203
2020-01-31,2119.010009765625,3225.52001953125,18.84000015258789,97.38999938964844
2020-02-01,2119.010009765625,3225.52001953125,18.84000015258789,97.38999938964844
2020-02-02,2119.010009765625,3225.52001953125,18.84000015258789,97.38999938964844
2020-02-03,2118.8798828125,3248.919921875,17.969999313354492,97.80000305175781
2020-02-04,2157.89990234375,3297.590087890625,16.049999237060547,97.95999908447266
2020-02-05,2165.6298828125,3334.68994140625,15.149999618530273,98.2699966430664
2020-02-06,2227.93994140625,3345.780029296875,14.960000038146973,98.5
2020-02-07,2211.949951171875,3327.7099609375,15.470000267028809,98.68000030517578
2020-02-08,2211.949951171875,3327.7099609375,15.470000267028809,98.68000030517578
2020-02-09,2211.949951171875,3327.7099609375,15.470000267028809,98.68000030517578
2020-02-10,2201.070068359375,3352.090087890625,15.039999961853027,98.83000183105469
2020-02-11,2223.1201171875,3357.75,15.180000305175781,98.72000122070312
2020-02-12,2238.3798828125,3379.449951171875,13.739999771118164,99.05000305175781
2020-02-13,2232.9599609375,3373.93994140625,14.149999618530273,99.06999969482422
2020-02-14,2243.590087890625,3380.159912109375,13.680000305175781,99.12000274658203
2020-02-15,2243.590087890625,3380.159912109375,13.680000305175781,99.12000274658203
2020-02-16,2243.590087890625,3380.159912109375,13.680000305175781,99.12000274658203
2020-02-17,2242.169921875,3380.159912109375,13.680000305175781,99.12000274658203
2020-02-18,2208.8798828125,3370.2900390625,14.829999923706055,99.45999908447266
2020-02-19,2210.340087890625,3386.14990234375,14.380000114440918,99.5999984741211
2020-02-20,2195.5,3373.22998046875,15.5600004196167,99.87000274658203
2020-02-21,2162.840087890625,3337.75,17.079999923706055,99.26000213623047
2020-02-22,2162.840087890625,3337.75,17.079999923706055,99.26000213623047
2020-02-23,2162.840087890625,3337.75,17.079999923706055,99.26000213623047
2020-02-24,2079.0400390625,3225.889892578125,25.030000686645508,99.29000091552734
2020-02-25,2103.610107421875,3128.2099609375,27.850000381469727,98.97000122070312
2020-02-26,2076.77001953125,3116.389892578125,27.559999465942383,99.0
2020-02-27,2054.889892578125,2978.760009765625,39.15999984741211,98.44000244140625
2020-02-28,1987.010009765625,2954.219970703125,40.11000061035156,98.12999725341797
2020-02-29,1987.010009765625,2954.219970703125,40.11000061035156,98.12999725341797
2020-03-01,1987.010009765625,2954.219970703125,40.11000061035156,98.12999725341797
2020-03-02,2002.510009765625,3090.22998046875,33.41999816894531,97.36000061035156
2020-03-03,2014.1500244140625,3003.3701171875,36.81999969482422,97.1500015258789
2020-03-04,2059.330078125,3130.1201171875,31.989999771118164,97.33999633789062
2020-03-05,2085.260009765625,3023.93994140625,39.619998931884766,96.81999969482422
2020-03-06,2040.219970703125,2972.3701171875,41.939998626708984,95.94999694824219
2020-03-07,2040.219970703125,2972.3701171875,41.939998626708984,95.94999694824219
2020-03-08,2040.219970703125,2972.3701171875,41.939998626708984,95.94999694824219
2020-03-09,1954.77001953125,2746.56005859375,54.459999084472656,94.9000015258789
2020-03-10,1962.9300537109375,2882.22998046875,47.29999923706055,96.41000366210938
2020-03-11,1908.27001953125,2741.3798828125,53.900001525878906,96.51000213623047
2020-03-12,1834.3299560546875,2480.639892578125,75.47000122070312,97.47000122070312
2020-03-13,1771.43994140625,2711.02001953125,57.83000183105469,98.75
2020-03-14,1771.43994140625,2711.02001953125,57.83000183105469,98.75
2020-03-15,1771.43994140625,2711.02001953125,57.83000183105469,98.75
2020-03-16,1714.8599853515625,2386.1298828125,82.69000244140625,98.08999633789062
2020-03-17,1672.43994140625,2529.18994140625,75.91000366210938,99.58000183105469
2020-03-18,1591.199951171875,2398.10009765625,76.44999694824219,101.16000366210938
2020-03-19,1457.6400146484375,2409.389892578125,72.0,102.76000213623047
2020-03-20,1566.1500244140625,2304.919921875,66.04000091552734,102.81999969482422
2020-03-21,1566.1500244140625,2304.919921875,66.04000091552734,102.81999969482422
2020-03-22,1566.1500244140625,2304.919921875,66.04000091552734,102.81999969482422
2020-03-23,1482.4599609375,2237.39990234375,61.59000015258789,102.48999786376953
2020-03-24,1609.969970703125,2447.330078125,61.66999816894531,101.73999786376953
2020-03-25,1704.760009765625,2475.56005859375,63.95000076293945,101.05000305175781
2020-03-26,1686.239990234375,2630.070068359375,61.0,99.41999816894531
2020-03-27,1717.72998046875,2541.469970703125,65.54000091552734,98.37000274658203
2020-03-28,1717.72998046875,2541.469970703125,65.54000091552734,98.37000274658203
2020-03-29,1717.72998046875,2541.469970703125,65.54000091552734,98.37000274658203
2020-03-30,1717.1199951171875,2626.64990234375,57.08000183105469,99.18000030517578
2020-03-31,1754.6400146484375,2584.590087890625,53.540000915527344,99.05000305175781
2020-04-01,1685.4599609375,2470.5,57.060001373291016,99.66999816894531
2020-04-02,1724.8599853515625,2526.89990234375,50.90999984741211,100.18000030517578
2020-04-03,1725.43994140625,2488.64990234375,46.79999923706055,100.58000183105469
2020-04-04,1725.43994140625,2488.64990234375,46.79999923706055,100.58000183105469
2020-04-05,1725.43994140625,2488.64990234375,46.79999923706055,100.58000183105469
2020-04-06,1791.8800048828125,2663.679931640625,45.2400016784668,100.69000244140625
2020-04-07,1823.5999755859375,2659.409912109375,46.70000076293945,99.9800033569336
2020-04-08,1807.1400146484375,2749.97998046875,43.349998474121094,100.12000274658203
2020-04-09,1836.2099609375,2789.820068359375,41.66999816894531,99.5199966430664
2020-04-10,1860.699951171875,2789.820068359375,41.66999816894531,99.5199966430664
2020-04-11,1860.699951171875,2789.820068359375,41.66999816894531,99.5199966430664
2020-04-12,1860.699951171875,2789.820068359375,41.66999816894531,99.5199966430664
2020-04-13,1825.760009765625,2761.6298828125,41.16999816894531,99.3499984741211
2020-04-14,1857.0799560546875,2846.06005859375,37.7599983215332,98.88999938964844
2020-04-15,1857.0799560546875,2783.360107421875,40.84000015258789,99.45999908447266
2020-04-16,1857.0699462890625,2799.550048828125,40.11000061035156,100.02999877929688
2020-04-17,1914.530029296875,2874.56005859375,38.150001525878906,99.77999877929688
2020-04-18,1914.530029296875,2874.56005859375,38.150001525878906,99.77999877929688
2020-04-19,1914.530029296875,2874.56005859375,38.150001525878906,99.77999877929688
2020-04-20,1898.3599853515625,2823.159912109375,43.83000183105469,99.95999908447266
2020-04-21,1879.3800048828125,2736.56005859375,45.40999984741211,100.26000213623047
2020-04-22,1896.1500244140625,2799.31005859375,41.97999954223633,100.38999938964844
2020-04-23,1914.72998046875,2797.800048828125,41.380001068115234,100.43000030517578
2020-04-24,1889.010009765625,2836.739990234375,35.93000030517578,100.37999725341797
2020-04-25,1889.010009765625,2836.739990234375,35.93000030517578,100.37999725341797
2020-04-26,1889.010009765625,2836.739990234375,35.93000030517578,100.37999725341797
2020-04-27,1922.77001953125,2878.47998046875,33.290000915527344,100.04000091552734
2020-04-28,1934.0899658203125,2863.389892578125,33.56999969482422,99.87000274658203
2020-04-29,1947.56005859375,2939.510009765625,31.229999542236328,99.56999969482422
2020-04-30,1947.56005859375,2912.429931640625,34.150001525878906,99.0199966430664
2020-05-01,1947.56005859375,2830.7099609375,37.189998626708984,98.80000305175781
2020-05-02,1947.56005859375,2830.7099609375,37.189998626708984,98.80000305175781
2020-05-03,1947.56005859375,2830.7099609375,37.189998626708984,98.80000305175781
2020-05-04,1895.3699951171875,2842.739990234375,35.970001220703125,99.4800033569336
2020-05-05,1895.3699951171875,2868.43994140625,33.61000061035156,99.70999908447266
2020-05-06,1928.760009765625,2848.419921875,34.119998931884766,100.08999633789062
2020-05-07,1928.6099853515625,2881.18994140625,31.440000534057617,99.88999938964844
2020-05-08,1945.8199462890625,2929.800048828125,27.979999542236328,99.7300033569336
2020-05-09,1945.8199462890625,2929.800048828125,27.979999542236328,99.7300033569336
2020-05-10,1945.8199462890625,2929.800048828125,27.979999542236328,99.7300033569336
2020-05-11,1935.4000244140625,2930.18994140625,27.56999969482422,100.23999786376953
2020-05-12,1922.1700439453125,2870.1201171875,33.040000915527344,99.93000030517578
2020-05-13,1940.4200439453125,2820.0,35.279998779296875,100.23999786376953
2020-05-14,1924.9599609375,2852.5,32.61000061035156,100.47000122070312
2020-05-15,1927.280029296875,2863.699951171875,31.889999389648438,100.4000015258789
2020-05-16,1927.280029296875,2863.699951171875,31.889999389648438,100.4000015258789
2020-05-17,1927.280029296875,2863.699951171875,31.889999389648438,100.4000015258789
2020-05-18,1937.1099853515625,2953.909912109375,29.299999237060547,99.66999816894531
2020-05-19,1980.6099853515625,2922.93994140625,30.530000686645508,99.37000274658203
2020-05-20,1989.6400146484375,2971.610107421875,27.989999771118164,99.12000274658203
2020-05-21,1998.31005859375,2948.510009765625,29.530000686645508,99.37000274658203
2020-05-22,1970.1300048828125,2955.449951171875,28.15999984741211,99.86000061035156
2020-05-23,1970.1300048828125,2955.449951171875,28.15999984741211,99.86000061035156
2020-05-24,1970.1300048828125,2955.449951171875,28.15999984741211,99.86000061035156
2020-05-25,1994.5999755859375,2955.449951171875,28.15999984741211,99.86000061035156
2020-05-26,2029.780029296875,2991.77001953125,28.010000228881836,98.91000366210938
2020-05-27,2031.199951171875,3036.1298828125,27.6200008392334,99.05999755859375
2020-05-28,2028.5400390625,3029.72998046875,28.59000015258789,98.37999725341797
2020-05-29,2029.5999755859375,3044.31005859375,27.510000228881836,98.33999633789062
2020-05-30,2029.5999755859375,3044.31005859375,27.510000228881836,98.33999633789062
2020-05-31,2029.5999755859375,3044.31005859375,27.510000228881836,98.33999633789062
2020-06-01,2065.080078125,3055.72998046875,28.229999542236328,97.83000183105469
2020-06-02,2087.18994140625,3080.820068359375,26.84000015258789,97.66999816894531
2020-06-03,2147.0,3122.8701171875,25.65999984741211,97.27999877929688
2020-06-04,2151.179931640625,3112.35009765625,25.809999465942383,96.68000030517578
2020-06-05,2181.8701171875,3193.929931640625,24.520000457763672,96.94000244140625
2020-06-06,2181.8701171875,3193.929931640625,24.520000457763672,96.94000244140625
2020-06-07,2181.8701171875,3193.929931640625,24.520000457763672,96.94000244140625
2020-06-08,2184.2900390625,3232.389892578125,25.809999465942383,96.62000274658203
2020-06-09,2188.919921875,3207.179931640625,27.56999969482422,96.31999969482422
2020-06-10,2195.68994140625,3190.139892578125,27.56999969482422,95.95999908447266
2020-06-11,2176.780029296875,3002.10009765625,40.790000915527344,96.7300033569336
2020-06-12,2132.300048828125,3041.31005859375,36.09000015258789,97.31999969482422
2020-06-13,2132.300048828125,3041.31005859375,36.09000015258789,97.31999969482422
2020-06-14,2132.300048828125,3041.31005859375,36.09000015258789,97.31999969482422
2020-06-15,2030.8199462890625,3066.590087890625,34.400001525878906,96.68000030517578
2020-06-16,2138.050048828125,3124.739990234375,33.66999816894531,96.95999908447266
2020-06-17,2141.050048828125,3113.489990234375,33.470001220703125,97.16000366210938
2020-06-18,2133.47998046875,3115.340087890625,32.939998626708984,97.41999816894531
2020-06-19,2141.320068359375,3097.739990234375,35.119998931884766,97.62000274658203
2020-06-20,2141.320068359375,3097.739990234375,35.119998931884766,97.62000274658203
2020-06-21,2141.320068359375,3097.739990234375,35.119998931884766,97.62000274658203
2020-06-22,2126.72998046875,3117.860107421875,31.770000457763672,97.04000091552734
2020-06-23,2131.239990234375,3131.2900390625,31.3700008392334,96.69000244140625
2020-06-24,2161.510009765625,3050.330078125,33.84000015258789,97.1500015258789
2020-06-25,2112.3701171875,3083.760009765625,32.220001220703125,97.43000030517578
2020-06-26,2134.64990234375,3009.050048828125,34.72999954223633,97.5
2020-06-27,2134.64990234375,3009.050048828125,34.72999954223633,97.5
2020-06-28,2134.64990234375,3009.050048828125,34.72999954223633,97.5
2020-06-29,2093.47998046875,3053.239990234375,31.780000686645508,97.54000091552734
2020-06-30,2108.330078125,3100.2900390625,30.43000030517578,97.38999938964844
2020-07-01,2106.699951171875,3115.860107421875,28.6200008392334,97.19999694824219
2020-07-02,2135.3701171875,3130.010009765625,27.68000030517578,97.31999969482422
2020-07-03,2152.409912109375,3130.010009765625,27.68000030517578,97.31999969482422
2020-07-04,2152.409912109375,3130.010009765625,27.68000030517578,97.31999969482422
2020-07-05,2152.409912109375,3130.010009765625,27.68000030517578,97.31999969482422
2020-07-06,2187.929931640625,3179.719970703125,27.940000534057617,96.79000091552734
2020-07-07,2164.169921875,3145.320068359375,29.43000030517578,96.87999725341797
2020-07-08,2158.8798828125,3169.93994140625,28.079999923706055,96.43000030517578
2020-07-09,2167.89990234375,3152.050048828125,29.260000228881836,96.69999694824219
2020-07-10,2150.25,3185.0400390625,27.290000915527344,96.6500015258789
2020-07-11,2150.25,3185.0400390625,27.290000915527344,96.6500015258789
2020-07-12,2150.25,3185.0400390625,27.290000915527344,96.6500015258789
2020-07-13,2186.06005859375,3155.219970703125,32.189998626708984,96.45999908447266
2020-07-14,2183.610107421875,3197.52001953125,29.520000457763672,96.26000213623047
2020-07-15,2201.8798828125,3226.56005859375,27.760000228881836,96.08000183105469
2020-07-16,2183.760009765625,3215.570068359375,28.0,96.3499984741211
2020-07-17,2201.18994140625,3224.72998046875,25.68000030517578,95.94000244140625
2020-07-18,2201.18994140625,3224.72998046875,25.68000030517578,95.94000244140625
2020-07-19,2201.18994140625,3224.72998046875,25.68000030517578,95.94000244140625
2020-07-20,2198.199951171875,3251.840087890625,24.459999084472656,95.83000183105469
2020-07-21,2228.830078125,3257.300048828125,24.84000015258789,95.12000274658203
2020-07-22,2228.659912109375,3276.02001953125,24.31999969482422,94.97000122070312
2020-07-23,2216.18994140625,3235.659912109375,26.079999923706055,94.69000244140625
2020-07-24,2200.43994140625,3215.6298828125,25.84000015258789,94.44000244140625
2020-07-25,2200.43994140625,3215.6298828125,25.84000015258789,94.44000244140625
2020-07-26,2200.43994140625,3215.6298828125,25.84000015258789,94.44000244140625
2020-07-27,2217.860107421875,3239.409912109375,24.739999771118164,93.66999816894531
2020-07-28,2256.989990234375,3218.43994140625,25.440000534057617,93.76000213623047
2020-07-29,2263.159912109375,3258.43994140625,24.100000381469727,93.26000213623047
2020-07-30,2267.010009765625,3246.219970703125,24.760000228881836,93.0199966430664
2020-07-31,2249.3701171875,3271.1201171875,24.459999084472656,93.48999786376953
2020-08-01,2249.3701171875,3271.1201171875,24.459999084472656,93.48999786376953
2020-08-02,2249.3701171875,3271.1201171875,24.459999084472656,93.48999786376953
2020-08-03,2251.0400390625,3294.610107421875,24.280000686645508,93.5
2020-08-04,2279.969970703125,3306.510009765625,23.760000228881836,93.37999725341797
2020-08-05,2311.860107421875,3327.77001953125,22.989999771118164,92.83000183105469
2020-08-06,2342.610107421875,3349.159912109375,22.649999618530273,92.79000091552734
2020-08-07,2351.669921875,3351.280029296875,22.209999084472656,93.44000244140625
2020-08-08,2351.669921875,3351.280029296875,22.209999084472656,93.44000244140625
2020-08-09,2351.669921875,3351.280029296875,22.209999084472656,93.44000244140625
2020-08-10,2386.3798828125,3360.469970703125,22.1299991607666,93.58000183105469
2020-08-11,2418.669921875,3333.68994140625,24.030000686645508,93.62999725341797
2020-08-12,2432.35009765625,3380.35009765625,22.280000686645508,93.44000244140625
2020-08-13,2437.530029296875,3373.429931640625,22.1299991607666,93.33999633789062
2020-08-14,2407.489990234375,3372.85009765625,22.049999237060547,93.0999984741211
2020-08-15,2407.489990234375,3372.85009765625,22.049999237060547,93.0999984741211
2020-08-16,2407.489990234375,3372.85009765625,22.049999237060547,93.0999984741211
2020-08-17,2407.489990234375,3381.989990234375,21.350000381469727,92.8499984741211
2020-08-18,2348.239990234375,3389.780029296875,21.510000228881836,92.2699966430664
2020-08-19,2360.5400390625,3374.85009765625,22.540000915527344,92.88999938964844
2020-08-20,2274.219970703125,3385.510009765625,22.719999313354492,92.79000091552734
2020-08-21,2304.590087890625,3397.159912109375,22.540000915527344,93.25
2020-08-22,2304.590087890625,3397.159912109375,22.540000915527344,93.25
2020-08-23,2304.590087890625,3397.159912109375,22.540000915527344,93.25
2020-08-24,2329.830078125,3431.280029296875,22.3700008392334,93.30000305175781
2020-08-25,2366.72998046875,3443.6201171875,22.030000686645508,93.0199966430664
2020-08-26,2369.320068359375,3478.72998046875,23.270000457763672,93.01000213623047
2020-08-27,2344.449951171875,3484.550048828125,24.469999313354492,93.01000213623047
2020-08-28,2353.800048828125,3508.010009765625,22.959999084472656,92.37000274658203
2020-08-29,2353.800048828125,3508.010009765625,22.959999084472656,92.37000274658203
2020-08-30,2353.800048828125,3508.010009765625,22.959999084472656,92.37000274658203
2020-08-31,2326.169921875,3500.31005859375,26.40999984741211,92.13999938964844
2020-09-01,2349.550048828125,3526.64990234375,26.1200008392334,92.33999633789062
2020-09-02,2364.3701171875,3580.840087890625,26.56999969482422,92.8499984741211
2020-09-03,2395.89990234375,3455.06005859375,33.599998474121094,92.73999786376953
2020-09-04,2368.25,3426.9599609375,30.75,92.72000122070312
2020-09-05,2368.25,3426.9599609375,30.75,92.72000122070312
2020-09-06,2368.25,3426.9599609375,30.75,92.72000122070312
2020-09-07,2384.219970703125,3426.9599609375,30.75,92.72000122070312
2020-09-08,2401.909912109375,3331.840087890625,31.459999084472656,93.4800033569336
2020-09-09,2375.81005859375,3398.9599609375,28.809999465942383,93.26000213623047
2020-09-10,2396.47998046875,3339.18994140625,29.709999084472656,93.33999633789062
2020-09-11,2396.68994140625,3340.969970703125,26.8700008392334,93.33000183105469
2020-09-12,2396.68994140625,3340.969970703125,26.8700008392334,93.33000183105469
2020-09-13,2396.68994140625,3340.969970703125,26.8700008392334,93.33000183105469
2020-09-14,2427.909912109375,3383.5400390625,25.850000381469727,93.06999969482422
2020-09-15,2443.580078125,3401.199951171875,25.59000015258789,93.05000305175781
2020-09-16,2435.919921875,3385.489990234375,26.040000915527344,93.20999908447266
2020-09-17,2406.169921875,3357.010009765625,26.459999084472656,92.97000122070312
2020-09-18,2412.39990234375,3319.469970703125,25.829999923706055,92.93000030517578
2020-09-19,2412.39990234375,3319.469970703125,25.829999923706055,92.93000030517578
2020-09-20,2412.39990234375,3319.469970703125,25.829999923706055,92.93000030517578
2020-09-21,2389.389892578125,3281.06005859375,27.780000686645508,93.54000091552734
2020-09-22,2332.590087890625,3315.570068359375,26.860000610351562,93.98999786376953
2020-09-23,2333.239990234375,3236.919921875,28.579999923706055,94.38999938964844
2020-09-24,2272.699951171875,3246.590087890625,28.510000228881836,94.3499984741211
2020-09-25,2278.7900390625,3298.4599609375,26.3799991607666,94.58000183105469
2020-09-26,2278.7900390625,3298.4599609375,26.3799991607666,94.58000183105469
2020-09-27,2278.7900390625,3298.4599609375,26.3799991607666,94.58000183105469
2020-09-28,2308.080078125,3351.60009765625,26.190000534057617,94.26000213623047
2020-09-29,2327.889892578125,3335.469970703125,26.270000457763672,93.88999938964844
2020-09-30,2327.889892578125,3363.0,26.3700008392334,93.88999938964844
2020-10-01,2327.889892578125,3380.800048828125,26.700000762939453,93.70999908447266
2020-10-02,2327.889892578125,3348.419921875,27.6299991607666,93.83999633789062
2020-10-03,2327.889892578125,3348.419921875,27.6299991607666,93.83999633789062
2020-10-04,2327.889892578125,3348.419921875,27.6299991607666,93.83999633789062
2020-10-05,2358.0,3408.60009765625,27.959999084472656,93.51000213623047
2020-10-06,2365.89990234375,3360.969970703125,29.479999542236328,93.83000183105469
2020-10-07,2386.93994140625,3419.43994140625,28.059999465942383,93.62999725341797
2020-10-08,2391.9599609375,3446.830078125,26.360000610351562,93.61000061035156
2020-10-09,2391.9599609375,3477.139892578125,25.0,93.05999755859375
2020-10-10,2391.9599609375,3477.139892578125,25.0,93.05999755859375
2020-10-11,2391.9599609375,3477.139892578125,25.0,93.05999755859375
2020-10-12,2403.72998046875,3534.219970703125,25.06999969482422,93.06999969482422
2020-10-13,2403.14990234375,3511.929931640625,26.06999969482422,93.52999877929688
2020-10-14,2380.47998046875,3488.669921875,26.399999618530273,93.37999725341797
2020-10-15,2361.2099609375,3483.340087890625,26.969999313354492,93.86000061035156
2020-10-16,2341.530029296875,3483.81005859375,27.40999984741211,93.68000030517578
2020-10-17,2341.530029296875,3483.81005859375,27.40999984741211,93.68000030517578
2020-10-18,2341.530029296875,3483.81005859375,27.40999984741211,93.68000030517578
2020-10-19,2346.739990234375,3426.919921875,29.18000030517578,93.43000030517578
2020-10-20,2358.409912109375,3443.1201171875,29.350000381469727,93.06999969482422
2020-10-21,2370.860107421875,3435.56005859375,28.649999618530273,92.61000061035156
2020-10-22,2355.050048828125,3453.489990234375,28.110000610351562,92.94999694824219
2020-10-23,2360.81005859375,3465.389892578125,27.549999237060547,92.7699966430664
2020-10-24,2360.81005859375,3465.389892578125,27.549999237060547,92.7699966430664
2020-10-25,2360.81005859375,3465.389892578125,27.549999237060547,92.7699966430664
2020-10-26,2343.909912109375,3400.969970703125,32.459999084472656,93.05000305175781
2020-10-27,2330.840087890625,3390.679931640625,33.349998474121094,92.94000244140625
2020-10-28,2345.260009765625,3271.030029296875,40.279998779296875,93.41000366210938
2020-10-29,2326.669921875,3310.110107421875,37.59000015258789,93.95999908447266
2020-10-30,2267.14990234375,3269.9599609375,38.02000045776367,94.04000091552734
2020-10-31,2267.14990234375,3269.9599609375,38.02000045776367,94.04000091552734
2020-11-01,2267.14990234375,3269.9599609375,38.02000045776367,94.04000091552734
2020-11-02,2300.159912109375,3310.239990234375,37.130001068115234,94.05000305175781
2020-11-03,2343.31005859375,3369.159912109375,35.54999923706055,93.55000305175781
2020-11-04,2357.320068359375,3443.43994140625,29.56999969482422,93.41000366210938
2020-11-05,2413.7900390625,3510.449951171875,27.579999923706055,92.52999877929688
2020-11-06,2416.5,3509.43994140625,24.860000610351562,92.2300033569336
2020-11-07,2416.5,3509.43994140625,24.860000610351562,92.2300033569336
2020-11-08,2416.5,3509.43994140625,24.860000610351562,92.2300033569336
2020-11-09,2447.199951171875,3550.5,25.75,92.7300033569336
2020-11-10,2452.830078125,3545.530029296875,24.799999237060547,92.75
2020-11-11,2485.8701171875,3572.659912109375,23.450000762939453,93.04000091552734
2020-11-12,2475.6201171875,3537.010009765625,25.350000381469727,92.95999908447266
2020-11-13,2493.8701171875,3585.14990234375,23.100000381469727,92.76000213623047
2020-11-14,2493.8701171875,3585.14990234375,23.100000381469727,92.76000213623047
2020-11-15,2493.8701171875,3585.14990234375,23.100000381469727,92.76000213623047
2020-11-16,2543.030029296875,3626.909912109375,22.450000762939453,92.56999969482422
2020-11-17,2539.14990234375,3609.530029296875,22.709999084472656,92.41999816894531
2020-11-18,2545.639892578125,3567.7900390625,23.84000015258789,92.31999969482422
2020-11-19,2547.419921875,3581.8701171875,23.110000610351562,92.29000091552734
2020-11-20,2553.5,3557.5400390625,23.700000762939453,92.38999938964844
2020-11-21,2553.5,3557.5400390625,23.700000762939453,92.38999938964844
2020-11-22,2553.5,3557.5400390625,23.700000762939453,92.38999938964844
2020-11-23,2602.590087890625,3577.590087890625,22.65999984741211,92.51000213623047
2020-11-24,2617.760009765625,3635.409912109375,21.639999389648438,92.2300033569336
2020-11-25,2601.5400390625,3629.64990234375,21.25,91.98999786376953
2020-11-26,2625.909912109375,3629.64990234375,21.25,91.98999786376953
2020-11-27,2633.449951171875,3638.35009765625,20.84000015258789,91.79000091552734
2020-11-28,2633.449951171875,3638.35009765625,20.84000015258789,91.79000091552734
2020-11-29,2633.449951171875,3638.35009765625,20.84000015258789,91.79000091552734
2020-11-30,2591.340087890625,3621.6298828125,20.56999969482422,91.87000274658203
2020-12-01,2634.25,3662.449951171875,20.770000457763672,91.30999755859375
2020-12-02,2675.89990234375,3669.010009765625,21.170000076293945,91.12000274658203
2020-12-03,2696.219970703125,3666.719970703125,21.280000686645508,90.70999908447266
2020-12-04,2731.449951171875,3699.1201171875,20.790000915527344,90.69999694824219
2020-12-05,2731.449951171875,3699.1201171875,20.790000915527344,90.69999694824219
2020-12-06,2731.449951171875,3699.1201171875,20.790000915527344,90.69999694824219
2020-12-07,2745.43994140625,3691.9599609375,21.299999237060547,90.79000091552734
2020-12-08,2700.929931640625,3702.25,20.68000030517578,90.97000122070312
2020-12-09,2755.469970703125,3672.820068359375,22.270000457763672,91.08999633789062
2020-12-10,2746.4599609375,3668.10009765625,22.520000457763672,90.79000091552734
2020-12-11,2770.06005859375,3663.4599609375,23.309999465942383,90.9800033569336
2020-12-12,2770.06005859375,3663.4599609375,23.309999465942383,90.9800033569336
2020-12-13,2770.06005859375,3663.4599609375,23.309999465942383,90.9800033569336
2020-12-14,2762.199951171875,3647.489990234375,24.719999313354492,90.70999908447266
2020-12-15,2756.820068359375,3694.6201171875,22.889999389648438,90.47000122070312
2020-12-16,2771.7900390625,3701.169921875,22.5,90.44999694824219
2020-12-17,2770.429931640625,3722.47998046875,21.93000030517578,89.81999969482422
2020-12-18,2772.179931640625,3709.409912109375,21.56999969482422,90.0199966430664
2020-12-19,2772.179931640625,3709.409912109375,21.56999969482422,90.0199966430664
2020-12-20,2772.179931640625,3709.409912109375,21.56999969482422,90.0199966430664
2020-12-21,2778.64990234375,3694.919921875,25.15999984741211,90.04000091552734
2020-12-22,2733.679931640625,3687.260009765625,24.229999542236328,90.6500015258789
2020-12-23,2759.820068359375,3690.010009765625,23.309999465942383,90.41000366210938
2020-12-24,2806.860107421875,3703.06005859375,21.530000686645508,90.33000183105469
2020-12-25,2806.860107421875,3703.06005859375,21.530000686645508,90.33000183105469
2020-12-26,2806.860107421875,3703.06005859375,21.530000686645508,90.33000183105469
2020-12-27,2806.860107421875,3703.06005859375,21.530000686645508,90.33000183105469
2020-12-28,2808.60009765625,3735.360107421875,21.700000762939453,90.33999633789062
2020-12-29,2820.510009765625,3727.0400390625,23.079999923706055,90.01000213623047
2020-12-30,2873.469970703125,3732.0400390625,22.770000457763672,89.62999725341797
2020-12-31,2873.469970703125,3756.070068359375,22.75,89.94000244140625
2021-01-01,2873.469970703125,3756.070068359375,22.75,89.94000244140625
2021-01-02,2873.469970703125,3756.070068359375,22.75,89.94000244140625
2021-01-03,2873.469970703125,3756.070068359375,22.75,89.94000244140625
2021-01-04,2944.449951171875,3700.64990234375,26.969999313354492,89.87999725341797
2021-01-05,2990.570068359375,3726.860107421875,25.34000015258789,89.44000244140625
2021-01-06,2968.2099609375,3748.139892578125,25.06999969482422,89.52999877929688
2021-01-07,3031.679931640625,3803.7900390625,22.3700008392334,89.83000183105469
2021-01-08,3152.179931640625,3824.679931640625,21.559999465942383,90.0999984741211
2021-01-09,3152.179931640625,3824.679931640625,21.559999465942383,90.0999984741211
2021-01-10,3152.179931640625,3824.679931640625,21.559999465942383,90.0999984741211
2021-01-11,3148.449951171875,3799.610107421875,24.079999923706055,90.54000091552734
2021-01-12,3125.949951171875,3801.18994140625,23.329999923706055,90.05000305175781
2021-01-13,3148.2900390625,3809.840087890625,22.209999084472656,90.31999969482422
2021-01-14,3149.929931640625,3795.5400390625,23.25,90.23999786376953
2021-01-15,3085.89990234375,3768.25,24.34000015258789,90.77999877929688
2021-01-16,3085.89990234375,3768.25,24.34000015258789,90.77999877929688
2021-01-17,3085.89990234375,3768.25,24.34000015258789,90.77999877929688
2021-01-18,3013.929931640625,3768.25,24.34000015258789,90.77999877929688
2021-01-19,3092.659912109375,3798.909912109375,23.239999771118164,90.5
2021-01-20,3114.550048828125,3851.85009765625,21.579999923706055,90.47000122070312
2021-01-21,3160.840087890625,3853.070068359375,21.31999969482422,90.12999725341797
2021-01-22,3140.6298828125,3841.469970703125,21.90999984741211,90.23999786376953
2021-01-23,3140.6298828125,3841.469970703125,21.90999984741211,90.23999786376953
2021-01-24,3140.6298828125,3841.469970703125,21.90999984741211,90.23999786376953
2021-01-25,3208.989990234375,3855.360107421875,23.190000534057617,90.38999938964844
2021-01-26,3140.31005859375,3849.6201171875,23.020000457763672,90.16999816894531
2021-01-27,3122.56005859375,3750.77001953125,37.209999084472656,90.6500015258789
2021-01-28,3069.050048828125,3787.3798828125,30.209999084472656,90.45999908447266
2021-01-29,2976.2099609375,3714.239990234375,33.09000015258789,90.58000183105469
2021-01-30,2976.2099609375,3714.239990234375,33.09000015258789,90.58000183105469
2021-01-31,2976.2099609375,3714.239990234375,33.09000015258789,90.58000183105469
2021-02-01,3056.530029296875,3773.860107421875,30.239999771118164,91.0199966430664
2021-02-02,3096.81005859375,3826.31005859375,25.559999465942383,91.19999694824219
2021-02-03,3129.679931640625,3830.169921875,22.90999984741211,91.12000274658203
2021-02-04,3087.550048828125,3871.739990234375,21.770000457763672,91.52999877929688
2021-02-05,3120.6298828125,3886.830078125,20.8700008392334,91.04000091552734
2021-02-06,3120.6298828125,3886.830078125,20.8700008392334,91.04000091552734
2021-02-07,3120.6298828125,3886.830078125,20.8700008392334,91.04000091552734
2021-02-08,3091.239990234375,3915.590087890625,21.239999771118164,90.93000030517578
2021-02-09,3084.669921875,3911.22998046875,21.6299991607666,90.44000244140625
2021-02-10,3100.580078125,3909.8798828125,21.989999771118164,90.37000274658203
2021-02-11,3100.580078125,3916.3798828125,21.25,90.41999816894531
2021-02-12,3100.580078125,3934.830078125,19.969999313354492,90.4800033569336
2021-02-13,3100.580078125,3934.830078125,19.969999313354492,90.4800033569336
2021-02-14,3100.580078125,3934.830078125,19.969999313354492,90.4800033569336
2021-02-15,3147.0,3934.830078125,19.969999313354492,90.4800033569336
2021-02-16,3163.25,3932.590087890625,21.459999084472656,90.51000213623047
2021-02-17,3133.72998046875,3931.330078125,21.5,90.94999694824219
2021-02-18,3086.659912109375,3913.969970703125,22.489999771118164,90.58999633789062
2021-02-19,3107.6201171875,3906.7099609375,22.049999237060547,90.36000061035156
2021-02-20,3107.6201171875,3906.7099609375,22.049999237060547,90.36000061035156
2021-02-21,3107.6201171875,3906.7099609375,22.049999237060547,90.36000061035156
2021-02-22,3079.75,3876.5,23.450000762939453,90.01000213623047
2021-02-23,3070.090087890625,3881.3701171875,23.110000610351562,90.16999816894531
2021-02-24,2994.97998046875,3925.429931640625,21.34000015258789,90.18000030517578
2021-02-25,3099.68994140625,3829.340087890625,28.889999389648438,90.12999725341797
2021-02-26,3012.949951171875,3811.14990234375,27.950000762939453,90.93000030517578
2021-02-27,3012.949951171875,3811.14990234375,27.950000762939453,90.93000030517578
2021-02-28,3012.949951171875,3811.14990234375,27.950000762939453,90.93000030517578
2021-03-01,3012.949951171875,3901.820068359375,23.350000381469727,91.04000091552734
2021-03-02,3043.8701171875,3870.2900390625,24.100000381469727,90.79000091552734
2021-03-03,3082.989990234375,3819.719970703125,26.670000076293945,90.94999694824219
2021-03-04,3043.489990234375,3768.469970703125,28.56999969482422,91.62999725341797
2021-03-05,3026.260009765625,3841.93994140625,24.65999984741211,91.9800033569336
2021-03-06,3026.260009765625,3841.93994140625,24.65999984741211,91.9800033569336
2021-03-07,3026.260009765625,3841.93994140625,24.65999984741211,91.9800033569336
2021-03-08,2996.110107421875,3821.35009765625,25.469999313354492,92.30999755859375
2021-03-09,2976.1201171875,3875.43994140625,24.030000686645508,91.95999908447266
2021-03-10,2958.1201171875,3898.81005859375,22.559999465942383,91.79000091552734
2021-03-11,3013.699951171875,3939.340087890625,21.90999984741211,91.41999816894531
2021-03-12,3054.389892578125,3943.340087890625,20.690000534057617,91.68000030517578
2021-03-13,3054.389892578125,3943.340087890625,20.690000534057617,91.68000030517578
2021-03-14,3054.389892578125,3943.340087890625,20.690000534057617,91.68000030517578
2021-03-15,3045.7099609375,3968.93994140625,20.030000686645508,91.83000183105469
2021-03-16,3067.169921875,3962.7099609375,19.790000915527344,91.87000274658203
2021-03-17,3047.5,3974.1201171875,19.229999542236328,91.4000015258789
2021-03-18,3066.010009765625,3915.4599609375,21.579999923706055,91.8499984741211
2021-03-19,3039.530029296875,3913.10009765625,20.950000762939453,91.91999816894531
2021-03-20,3039.530029296875,3913.10009765625,20.950000762939453,91.91999816894531
2021-03-21,3039.530029296875,3913.10009765625,20.950000762939453,91.91999816894531
2021-03-22,3035.4599609375,3940.590087890625,18.8799991607666,91.80000305175781
2021-03-23,3004.739990234375,3910.52001953125,20.299999237060547,92.33999633789062
2021-03-24,2996.35009765625,3889.139892578125,21.200000762939453,92.52999877929688
2021-03-25,3008.330078125,3909.52001953125,19.809999465942383,92.87999725341797
2021-03-26,3041.010009765625,3974.5400390625,18.860000610351562,92.7699966430664
2021-03-27,3041.010009765625,3974.5400390625,18.860000610351562,92.7699966430664
2021-03-28,3041.010009765625,3974.5400390625,18.860000610351562,92.7699966430664
2021-03-29,3036.0400390625,3971.090087890625,20.739999771118164,92.94000244140625
2021-03-30,3070.0,3958.550048828125,19.610000610351562,93.30000305175781
2021-03-31,3061.419921875,3972.889892578125,19.399999618530273,93.2300033569336
2021-04-01,3087.39990234375,4019.8701171875,17.329999923706055,92.93000030517578
2021-04-02,3112.800048828125,4019.8701171875,17.329999923706055,92.93000030517578
2021-04-03,3112.800048828125,4019.8701171875,17.329999923706055,92.93000030517578
2021-04-04,3112.800048828125,4019.8701171875,17.329999923706055,92.93000030517578
2021-04-05,3120.830078125,4077.909912109375,17.90999984741211,92.5999984741211
2021-04-06,3127.080078125,4073.93994140625,18.1200008392334,92.33999633789062
2021-04-07,3137.409912109375,4079.949951171875,17.15999984741211,92.45999908447266
2021-04-08,3143.260009765625,4097.169921875,16.950000762939453,92.05999755859375
2021-04-09,3131.8798828125,4128.7998046875,16.690000534057617,92.16000366210938
2021-04-10,3131.8798828125,4128.7998046875,16.690000534057617,92.16000366210938
2021-04-11,3131.8798828125,4128.7998046875,16.690000534057617,92.16000366210938
2021-04-12,3135.590087890625,4127.990234375,16.90999984741211,92.13999938964844
2021-04-13,3169.080078125,4141.58984375,16.649999618530273,91.8499984741211
2021-04-14,3182.3798828125,4124.66015625,16.989999771118164,91.69000244140625
2021-04-15,3194.330078125,4170.419921875,16.56999969482422,91.66999816894531
2021-04-16,3198.6201171875,4185.47021484375,16.25,91.55999755859375
2021-04-17,3198.6201171875,4185.47021484375,16.25,91.55999755859375
2021-04-18,3198.6201171875,4185.47021484375,16.25,91.55999755859375
2021-04-19,3198.840087890625,4163.259765625,17.290000915527344,91.06999969482422
2021-04-20,3220.699951171875,4134.93994140625,18.68000030517578,91.23999786376953
2021-04-21,3171.659912109375,4173.419921875,17.5,91.16000366210938
2021-04-22,3177.52001953125,4134.97998046875,18.709999084472656,91.33000183105469
2021-04-23,3181.080078125,4180.169921875,17.329999923706055,90.86000061035156
2021-04-24,3181.080078125,4180.169921875,17.329999923706055,90.86000061035156
2021-04-25,3181.080078125,4180.169921875,17.329999923706055,90.86000061035156
2021-04-26,3217.530029296875,4187.6201171875,17.639999389648438,90.80999755859375
2021-04-27,3215.419921875,4186.72021484375,17.559999465942383,90.91000366210938
2021-04-28,3181.469970703125,4183.18017578125,17.280000686645508,90.61000061035156
2021-04-29,3174.070068359375,4211.47021484375,17.610000610351562,90.61000061035156
2021-04-30,3147.860107421875,4181.169921875,18.610000610351562,91.27999877929688
2021-05-01,3147.860107421875,4181.169921875,18.610000610351562,91.27999877929688
2021-05-02,3147.860107421875,4181.169921875,18.610000610351562,91.27999877929688
2021-05-03,3127.199951171875,4192.66015625,18.309999465942383,90.94999694824219
2021-05-04,3147.3701171875,4164.66015625,19.479999542236328,91.29000091552734
2021-05-05,3147.3701171875,4167.58984375,19.149999618530273,91.30999755859375
2021-05-06,3160.429931640625,4201.6201171875,18.389999389648438,90.94999694824219
2021-05-07,3197.199951171875,4232.60009765625,16.690000534057617,90.2300033569336
2021-05-08,3197.199951171875,4232.60009765625,16.690000534057617,90.2300033569336
2021-05-09,3197.199951171875,4232.60009765625,16.690000534057617,90.2300033569336
2021-05-10,3249.300048828125,4188.43017578125,19.65999984741211,90.20999908447266
2021-05-11,3209.429931640625,4152.10009765625,21.84000015258789,90.13999938964844
2021-05-12,3161.659912109375,4063.0400390625,27.59000015258789,90.70999908447266
2021-05-13,3122.110107421875,4112.5,23.1299991607666,90.75
2021-05-14,3153.320068359375,4173.85009765625,18.809999465942383,90.31999969482422
2021-05-15,3153.320068359375,4173.85009765625,18.809999465942383,90.31999969482422
2021-05-16,3153.320068359375,4173.85009765625,18.809999465942383,90.31999969482422
2021-05-17,3134.52001953125,4163.2900390625,19.719999313354492,90.22000122070312
2021-05-18,3173.050048828125,4127.830078125,21.34000015258789,89.75
2021-05-19,3173.050048828125,4115.68017578125,22.18000030517578,90.19000244140625
2021-05-20,3162.280029296875,4159.1201171875,20.670000076293945,89.80999755859375
2021-05-21,3156.419921875,4155.85986328125,20.149999618530273,90.0199966430664
2021-05-22,3156.419921875,4155.85986328125,20.149999618530273,90.0199966430664
2021-05-23,3156.419921875,4155.85986328125,20.149999618530273,90.0199966430664
2021-05-24,3144.300048828125,4197.0498046875,18.399999618530273,89.83000183105469
2021-05-25,3171.320068359375,4188.1298828125,18.84000015258789,89.63999938964844
2021-05-26,3168.429931640625,4195.990234375,17.360000610351562,90.04000091552734
2021-05-27,3165.510009765625,4200.8798828125,16.739999771118164,89.97000122070312
2021-05-28,3188.72998046875,4204.10986328125,16.760000228881836,90.02999877929688
2021-05-29,3188.72998046875,4204.10986328125,16.760000228881836,90.02999877929688
2021-05-30,3188.72998046875,4204.10986328125,16.760000228881836,90.02999877929688
2021-05-31,3203.919921875,4204.10986328125,16.760000228881836,90.02999877929688
2021-06-01,3221.8701171875,4202.0400390625,17.899999618530273,89.83000183105469
2021-06-02,3224.22998046875,4208.1201171875,17.479999542236328,89.9000015258789
2021-06-03,3247.429931640625,4192.85009765625,18.040000915527344,90.5
2021-06-04,3240.080078125,4229.89013671875,16.420000076293945,90.13999938964844
2021-06-05,3240.080078125,4229.89013671875,16.420000076293945,90.13999938964844
2021-06-06,3240.080078125,4229.89013671875,16.420000076293945,90.13999938964844
2021-06-07,3252.1201171875,4226.52001953125,16.420000076293945,89.94999694824219
2021-06-08,3247.830078125,4227.259765625,17.06999969482422,90.08000183105469
2021-06-09,3216.179931640625,4219.5498046875,17.889999389648438,90.12000274658203
2021-06-10,3224.639892578125,4239.18017578125,16.100000381469727,90.08000183105469
2021-06-11,3249.320068359375,4247.43994140625,15.649999618530273,90.55999755859375
2021-06-12,3249.320068359375,4247.43994140625,15.649999618530273,90.55999755859375
2021-06-13,3249.320068359375,4247.43994140625,15.649999618530273,90.55999755859375
2021-06-14,3252.1298828125,4255.14990234375,16.389999389648438,90.5199966430664
2021-06-15,3258.6298828125,4246.58984375,17.020000457763672,90.54000091552734
2021-06-16,3278.679931640625,4223.7001953125,18.149999618530273,91.12999725341797
2021-06-17,3264.9599609375,4221.85986328125,17.75,91.88999938964844
2021-06-18,3267.929931640625,4166.4501953125,20.700000762939453,92.2300033569336
2021-06-19,3267.929931640625,4166.4501953125,20.700000762939453,92.2300033569336
2021-06-20,3267.929931640625,4166.4501953125,20.700000762939453,92.2300033569336
2021-06-21,3240.7900390625,4224.7900390625,17.889999389648438,91.86000061035156
2021-06-22,3263.8798828125,4246.43994140625,16.65999984741211,91.7300033569336
2021-06-23,3276.18994140625,4241.83984375,16.31999969482422,91.80000305175781
2021-06-24,3286.10009765625,4266.490234375,15.970000267028809,91.81999969482422
2021-06-25,3302.840087890625,4280.7001953125,15.619999885559082,91.80999755859375
2021-06-26,3302.840087890625,4280.7001953125,15.619999885559082,91.80999755859375
2021-06-27,3302.840087890625,4280.7001953125,15.619999885559082,91.80999755859375
2021-06-28,3301.889892578125,4290.60986328125,15.760000228881836,91.87999725341797
2021-06-29,3286.679931640625,4291.7998046875,16.020000457763672,92.05000305175781
2021-06-30,3296.679931640625,4297.5,15.829999923706055,92.44000244140625
2021-07-01,3282.06005859375,4319.93994140625,15.479999542236328,92.5999984741211
2021-07-02,3281.780029296875,4352.33984375,15.069999694824219,92.2300033569336
2021-07-03,3281.780029296875,4352.33984375,15.069999694824219,92.2300033569336
2021-07-04,3281.780029296875,4352.33984375,15.069999694824219,92.2300033569336
2021-07-05,3293.2099609375,4352.33984375,15.069999694824219,92.2300033569336
2021-07-06,3305.2099609375,4343.5400390625,16.440000534057617,92.55000305175781
2021-07-07,3285.340087890625,4358.1298828125,16.200000762939453,92.63999938964844
2021-07-08,3252.679931640625,4320.81982421875,19.0,92.36000061035156
2021-07-09,3217.949951171875,4369.5498046875,16.18000030517578,92.12999725341797
2021-07-10,3217.949951171875,4369.5498046875,16.18000030517578,92.12999725341797
2021-07-11,3217.949951171875,4369.5498046875,16.18000030517578,92.12999725341797
2021-07-12,3246.469970703125,4384.6298828125,16.170000076293945,92.2300033569336
2021-07-13,3271.3798828125,4369.2099609375,17.1200008392334,92.75
2021-07-14,3264.81005859375,4374.2998046875,16.329999923706055,92.41000366210938
2021-07-15,3286.219970703125,4360.02978515625,17.010000228881836,92.62000274658203
2021-07-16,3276.909912109375,4327.16015625,18.450000762939453,92.69000244140625
2021-07-17,3276.909912109375,4327.16015625,18.450000762939453,92.69000244140625
2021-07-18,3276.909912109375,4327.16015625,18.450000762939453,92.69000244140625
2021-07-19,3244.0400390625,4258.490234375,22.5,92.88999938964844
2021-07-20,3232.699951171875,4323.06005859375,19.729999542236328,92.97000122070312
2021-07-21,3215.909912109375,4358.68994140625,17.90999984741211,92.75
2021-07-22,3250.2099609375,4367.47998046875,17.690000534057617,92.81999969482422
2021-07-23,3254.419921875,4411.7900390625,17.200000762939453,92.91000366210938
2021-07-24,3254.419921875,4411.7900390625,17.200000762939453,92.91000366210938
2021-07-25,3254.419921875,4411.7900390625,17.200000762939453,92.91000366210938
2021-07-26,3224.949951171875,4422.2998046875,17.579999923706055,92.6500015258789
2021-07-27,3232.530029296875,4401.4599609375,19.360000610351562,92.43000030517578
2021-07-28,3236.860107421875,4400.64013671875,18.309999465942383,92.31999969482422
2021-07-29,3242.64990234375,4419.14990234375,17.700000762939453,91.86000061035156
2021-07-30,3202.320068359375,4395.259765625,18.239999771118164,92.16999816894531
2021-07-31,3202.320068359375,4395.259765625,18.239999771118164,92.16999816894531
2021-08-01,3202.320068359375,4395.259765625,18.239999771118164,92.16999816894531
2021-08-02,3223.0400390625,4387.16015625,19.459999084472656,92.05000305175781
2021-08-03,3237.139892578125,4423.14990234375,18.040000915527344,92.08000183105469
2021-08-04,3280.3798828125,4402.66015625,17.969999313354492,92.2699966430664
2021-08-05,3276.1298828125,4429.10009765625,17.280000686645508,92.23999786376953
2021-08-06,3270.360107421875,4436.52001953125,16.149999618530273,92.80000305175781
2021-08-07,3270.360107421875,4436.52001953125,16.149999618530273,92.80000305175781
2021-08-08,3270.360107421875,4436.52001953125,16.149999618530273,92.80000305175781
2021-08-09,3260.419921875,4432.35009765625,16.719999313354492,92.94999694824219
2021-08-10,3243.18994140625,4436.75,16.790000915527344,93.05999755859375
2021-08-11,3220.6201171875,4442.41015625,16.170000076293945,92.91000366210938
2021-08-12,3208.3798828125,4460.830078125,15.59000015258789,93.04000091552734
2021-08-13,3171.2900390625,4468.0,15.449999809265137,92.5199966430664
2021-08-14,3171.2900390625,4468.0,15.449999809265137,92.5199966430664
2021-08-15,3171.2900390625,4468.0,15.449999809265137,92.5199966430664
2021-08-16,3171.2900390625,4479.7099609375,16.1200008392334,92.62999725341797
2021-08-17,3143.090087890625,4448.080078125,17.90999984741211,93.12999725341797
2021-08-18,3158.929931640625,4400.27001953125,21.56999969482422,93.13999938964844
2021-08-19,3097.830078125,4405.7998046875,21.670000076293945,93.56999969482422
2021-08-20,3060.510009765625,4441.669921875,18.559999465942383,93.5
2021-08-21,3060.510009765625,4441.669921875,18.559999465942383,93.5
2021-08-22,3060.510009765625,4441.669921875,18.559999465942383,93.5
2021-08-23,3090.2099609375,4479.52978515625,17.149999618530273,92.95999908447266
2021-08-24,3138.300048828125,4486.22998046875,17.219999313354492,92.88999938964844
2021-08-25,3146.81005859375,4496.18994140625,16.790000915527344,92.83000183105469
2021-08-26,3128.530029296875,4470.0,18.84000015258789,93.05999755859375
2021-08-27,3133.89990234375,4509.3701171875,16.389999389648438,92.69000244140625
2021-08-28,3133.89990234375,4509.3701171875,16.389999389648438,92.69000244140625
2021-08-29,3133.89990234375,4509.3701171875,16.389999389648438,92.69000244140625
2021-08-30,3144.18994140625,4528.7900390625,16.190000534057617,92.6500015258789
2021-08-31,3199.27001953125,4522.68017578125,16.479999542236328,92.62999725341797
2021-09-01,3207.02001953125,4524.08984375,16.110000610351562,92.44999694824219
2021-09-02,3175.85009765625,4536.9501953125,16.40999984741211,92.2300033569336
2021-09-03,3201.06005859375,4535.43017578125,16.40999984741211,92.04000091552734
2021-09-04,3201.06005859375,4535.43017578125,16.40999984741211,92.04000091552734
2021-09-05,3201.06005859375,4535.43017578125,16.40999984741211,92.04000091552734
2021-09-06,3203.330078125,4535.43017578125,16.40999984741211,92.04000091552734
2021-09-07,3187.419921875,4520.02978515625,18.139999389648438,92.5199966430664
2021-09-08,3162.989990234375,4514.06982421875,17.959999084472656,92.6500015258789
2021-09-09,3114.699951171875,4493.27978515625,18.799999237060547,92.4800033569336
2021-09-10,3125.760009765625,4458.580078125,20.950000762939453,92.58000183105469
2021-09-11,3125.760009765625,4458.580078125,20.950000762939453,92.58000183105469
2021-09-12,3125.760009765625,4458.580078125,20.950000762939453,92.58000183105469
2021-09-13,3127.860107421875,4468.72998046875,19.3700008392334,92.62000274658203
2021-09-14,3148.830078125,4443.0498046875,19.459999084472656,92.6500015258789
2021-09-15,3153.39990234375,4480.7001953125,18.18000030517578,92.48999786376953
2021-09-16,3130.090087890625,4473.75,18.690000534057617,92.86000061035156
2021-09-17,3140.510009765625,4432.990234375,20.809999465942383,93.19999694824219
2021-09-18,3140.510009765625,4432.990234375,20.809999465942383,93.19999694824219
2021-09-19,3140.510009765625,4432.990234375,20.809999465942383,93.19999694824219
2021-09-20,3140.510009765625,4357.72998046875,25.709999084472656,93.23999786376953
2021-09-21,3140.510009765625,4354.18994140625,24.360000610351562,93.19999694824219
2021-09-22,3140.510009765625,4395.64013671875,20.8700008392334,93.45999908447266
2021-09-23,3127.580078125,4448.97998046875,18.6299991607666,93.0999984741211
2021-09-24,3125.239990234375,4455.47998046875,17.75,93.33000183105469
2021-09-25,3125.239990234375,4455.47998046875,17.75,93.33000183105469
2021-09-26,3125.239990234375,4455.47998046875,17.75,93.33000183105469
2021-09-27,3133.639892578125,4443.10986328125,18.760000228881836,93.37999725341797
2021-09-28,3097.919921875,4352.6298828125,23.25,93.7699966430664
2021-09-29,3060.27001953125,4359.4599609375,22.559999465942383,94.33999633789062
2021-09-30,3068.820068359375,4307.5400390625,23.139999389648438,94.25
2021-10-01,3019.179931640625,4357.0400390625,21.100000381469727,94.04000091552734
2021-10-02,3019.179931640625,4357.0400390625,21.100000381469727,94.04000091552734
2021-10-03,3019.179931640625,4357.0400390625,21.100000381469727,94.04000091552734
2021-10-04,3019.179931640625,4300.4599609375,22.959999084472656,93.80999755859375
2021-10-05,2962.169921875,4345.72021484375,21.299999237060547,93.9800033569336
2021-10-06,2908.31005859375,4363.5498046875,21.0,94.2699966430664
2021-10-07,2959.4599609375,4399.759765625,19.540000915527344,94.22000122070312
2021-10-08,2956.300048828125,4391.33984375,18.770000457763672,94.06999969482422
2021-10-09,2956.300048828125,4391.33984375,18.770000457763672,94.06999969482422
2021-10-10,2956.300048828125,4391.33984375,18.770000457763672,94.06999969482422
2021-10-11,2956.300048828125,4361.18994140625,20.0,94.31999969482422
2021-10-12,2916.3798828125,4350.64990234375,19.850000381469727,94.5199966430664
2021-10-13,2944.409912109375,4363.7998046875,18.639999389648438,94.08000183105469
2021-10-14,2988.639892578125,4438.259765625,16.860000610351562,93.95999908447266
2021-10-15,3015.06005859375,4471.3701171875,16.299999237060547,93.94000244140625
2021-10-16,3015.06005859375,4471.3701171875,16.299999237060547,93.94000244140625
2021-10-17,3015.06005859375,4471.3701171875,16.299999237060547,93.94000244140625
2021-10-18,3006.679931640625,4486.4599609375,16.309999465942383,93.94999694824219
2021-10-19,3029.0400390625,4519.6298828125,15.699999809265137,93.79000091552734
2021-10-20,3013.1298828125,4536.18994140625,15.489999771118164,93.55999755859375
2021-10-21,3007.330078125,4549.77978515625,15.010000228881836,93.7699966430664
2021-10-22,3006.159912109375,4544.89990234375,15.430000305175781,93.61000061035156
2021-10-23,3006.159912109375,4544.89990234375,15.430000305175781,93.61000061035156
2021-10-24,3006.159912109375,4544.89990234375,15.430000305175781,93.61000061035156
2021-10-25,3020.5400390625,4566.47998046875,15.239999771118164,93.80999755859375
2021-10-26,3049.080078125,4574.7900390625,15.979999542236328,93.94999694824219
2021-10-27,3025.489990234375,4551.68017578125,16.979999542236328,93.86000061035156
2021-10-28,3009.550048828125,4596.419921875,16.530000686645508,93.3499984741211
2021-10-29,2970.679931640625,4605.3798828125,16.260000228881836,94.12000274658203
2021-10-30,2970.679931640625,4605.3798828125,16.260000228881836,94.12000274658203
2021-10-31,2970.679931640625,4605.3798828125,16.260000228881836,94.12000274658203
2021-11-01,2978.93994140625,4613.669921875,16.40999984741211,93.87999725341797
2021-11-02,3013.489990234375,4630.64990234375,16.030000686645508,94.08999633789062
2021-11-03,2975.7099609375,4660.56982421875,15.100000381469727,93.86000061035156
2021-11-04,2983.219970703125,4680.06005859375,15.4399995803833,94.3499984741211
2021-11-05,2969.27001953125,4697.52978515625,16.479999542236328,94.31999969482422
2021-11-06,2969.27001953125,4697.52978515625,16.479999542236328,94.31999969482422
2021-11-07,2969.27001953125,4697.52978515625,16.479999542236328,94.31999969482422
2021-11-08,2960.199951171875,4701.7001953125,17.219999313354492,94.05000305175781
2021-11-09,2962.4599609375,4685.25,17.780000686645508,93.95999908447266
2021-11-10,2930.169921875,4646.7099609375,18.729999542236328,94.8499984741211
2021-11-11,2924.919921875,4649.27001953125,17.65999984741211,95.18000030517578
2021-11-12,2968.800048828125,4682.85009765625,16.290000915527344,95.12999725341797
2021-11-13,2968.800048828125,4682.85009765625,16.290000915527344,95.12999725341797
2021-11-14,2968.800048828125,4682.85009765625,16.290000915527344,95.12999725341797
2021-11-15,2999.52001953125,4682.7998046875,16.489999771118164,95.41000366210938
2021-11-16,2997.2099609375,4700.89990234375,16.3700008392334,95.91999816894531
2021-11-17,2962.419921875,4688.669921875,17.110000610351562,95.83000183105469
2021-11-18,2947.3798828125,4704.5400390625,17.59000015258789,95.54000091552734
2021-11-19,2971.02001953125,4697.9599609375,17.90999984741211,96.06999969482422
2021-11-20,2971.02001953125,4697.9599609375,17.90999984741211,96.06999969482422
2021-11-21,2971.02001953125,4697.9599609375,17.90999984741211,96.06999969482422
2021-11-22,3013.25,4682.93994140625,19.170000076293945,96.5
2021-11-23,2997.330078125,4690.7001953125,19.3799991607666,96.48999786376953
2021-11-24,2994.2900390625,4701.4599609375,18.579999923706055,96.83999633789062
2021-11-25,2980.27001953125,4701.4599609375,18.579999923706055,96.83999633789062
2021-11-26,2936.43994140625,4594.6201171875,28.6200008392334,96.08999633789062
2021-11-27,2936.43994140625,4594.6201171875,28.6200008392334,96.08999633789062
2021-11-28,2936.43994140625,4594.6201171875,28.6200008392334,96.08999633789062
2021-11-29,2909.320068359375,4655.27001953125,22.959999084472656,96.33999633789062
2021-11-30,2839.010009765625,4567.0,27.190000534057617,95.98999786376953
2021-12-01,2899.719970703125,4513.0400390625,31.1200008392334,96.05000305175781
2021-12-02,2945.27001953125,4577.10009765625,27.950000762939453,96.12999725341797
2021-12-03,2968.330078125,4538.43017578125,30.670000076293945,96.12000274658203
2021-12-04,2968.330078125,4538.43017578125,30.670000076293945,96.12000274658203
2021-12-05,2968.330078125,4538.43017578125,30.670000076293945,96.12000274658203
2021-12-06,2973.25,4591.669921875,27.18000030517578,96.29000091552734
2021-12-07,2991.719970703125,4686.75,21.889999389648438,96.37000274658203
2021-12-08,3001.800048828125,4701.2099609375,19.899999618530273,95.88999938964844
2021-12-09,3029.570068359375,4667.4501953125,21.579999923706055,96.2699966430664
2021-12-10,3010.22998046875,4712.02001953125,18.690000534057617,96.05000305175781
2021-12-11,3010.22998046875,4712.02001953125,18.690000534057617,96.05000305175781
2021-12-12,3010.22998046875,4712.02001953125,18.690000534057617,96.05000305175781
2021-12-13,3001.659912109375,4668.97021484375,20.309999465942383,96.31999969482422
2021-12-14,2987.949951171875,4634.08984375,21.889999389648438,96.56999969482422
2021-12-15,2989.389892578125,4709.85009765625,19.290000915527344,96.51000213623047
2021-12-16,3006.409912109375,4668.669921875,20.56999969482422,96.04000091552734
2021-12-17,3017.72998046875,4620.64013671875,21.56999969482422,96.56999969482422
2021-12-18,3017.72998046875,4620.64013671875,21.56999969482422,96.56999969482422
2021-12-19,3017.72998046875,4620.64013671875,21.56999969482422,96.56999969482422
2021-12-20,2963.0,4568.02001953125,22.8700008392334,96.55000305175781
2021-12-21,2975.030029296875,4649.22998046875,21.010000228881836,96.48999786376953
2021-12-22,2984.47998046875,4696.56005859375,18.6299991607666,96.08000183105469
2021-12-23,2998.169921875,4725.7900390625,17.959999084472656,96.0199966430664
2021-12-24,3012.429931640625,4725.7900390625,17.959999084472656,96.0199966430664
2021-12-25,3012.429931640625,4725.7900390625,17.959999084472656,96.0199966430664
2021-12-26,3012.429931640625,4725.7900390625,17.959999084472656,96.0199966430664
2021-12-27,2999.550048828125,4791.18994140625,17.68000030517578,96.08999633789062
2021-12-28,3020.239990234375,4786.35009765625,17.540000915527344,96.19999694824219
2021-12-29,2993.2900390625,4793.06005859375,16.950000762939453,95.93000030517578
2021-12-30,2977.64990234375,4778.72998046875,17.329999923706055,95.97000122070312
2021-12-31,2977.64990234375,4766.18017578125,17.219999313354492,95.66999816894531
2022-01-01,2977.64990234375,4766.18017578125,17.219999313354492,95.66999816894531
2022-01-02,2977.64990234375,4766.18017578125,17.219999313354492,95.66999816894531
2022-01-03,2977.64990234375,4796.56005859375,16.600000381469727,96.23999786376953
2022-01-04,2989.239990234375,4793.5400390625,16.90999984741211,96.29000091552734
2022-01-05,2953.969970703125,4700.580078125,19.729999542236328,96.19000244140625
2022-01-06,2920.530029296875,4696.0498046875,19.610000610351562,96.25
2022-01-07,2954.889892578125,4677.02978515625,18.760000228881836,95.73999786376953
2022-01-08,2954.889892578125,4677.02978515625,18.760000228881836,95.73999786376953
2022-01-09,2954.889892578125,4677.02978515625,18.760000228881836,95.73999786376953
2022-01-10,2926.719970703125,4670.2900390625,19.399999618530273,95.98999786376953
2022-01-11,2927.3798828125,4713.06982421875,18.40999984741211,95.62000274658203
2022-01-12,2972.47998046875,4726.35009765625,17.6200008392334,95.0
2022-01-13,2962.090087890625,4659.02978515625,20.309999465942383,94.79000091552734
2022-01-14,2921.919921875,4662.85009765625,19.190000534057617,95.16999816894531
2022-01-15,2921.919921875,4662.85009765625,19.190000534057617,95.16999816894531
2022-01-16,2921.919921875,4662.85009765625,19.190000534057617,95.16999816894531
2022-01-17,2890.10009765625,4662.85009765625,19.190000534057617,95.16999816894531
2022-01-18,2864.239990234375,4577.10986328125,22.790000915527344,95.7300033569336
2022-01-19,2842.280029296875,4532.759765625,23.850000381469727,95.51000213623047
2022-01-20,2862.679931640625,4482.72998046875,25.59000015258789,95.73999786376953
2022-01-21,2834.2900390625,4397.93994140625,28.850000381469727,95.63999938964844
2022-01-22,2834.2900390625,4397.93994140625,28.850000381469727,95.63999938964844
2022-01-23,2834.2900390625,4397.93994140625,28.850000381469727,95.63999938964844
2022-01-24,2792.0,4410.1298828125,29.899999618530273,95.91999816894531
2022-01-25,2720.389892578125,4356.4501953125,31.15999984741211,95.94999694824219
2022-01-26,2709.239990234375,4349.93017578125,31.959999084472656,96.48999786376953
2022-01-27,2614.489990234375,4326.509765625,30.489999771118164,97.26000213623047
2022-01-28,2663.340087890625,4431.85009765625,27.65999984741211,97.2699966430664
2022-01-29,2663.340087890625,4431.85009765625,27.65999984741211,97.2699966430664
2022-01-30,2663.340087890625,4431.85009765625,27.65999984741211,97.2699966430664
2022-01-31,2663.340087890625,4515.5498046875,24.829999923706055,96.54000091552734
2022-02-01,2663.340087890625,4546.5400390625,21.959999084472656,96.38999938964844
2022-02-02,2663.340087890625,4589.3798828125,22.09000015258789,95.94000244140625
2022-02-03,2707.820068359375,4477.43994140625,24.350000381469727,95.37999725341797
2022-02-04,2750.260009765625,4500.52978515625,23.219999313354492,95.4800033569336
2022-02-05,2750.260009765625,4500.52978515625,23.219999313354492,95.4800033569336
2022-02-06,2750.260009765625,4500.52978515625,23.219999313354492,95.4800033569336
2022-02-07,2745.06005859375,4483.8701171875,22.860000610351562,95.4000015258789
2022-02-08,2746.469970703125,4521.5400390625,21.440000534057617,95.63999938964844
2022-02-09,2768.85009765625,4587.18017578125,19.959999084472656,95.48999786376953
2022-02-10,2771.929931640625,4504.080078125,23.90999984741211,95.55000305175781
2022-02-11,2747.7099609375,4418.64013671875,27.360000610351562,96.08000183105469
2022-02-12,2747.7099609375,4418.64013671875,27.360000610351562,96.08000183105469
2022-02-13,2747.7099609375,4418.64013671875,27.360000610351562,96.08000183105469
2022-02-14,2704.47998046875,4401.669921875,28.329999923706055,96.37000274658203
2022-02-15,2676.5400390625,4471.06982421875,25.700000762939453,95.98999786376953
2022-02-16,2729.679931640625,4475.009765625,24.290000915527344,95.69999694824219
2022-02-17,2744.090087890625,4380.259765625,28.110000610351562,95.80000305175781
2022-02-18,2744.52001953125,4348.8701171875,27.75,96.04000091552734
2022-02-19,2744.52001953125,4348.8701171875,27.75,96.04000091552734
2022-02-20,2744.52001953125,4348.8701171875,27.75,96.04000091552734
2022-02-21,2743.800048828125,4348.8701171875,27.75,96.04000091552734
2022-02-22,2706.7900390625,4304.759765625,28.809999465942383,96.02999877929688
2022-02-23,2719.530029296875,4225.5,31.020000457763672,96.19000244140625
2022-02-24,2648.800048828125,4288.7001953125,30.31999969482422,97.13999938964844
2022-02-25,2676.760009765625,4384.64990234375,27.59000015258789,96.62000274658203
2022-02-26,2676.760009765625,4384.64990234375,27.59000015258789,96.62000274658203
2022-02-27,2676.760009765625,4384.64990234375,27.59000015258789,96.62000274658203
2022-02-28,2699.179931640625,4373.93994140625,30.149999618530273,96.70999908447266
2022-03-01,2699.179931640625,4306.259765625,33.31999969482422,97.41000366210938
2022-03-02,2703.52001953125,4386.5400390625,30.739999771118164,97.38999938964844
2022-03-03,2747.080078125,4363.490234375,30.479999542236328,97.79000091552734
2022-03-04,2713.429931640625,4328.8701171875,31.979999542236328,98.6500015258789
2022-03-05,2713.429931640625,4328.8701171875,31.979999542236328,98.6500015258789
2022-03-06,2713.429931640625,4328.8701171875,31.979999542236328,98.6500015258789
2022-03-07,2651.31005859375,4201.08984375,36.45000076293945,99.29000091552734
2022-03-08,2622.39990234375,4170.7001953125,35.130001068115234,99.05999755859375
2022-03-09,2622.39990234375,4277.8798828125,32.45000076293945,97.97000122070312
2022-03-10,2680.320068359375,4259.52001953125,30.229999542236328,98.51000213623047
2022-03-11,2661.280029296875,4204.31005859375,30.75,99.12000274658203
2022-03-12,2661.280029296875,4204.31005859375,30.75,99.12000274658203
2022-03-13,2661.280029296875,4204.31005859375,30.75,99.12000274658203
2022-03-14,2645.64990234375,4173.10986328125,31.770000457763672,99.05999755859375
2022-03-15,2621.530029296875,4262.4501953125,29.829999923706055,99.06999969482422
2022-03-16,2659.22998046875,4357.85986328125,26.670000076293945,98.37999725341797
2022-03-17,2694.510009765625,4411.669921875,25.670000076293945,98.01000213623047
2022-03-18,2707.02001953125,4463.1201171875,23.8700008392334,98.2300033569336
2022-03-19,2707.02001953125,4463.1201171875,23.8700008392334,98.2300033569336
2022-03-20,2707.02001953125,4463.1201171875,23.8700008392334,98.2300033569336
2022-03-21,2686.050048828125,4461.18017578125,23.530000686645508,98.5
2022-03-22,2710.0,4511.60986328125,22.940000534057617,98.48999786376953
2022-03-23,2735.050048828125,4456.240234375,23.56999969482422,98.62000274658203
2022-03-24,2729.659912109375,4520.16015625,21.670000076293945,98.79000091552734
2022-03-25,2729.97998046875,4543.06005859375,20.809999465942383,98.80999755859375
2022-03-26,2729.97998046875,4543.06005859375,20.809999465942383,98.80999755859375
2022-03-27,2729.97998046875,4543.06005859375,20.809999465942383,98.80999755859375
2022-03-28,2729.56005859375,4575.52001953125,19.6299991607666,99.08999633789062
2022-03-29,2741.070068359375,4631.60009765625,18.899999618530273,98.4000015258789
2022-03-30,2746.739990234375,4602.4501953125,19.329999923706055,97.79000091552734
2022-03-31,2757.64990234375,4530.41015625,20.559999465942383,98.30999755859375
2022-04-01,2739.85009765625,4545.85986328125,19.6299991607666,98.62999725341797
2022-04-02,2739.85009765625,4545.85986328125,19.6299991607666,98.62999725341797
2022-04-03,2739.85009765625,4545.85986328125,19.6299991607666,98.62999725341797
2022-04-04,2757.89990234375,4582.64013671875,18.56999969482422,98.98999786376953
2022-04-05,2759.199951171875,4525.1201171875,21.030000686645508,99.47000122070312
2022-04-06,2735.030029296875,4481.14990234375,22.100000381469727,99.5999984741211
2022-04-07,2695.860107421875,4500.2099609375,21.549999237060547,99.75
2022-04-08,2700.389892578125,4488.27978515625,21.15999984741211,99.80000305175781
2022-04-09,2700.389892578125,4488.27978515625,21.15999984741211,99.80000305175781
2022-04-10,2700.389892578125,4488.27978515625,21.15999984741211,99.80000305175781
2022-04-11,2693.10009765625,4412.52978515625,24.3700008392334,99.93000030517578
2022-04-12,2666.760009765625,4397.4501953125,24.260000228881836,100.29000091552734
2022-04-13,2716.489990234375,4446.58984375,21.81999969482422,99.87999725341797
2022-04-14,2716.7099609375,4392.58984375,22.700000762939453,100.31999969482422
2022-04-15,2696.06005859375,4392.58984375,22.700000762939453,100.31999969482422
2022-04-16,2696.06005859375,4392.58984375,22.700000762939453,100.31999969482422
2022-04-17,2696.06005859375,4392.58984375,22.700000762939453,100.31999969482422
2022-04-18,2693.2099609375,4391.68994140625,22.170000076293945,100.77999877929688
2022-04-19,2718.889892578125,4462.2099609375,21.3700008392334,100.95999908447266
2022-04-20,2718.68994140625,4459.4501953125,20.31999969482422,100.38999938964844
2022-04-21,2728.2099609375,4393.66015625,22.68000030517578,100.58000183105469
2022-04-22,2704.7099609375,4271.77978515625,28.209999084472656,101.22000122070312
2022-04-23,2704.7099609375,4271.77978515625,28.209999084472656,101.22000122070312
2022-04-24,2704.7099609375,4271.77978515625,28.209999084472656,101.22000122070312
2022-04-25,2657.1298828125,4296.1201171875,27.020000457763672,101.75
2022-04-26,2668.31005859375,4175.2001953125,33.52000045776367,102.30000305175781
2022-04-27,2639.06005859375,4183.9599609375,31.600000381469727,102.94999694824219
2022-04-28,2667.489990234375,4287.5,29.989999771118164,103.62000274658203
2022-04-29,2695.050048828125,4131.93017578125,33.400001525878906,102.95999908447266
2022-04-30,2695.050048828125,4131.93017578125,33.400001525878906,102.95999908447266
2022-05-01,2695.050048828125,4131.93017578125,33.400001525878906,102.95999908447266
2022-05-02,2687.449951171875,4155.3798828125,32.34000015258789,103.73999786376953
2022-05-03,2680.4599609375,4175.47998046875,29.25,103.47000122070312
2022-05-04,2677.570068359375,4300.169921875,25.420000076293945,102.58999633789062
2022-05-05,2677.570068359375,4146.8701171875,31.200000762939453,103.75
2022-05-06,2644.510009765625,4123.33984375,30.190000534057617,103.66000366210938
2022-05-07,2644.510009765625,4123.33984375,30.190000534057617,103.66000366210938
2022-05-08,2644.510009765625,4123.33984375,30.190000534057617,103.66000366210938
2022-05-09,2644.510009765625,3991.239990234375,34.75,103.6500015258789
2022-05-10,2596.56005859375,4001.050048828125,32.9900016784668,103.91999816894531
2022-05-11,2592.27001953125,3935.179931640625,32.560001373291016,103.8499984741211
2022-05-12,2550.080078125,3930.080078125,31.770000457763672,104.8499984741211
2022-05-13,2604.239990234375,4023.889892578125,28.8700008392334,104.55999755859375
2022-05-14,2604.239990234375,4023.889892578125,28.8700008392334,104.55999755859375
2022-05-15,2604.239990234375,4023.889892578125,28.8700008392334,104.55999755859375
2022-05-16,2596.580078125,4008.010009765625,27.469999313354492,104.19000244140625
2022-05-17,2620.43994140625,4088.85009765625,26.100000381469727,103.36000061035156
2022-05-18,2625.97998046875,3923.679931640625,30.959999084472656,103.80999755859375
2022-05-19,2592.340087890625,3900.7900390625,29.350000381469727,102.72000122070312
2022-05-20,2639.2900390625,3901.360107421875,29.43000030517578,103.1500015258789
2022-05-21,2639.2900390625,3901.360107421875,29.43000030517578,103.1500015258789
2022-05-22,2639.2900390625,3901.360107421875,29.43000030517578,103.1500015258789
2022-05-23,2647.3798828125,3973.75,28.479999542236328,102.08000183105469
2022-05-24,2605.8701171875,3941.47998046875,29.450000762939453,101.86000061035156
2022-05-25,2617.219970703125,3978.72998046875,28.3700008392334,102.05999755859375
2022-05-26,2612.449951171875,4057.840087890625,27.5,101.83000183105469
2022-05-27,2638.050048828125,4158.240234375,25.719999313354492,101.66999816894531
2022-05-28,2638.050048828125,4158.240234375,25.719999313354492,101.66999816894531
2022-05-29,2638.050048828125,4158.240234375,25.719999313354492,101.66999816894531
2022-05-30,2669.659912109375,4158.240234375,25.719999313354492,101.66999816894531
2022-05-31,2685.89990234375,4132.14990234375,26.190000534057617,101.75
2022-06-01,2685.89990234375,4101.22998046875,25.690000534057617,102.55000305175781
2022-06-02,2658.989990234375,4176.81982421875,24.719999313354492,101.7699966430664
2022-06-03,2670.64990234375,4108.5400390625,24.790000915527344,102.13999938964844
2022-06-04,2670.64990234375,4108.5400390625,24.790000915527344,102.13999938964844
2022-06-05,2670.64990234375,4108.5400390625,24.790000915527344,102.13999938964844
2022-06-06,2670.64990234375,4121.43017578125,25.06999969482422,102.44000244140625
2022-06-07,2626.340087890625,4160.68017578125,24.020000457763672,102.31999969482422
2022-06-08,2626.14990234375,4115.77001953125,23.959999084472656,102.54000091552734
2022-06-09,2625.43994140625,4017.820068359375,26.09000015258789,103.22000122070312
2022-06-10,2595.8701171875,3900.860107421875,27.75,104.1500015258789
2022-06-11,2595.8701171875,3900.860107421875,27.75,104.1500015258789
2022-06-12,2595.8701171875,3900.860107421875,27.75,104.1500015258789
2022-06-13,2504.510009765625,3749.6298828125,34.02000045776367,105.08000183105469
2022-06-14,2492.969970703125,3735.47998046875,32.689998626708984,105.5199966430664
2022-06-15,2447.3798828125,3789.989990234375,29.6200008392334,105.16000366210938
2022-06-16,2451.409912109375,3666.77001953125,32.95000076293945,103.62999725341797
2022-06-17,2440.929931640625,3674.840087890625,31.1299991607666,104.69999694824219
2022-06-18,2440.929931640625,3674.840087890625,31.1299991607666,104.69999694824219
2022-06-19,2440.929931640625,3674.840087890625,31.1299991607666,104.69999694824219
2022-06-20,2391.030029296875,3674.840087890625,31.1299991607666,104.69999694824219
2022-06-21,2408.929931640625,3764.7900390625,30.190000534057617,104.44000244140625
2022-06-22,2342.81005859375,3759.889892578125,28.950000762939453,104.19999694824219
2022-06-23,2314.320068359375,3795.72998046875,29.049999237060547,104.43000030517578
2022-06-24,2366.60009765625,3911.739990234375,27.229999542236328,104.19000244140625
2022-06-25,2366.60009765625,3911.739990234375,27.229999542236328,104.19000244140625
2022-06-26,2366.60009765625,3911.739990234375,27.229999542236328,104.19000244140625
2022-06-27,2401.919921875,3900.110107421875,26.950000762939453,103.94000244140625
2022-06-28,2422.090087890625,3821.550048828125,28.360000610351562,104.51000213623047
2022-06-29,2377.989990234375,3818.830078125,28.15999984741211,105.11000061035156
2022-06-30,2332.639892578125,3785.3798828125,28.709999084472656,104.69000244140625
2022-07-01,2305.419921875,3825.330078125,26.700000762939453,105.13999938964844
2022-07-02,2305.419921875,3825.330078125,26.700000762939453,105.13999938964844
2022-07-03,2305.419921875,3825.330078125,26.700000762939453,105.13999938964844
2022-07-04,2300.340087890625,3825.330078125,26.700000762939453,105.13999938964844
2022-07-05,2341.780029296875,3831.389892578125,27.540000915527344,106.5
2022-07-06,2292.010009765625,3845.080078125,26.729999542236328,107.0999984741211
2022-07-07,2334.27001953125,3902.6201171875,26.079999923706055,107.12999725341797
2022-07-08,2350.610107421875,3899.3798828125,24.639999389648438,107.01000213623047
2022-07-09,2350.610107421875,3899.3798828125,24.639999389648438,107.01000213623047
2022-07-10,2350.610107421875,3899.3798828125,24.639999389648438,107.01000213623047
2022-07-11,2340.27001953125,3854.429931640625,26.170000076293945,108.0199966430664
2022-07-12,2317.760009765625,3818.800048828125,27.290000915527344,108.06999969482422
2022-07-13,2328.610107421875,3801.780029296875,26.81999969482422,107.95999908447266
2022-07-14,2322.320068359375,3790.3798828125,26.399999618530273,108.54000091552734
2022-07-15,2330.97998046875,3863.159912109375,24.229999542236328,108.05999755859375
2022-07-16,2330.97998046875,3863.159912109375,24.229999542236328,108.05999755859375
2022-07-17,2330.97998046875,3863.159912109375,24.229999542236328,108.05999755859375
2022-07-18,2375.25,3830.85009765625,25.299999237060547,107.37000274658203
2022-07-19,2370.969970703125,3936.68994140625,24.5,106.68000030517578
2022-07-20,2386.85009765625,3959.89990234375,23.8799991607666,107.08000183105469
2022-07-21,2409.159912109375,3998.949951171875,23.110000610351562,106.91000366210938
2022-07-22,2393.139892578125,3961.6298828125,23.030000686645508,106.7300033569336
2022-07-23,2393.139892578125,3961.6298828125,23.030000686645508,106.7300033569336
2022-07-24,2393.139892578125,3961.6298828125,23.030000686645508,106.7300033569336
2022-07-25,2403.68994140625,3966.840087890625,23.360000610351562,106.4800033569336
2022-07-26,2412.9599609375,3921.050048828125,24.690000534057617,107.19000244140625
2022-07-27,2415.530029296875,4023.610107421875,23.239999771118164,106.44999694824219
2022-07-28,2435.27001953125,4072.429931640625,22.329999923706055,106.3499984741211
2022-07-29,2451.5,4130.2900390625,21.329999923706055,105.9000015258789
2022-07-30,2451.5,4130.2900390625,21.329999923706055,105.9000015258789
2022-07-31,2451.5,4130.2900390625,21.329999923706055,105.9000015258789
2022-08-01,2452.25,4118.6298828125,22.84000015258789,105.44999694824219
2022-08-02,2439.6201171875,4091.18994140625,23.93000030517578,106.23999786376953
2022-08-03,2461.449951171875,4155.169921875,21.950000762939453,106.51000213623047
2022-08-04,2473.110107421875,4151.93994140625,21.440000534057617,105.69000244140625
2022-08-05,2490.800048828125,4145.18994140625,21.149999618530273,106.62000274658203
2022-08-06,2490.800048828125,4145.18994140625,21.149999618530273,106.62000274658203
2022-08-07,2490.800048828125,4145.18994140625,21.149999618530273,106.62000274658203
2022-08-08,2493.10009765625,4140.06005859375,21.290000915527344,106.44000244140625
2022-08-09,2503.4599609375,4122.47021484375,21.770000457763672,106.37000274658203
2022-08-10,2480.8798828125,4210.240234375,19.739999771118164,105.19999694824219
2022-08-11,2523.780029296875,4207.27001953125,20.200000762939453,105.08999633789062
2022-08-12,2527.93994140625,4280.14990234375,19.530000686645508,105.62999725341797
2022-08-13,2527.93994140625,4280.14990234375,19.530000686645508,105.62999725341797
2022-08-14,2527.93994140625,4280.14990234375,19.530000686645508,105.62999725341797
2022-08-15,2527.93994140625,4297.14013671875,19.950000762939453,106.55000305175781
2022-08-16,2533.52001953125,4305.2001953125,19.690000534057617,106.5
2022-08-17,2516.469970703125,4274.0400390625,19.899999618530273,106.56999969482422
2022-08-18,2508.050048828125,4283.740234375,19.559999465942383,107.4800033569336
2022-08-19,2492.68994140625,4228.47998046875,20.600000381469727,108.16999816894531
2022-08-20,2492.68994140625,4228.47998046875,20.600000381469727,108.16999816894531
2022-08-21,2492.68994140625,4228.47998046875,20.600000381469727,108.16999816894531
2022-08-22,2462.5,4137.990234375,23.799999237060547,109.05000305175781
2022-08-23,2435.340087890625,4128.72998046875,24.110000610351562,108.62000274658203
2022-08-24,2447.449951171875,4140.77001953125,22.81999969482422,108.68000030517578
2022-08-25,2477.260009765625,4199.1201171875,21.780000686645508,108.47000122070312
2022-08-26,2481.030029296875,4057.659912109375,25.559999465942383,108.80000305175781
2022-08-27,2481.030029296875,4057.659912109375,25.559999465942383,108.80000305175781
2022-08-28,2481.030029296875,4057.659912109375,25.559999465942383,108.80000305175781
2022-08-29,2426.889892578125,4030.610107421875,26.209999084472656,108.83999633789062
2022-08-30,2450.929931640625,3986.159912109375,26.209999084472656,108.7699966430664
2022-08-31,2472.050048828125,3955.0,25.8700008392334,108.69999694824219
2022-09-01,2415.610107421875,3966.85009765625,25.559999465942383,109.69000244140625
2022-09-02,2409.409912109375,3924.260009765625,25.469999313354492,109.52999877929688
2022-09-03,2409.409912109375,3924.260009765625,25.469999313354492,109.52999877929688
2022-09-04,2409.409912109375,3924.260009765625,25.469999313354492,109.52999877929688
2022-09-05,2403.679931640625,3924.260009765625,25.469999313354492,109.52999877929688
2022-09-06,2410.02001953125,3908.18994140625,26.90999984741211,110.20999908447266
2022-09-07,2376.4599609375,3979.8701171875,24.639999389648438,109.83999633789062
2022-09-08,2384.280029296875,4006.179931640625,23.610000610351562,109.70999908447266
2022-09-09,2384.280029296875,4067.360107421875,22.790000915527344,109.0
2022-09-10,2384.280029296875,4067.360107421875,22.790000915527344,109.0
2022-09-11,2384.280029296875,4067.360107421875,22.790000915527344,109.0
2022-09-12,2384.280029296875,4110.41015625,23.8700008392334,108.33000183105469
2022-09-13,2449.5400390625,3932.68994140625,27.270000457763672,109.81999969482422
2022-09-14,2411.419921875,3946.010009765625,26.15999984741211,109.66000366210938
2022-09-15,2401.830078125,3901.35009765625,26.270000457763672,109.73999786376953
2022-09-16,2382.780029296875,3873.330078125,26.299999237060547,109.76000213623047
2022-09-17,2382.780029296875,3873.330078125,26.299999237060547,109.76000213623047
2022-09-18,2382.780029296875,3873.330078125,26.299999237060547,109.76000213623047
2022-09-19,2355.659912109375,3899.889892578125,25.760000228881836,109.73999786376953
2022-09-20,2367.85009765625,3855.929931640625,27.15999984741211,110.22000122070312
2022-09-21,2347.2099609375,3789.929931640625,27.989999771118164,110.63999938964844
2022-09-22,2332.31005859375,3757.989990234375,27.350000381469727,111.3499984741211
2022-09-23,2290.0,3693.22998046875,29.920000076293945,113.19000244140625
2022-09-24,2290.0,3693.22998046875,29.920000076293945,113.19000244140625
2022-09-25,2290.0,3693.22998046875,29.920000076293945,113.19000244140625
2022-09-26,2220.93994140625,3655.0400390625,32.2599983215332,114.0999984741211
2022-09-27,2223.860107421875,3647.2900390625,32.599998474121094,114.11000061035156
2022-09-28,2169.2900390625,3719.0400390625,30.18000030517578,112.5999984741211
2022-09-29,2170.929931640625,3640.469970703125,31.84000015258789,112.25
2022-09-30,2155.489990234375,3585.6201171875,31.6200008392334,112.12000274658203
2022-10-01,2155.489990234375,3585.6201171875,31.6200008392334,112.12000274658203
2022-10-02,2155.489990234375,3585.6201171875,31.6200008392334,112.12000274658203
2022-10-03,2155.489990234375,3678.429931640625,30.100000381469727,111.75
2022-10-04,2209.3798828125,3790.929931640625,29.06999969482422,110.06999969482422
2022-10-05,2215.219970703125,3783.280029296875,28.549999237060547,111.06999969482422
2022-10-06,2237.860107421875,3744.52001953125,30.520000457763672,112.26000213623047
2022-10-07,2232.840087890625,3639.659912109375,31.360000610351562,112.80000305175781
2022-10-08,2232.840087890625,3639.659912109375,31.360000610351562,112.80000305175781
2022-10-09,2232.840087890625,3639.659912109375,31.360000610351562,112.80000305175781
2022-10-10,2232.840087890625,3612.389892578125,32.45000076293945,113.13999938964844
2022-10-11,2192.070068359375,3588.840087890625,33.630001068115234,113.22000122070312
2022-10-12,2202.469970703125,3577.030029296875,33.56999969482422,113.31999969482422
2022-10-13,2162.8701171875,3669.909912109375,31.940000534057617,112.36000061035156
2022-10-14,2212.550048828125,3583.070068359375,32.02000045776367,113.30999755859375
2022-10-15,2212.550048828125,3583.070068359375,32.02000045776367,113.30999755859375
2022-10-16,2212.550048828125,3583.070068359375,32.02000045776367,113.30999755859375
2022-10-17,2219.7099609375,3677.949951171875,31.3700008392334,112.04000091552734
2022-10-18,2249.949951171875,3719.97998046875,30.5,112.12999725341797
2022-10-19,2237.43994140625,3695.159912109375,30.760000228881836,112.9800033569336
2022-10-20,2218.090087890625,3665.780029296875,29.979999542236328,112.87999725341797
2022-10-21,2213.1201171875,3752.75,29.690000534057617,112.01000213623047
2022-10-22,2213.1201171875,3752.75,29.690000534057617,112.01000213623047
2022-10-23,2213.1201171875,3752.75,29.690000534057617,112.01000213623047
2022-10-24,2236.159912109375,3797.340087890625,29.850000381469727,111.98999786376953
2022-10-25,2235.070068359375,3859.110107421875,28.459999084472656,110.94999694824219
2022-10-26,2249.56005859375,3830.60009765625,27.280000686645508,109.69999694824219
2022-10-27,2288.780029296875,3807.300048828125,27.389999389648438,110.58999633789062
2022-10-28,2268.39990234375,3901.06005859375,25.75,110.66999816894531
2022-10-29,2268.39990234375,3901.06005859375,25.75,110.66999816894531
2022-10-30,2268.39990234375,3901.06005859375,25.75,110.66999816894531
2022-10-31,2293.610107421875,3871.97998046875,25.8799991607666,111.52999877929688
2022-11-01,2335.219970703125,3856.10009765625,25.809999465942383,111.4800033569336
2022-11-02,2336.8701171875,3759.68994140625,25.860000610351562,111.3499984741211
2022-11-03,2329.169921875,3719.889892578125,25.299999237060547,112.93000030517578
2022-11-04,2348.429931640625,3770.550048828125,24.549999237060547,110.87999725341797
2022-11-05,2348.429931640625,3770.550048828125,24.549999237060547,110.87999725341797
2022-11-06,2348.429931640625,3770.550048828125,24.549999237060547,110.87999725341797
2022-11-07,2371.7900390625,3806.800048828125,24.350000381469727,110.12000274658203
2022-11-08,2399.0400390625,3828.110107421875,25.540000915527344,109.62000274658203
2022-11-09,2424.409912109375,3748.570068359375,26.09000015258789,110.55000305175781
2022-11-10,2402.22998046875,3956.3701171875,23.530000686645508,108.20999908447266
2022-11-11,2483.159912109375,3992.929931640625,22.520000457763672,106.29000091552734
2022-11-12,2483.159912109375,3992.929931640625,22.520000457763672,106.29000091552734
2022-11-13,2483.159912109375,3992.929931640625,22.520000457763672,106.29000091552734
2022-11-14,2474.64990234375,3957.25,23.729999542236328,106.66000366210938
2022-11-15,2480.330078125,3991.72998046875,24.540000915527344,106.4000015258789
2022-11-16,2477.449951171875,3958.7900390625,24.110000610351562,106.27999877929688
2022-11-17,2442.89990234375,3946.56005859375,23.93000030517578,106.69000244140625
2022-11-18,2444.47998046875,3965.340087890625,23.1200008392334,106.93000030517578
2022-11-19,2444.47998046875,3965.340087890625,23.1200008392334,106.93000030517578
2022-11-20,2444.47998046875,3965.340087890625,23.1200008392334,106.93000030517578
2022-11-21,2419.5,3949.93994140625,22.360000610351562,107.83999633789062
2022-11-22,2405.27001953125,4003.580078125,21.290000915527344,107.22000122070312
2022-11-23,2418.010009765625,4027.260009765625,20.350000381469727,106.08000183105469
2022-11-24,2441.330078125,4027.260009765625,20.350000381469727,106.08000183105469
2022-11-25,2437.860107421875,4026.1201171875,20.5,105.95999908447266
2022-11-26,2437.860107421875,4026.1201171875,20.5,105.95999908447266
2022-11-27,2437.860107421875,4026.1201171875,20.5,105.95999908447266
2022-11-28,2408.27001953125,3963.93994140625,22.209999084472656,106.68000030517578
2022-11-29,2433.389892578125,3957.6298828125,21.889999389648438,106.81999969482422
2022-11-30,2472.530029296875,4080.110107421875,20.579999923706055,105.94999694824219
2022-12-01,2479.840087890625,4076.570068359375,19.84000015258789,104.7300033569336
2022-12-02,2434.330078125,4071.699951171875,19.059999465942383,104.55000305175781
2022-12-03,2434.330078125,4071.699951171875,19.059999465942383,104.55000305175781
2022-12-04,2434.330078125,4071.699951171875,19.059999465942383,104.55000305175781
2022-12-05,2419.320068359375,3998.840087890625,20.75,105.29000091552734
2022-12-06,2393.159912109375,3941.260009765625,22.170000076293945,105.58000183105469
2022-12-07,2382.81005859375,3933.919921875,22.68000030517578,105.0999984741211
2022-12-08,2371.080078125,3963.510009765625,22.290000915527344,104.7699966430664
2022-12-09,2389.0400390625,3934.3798828125,22.829999923706055,104.80999755859375
2022-12-10,2389.0400390625,3934.3798828125,22.829999923706055,104.80999755859375
2022-12-11,2389.0400390625,3934.3798828125,22.829999923706055,104.80999755859375
2022-12-12,2373.02001953125,3990.56005859375,25.0,105.12999725341797
2022-12-13,2372.39990234375,4019.64990234375,22.549999237060547,103.9800033569336
2022-12-14,2399.25,3995.320068359375,21.139999389648438,103.7699966430664
2022-12-15,2360.969970703125,3895.75,22.829999923706055,104.55999755859375
2022-12-16,2360.02001953125,3852.360107421875,22.6200008392334,104.69999694824219
2022-12-17,2360.02001953125,3852.360107421875,22.6200008392334,104.69999694824219
2022-12-18,2360.02001953125,3852.360107421875,22.6200008392334,104.69999694824219
2022-12-19,2352.169921875,3817.659912109375,22.420000076293945,104.72000122070312
2022-12-20,2333.2900390625,3821.6201171875,21.479999542236328,103.97000122070312
2022-12-21,2328.949951171875,3878.43994140625,20.06999969482422,104.16000366210938
2022-12-22,2356.72998046875,3822.389892578125,21.969999313354492,104.43000030517578
2022-12-23,2313.68994140625,3844.820068359375,20.8700008392334,104.30999755859375
2022-12-24,2313.68994140625,3844.820068359375,20.8700008392334,104.30999755859375
2022-12-25,2313.68994140625,3844.820068359375,20.8700008392334,104.30999755859375
2022-12-26,2317.139892578125,3844.820068359375,20.8700008392334,104.30999755859375
2022-12-27,2332.7900390625,3829.25,21.649999618530273,104.18000030517578
2022-12-28,2280.449951171875,3783.219970703125,22.139999389648438,104.45999908447266
2022-12-29,2236.39990234375,3849.280029296875,21.440000534057617,103.83999633789062
2022-12-30,2236.39990234375,3839.5,21.670000076293945,103.5199966430664
2022-12-31,2236.39990234375,3839.5,21.670000076293945,103.5199966430664
2023-01-01,2236.39990234375,3839.5,21.670000076293945,103.5199966430664
2023-01-02,2225.669921875,3839.5,21.670000076293945,103.5199966430664
2023-01-03,2218.679931640625,3824.139892578125,22.899999618530273,104.5199966430664
2023-01-04,2255.97998046875,3852.969970703125,22.010000228881836,104.25
2023-01-05,2264.64990234375,3808.10009765625,22.459999084472656,105.04000091552734
2023-01-06,2289.969970703125,3895.080078125,21.1299991607666,103.87999725341797
2023-01-07,2289.969970703125,3895.080078125,21.1299991607666,103.87999725341797
2023-01-08,2289.969970703125,3895.080078125,21.1299991607666,103.87999725341797
2023-01-09,2350.18994140625,3892.090087890625,21.969999313354492,103.0
2023-01-10,2351.31005859375,3919.25,20.579999923706055,103.23999786376953
2023-01-11,2359.530029296875,3969.610107421875,21.09000015258789,103.19000244140625
2023-01-12,2365.10009765625,3983.169921875,18.829999923706055,102.25
2023-01-13,2386.090087890625,3999.090087890625,18.350000381469727,102.19999694824219
2023-01-14,2386.090087890625,3999.090087890625,18.350000381469727,102.19999694824219
2023-01-15,2386.090087890625,3999.090087890625,18.350000381469727,102.19999694824219
2023-01-16,2399.860107421875,3999.090087890625,18.350000381469727,102.19999694824219
2023-01-17,2379.389892578125,3990.969970703125,19.360000610351562,102.38999938964844
2023-01-18,2368.320068359375,3928.860107421875,20.34000015258789,102.36000061035156
2023-01-19,2380.340087890625,3898.85009765625,20.520000457763672,102.05999755859375
2023-01-20,2395.260009765625,3972.610107421875,19.850000381469727,102.01000213623047
2023-01-21,2395.260009765625,3972.610107421875,19.850000381469727,102.01000213623047
2023-01-22,2395.260009765625,3972.610107421875,19.850000381469727,102.01000213623047
2023-01-23,2395.260009765625,4019.81005859375,19.809999465942383,102.13999938964844
2023-01-24,2395.260009765625,4016.949951171875,19.200000762939453,101.91999816894531
2023-01-25,2428.570068359375,4016.219970703125,19.079999923706055,101.63999938964844
2023-01-26,2468.64990234375,4060.429931640625,18.729999542236328,101.83999633789062
2023-01-27,2484.02001953125,4070.56005859375,18.510000228881836,101.93000030517578
2023-01-28,2484.02001953125,4070.56005859375,18.510000228881836,101.93000030517578
2023-01-29,2484.02001953125,4070.56005859375,18.510000228881836,101.93000030517578
2023-01-30,2450.469970703125,4017.77001953125,19.940000534057617,102.27999877929688
2023-01-31,2425.080078125,4076.60009765625,19.399999618530273,102.0999984741211
2023-02-01,2449.800048828125,4119.2099609375,17.8700008392334,101.22000122070312
2023-02-02,2468.8798828125,4179.759765625,18.729999542236328,101.75
2023-02-03,2480.39990234375,4136.47998046875,18.329999923706055,102.91999816894531
2023-02-04,2480.39990234375,4136.47998046875,18.329999923706055,102.91999816894531
2023-02-05,2480.39990234375,4136.47998046875,18.329999923706055,102.91999816894531
2023-02-06,2438.18994140625,4111.080078125,19.43000030517578,103.62000274658203
2023-02-07,2451.7099609375,4164.0,18.65999984741211,103.43000030517578
2023-02-08,2483.639892578125,4117.85986328125,19.6299991607666,103.41000366210938
2023-02-09,2481.52001953125,4081.5,20.709999084472656,103.22000122070312
2023-02-10,2469.72998046875,4090.4599609375,20.530000686645508,103.62999725341797
2023-02-11,2469.72998046875,4090.4599609375,20.530000686645508,103.62999725341797
2023-02-12,2469.72998046875,4090.4599609375,20.530000686645508,103.62999725341797
2023-02-13,2452.699951171875,4137.2900390625,20.34000015258789,103.3499984741211
2023-02-14,2465.639892578125,4136.1298828125,18.90999984741211,103.2300033569336
2023-02-15,2427.89990234375,4147.60009765625,18.229999542236328,103.91999816894531
2023-02-16,2475.47998046875,4090.409912109375,20.170000076293945,103.86000061035156
2023-02-17,2451.2099609375,4079.090087890625,20.020000457763672,103.86000061035156
2023-02-18,2451.2099609375,4079.090087890625,20.020000457763672,103.86000061035156
2023-02-19,2451.2099609375,4079.090087890625,20.020000457763672,103.86000061035156
2023-02-20,2455.1201171875,4079.090087890625,20.020000457763672,103.86000061035156
2023-02-21,2458.9599609375,3997.340087890625,22.8700008392334,104.18000030517578
2023-02-22,2417.679931640625,3991.050048828125,22.290000915527344,104.58999633789062
2023-02-23,2439.090087890625,4012.320068359375,21.139999389648438,104.5999984741211
2023-02-24,2423.610107421875,3970.0400390625,21.670000076293945,105.20999908447266
2023-02-25,2423.610107421875,3970.0400390625,21.670000076293945,105.20999908447266
2023-02-26,2423.610107421875,3970.0400390625,21.670000076293945,105.20999908447266
2023-02-27,2402.639892578125,3982.239990234375,20.950000762939453,104.66999816894531
2023-02-28,2412.85009765625,3970.14990234375,20.700000762939453,104.87000274658203
2023-03-01,2412.85009765625,3951.389892578125,20.579999923706055,104.4800033569336
2023-03-02,2427.85009765625,3981.35009765625,19.59000015258789,105.02999877929688
2023-03-03,2432.070068359375,4045.639892578125,18.489999771118164,104.5199966430664
2023-03-04,2432.070068359375,4045.639892578125,18.489999771118164,104.5199966430664
2023-03-05,2432.070068359375,4045.639892578125,18.489999771118164,104.5199966430664
2023-03-06,2462.6201171875,4048.419921875,18.610000610351562,104.3499984741211
2023-03-07,2463.35009765625,3986.3701171875,19.59000015258789,105.62000274658203
2023-03-08,2431.909912109375,3992.010009765625,19.110000610351562,105.66000366210938
2023-03-09,2419.090087890625,3918.320068359375,22.610000610351562,105.30999755859375
2023-03-10,2394.590087890625,3861.590087890625,24.799999237060547,104.58000183105469
2023-03-11,2394.590087890625,3861.590087890625,24.799999237060547,104.58000183105469
2023-03-12,2394.590087890625,3861.590087890625,24.799999237060547,104.58000183105469
2023-03-13,2410.60009765625,3855.760009765625,26.520000457763672,103.5999984741211
2023-03-14,2348.969970703125,3919.2900390625,23.729999542236328,103.5999984741211
2023-03-15,2379.719970703125,3891.929931640625,26.139999389648438,104.6500015258789
2023-03-16,2377.909912109375,3960.280029296875,22.989999771118164,104.41999816894531
2023-03-17,2395.68994140625,3916.639892578125,25.510000228881836,103.70999908447266
2023-03-18,2395.68994140625,3916.639892578125,25.510000228881836,103.70999908447266
2023-03-19,2395.68994140625,3916.639892578125,25.510000228881836,103.70999908447266
2023-03-20,2379.199951171875,3951.570068359375,24.149999618530273,103.27999877929688
2023-03-21,2388.35009765625,4002.8701171875,21.3799991607666,103.26000213623047
2023-03-22,2416.9599609375,3936.969970703125,22.260000228881836,102.3499984741211
2023-03-23,2424.47998046875,3948.719970703125,22.610000610351562,102.52999877929688
2023-03-24,2414.9599609375,3970.989990234375,21.739999771118164,103.12000274658203
2023-03-25,2414.9599609375,3970.989990234375,21.739999771118164,103.12000274658203
2023-03-26,2414.9599609375,3970.989990234375,21.739999771118164,103.12000274658203
2023-03-27,2409.219970703125,3977.530029296875,20.600000381469727,102.86000061035156
2023-03-28,2434.93994140625,3971.27001953125,19.969999313354492,102.43000030517578
2023-03-29,2443.919921875,4027.81005859375,19.1200008392334,102.63999938964844
2023-03-30,2453.159912109375,4050.830078125,19.020000457763672,102.13999938964844
2023-03-31,2476.860107421875,4109.31005859375,18.700000762939453,102.51000213623047
2023-04-01,2476.860107421875,4109.31005859375,18.700000762939453,102.51000213623047
2023-04-02,2476.860107421875,4109.31005859375,18.700000762939453,102.51000213623047
2023-04-03,2472.340087890625,4124.509765625,18.549999237060547,102.08999633789062
2023-04-04,2480.510009765625,4100.60009765625,19.0,101.58999633789062
2023-04-05,2495.2099609375,4090.3798828125,19.079999923706055,101.8499984741211
2023-04-06,2459.22998046875,4105.02001953125,18.399999618530273,101.81999969482422
2023-04-07,2490.409912109375,4105.02001953125,18.399999618530273,101.81999969482422
2023-04-08,2490.409912109375,4105.02001953125,18.399999618530273,101.81999969482422
2023-04-09,2490.409912109375,4105.02001953125,18.399999618530273,101.81999969482422
2023-04-10,2512.080078125,4109.10986328125,18.969999313354492,102.58000183105469
2023-04-11,2547.860107421875,4108.93994140625,19.100000381469727,102.19999694824219
2023-04-12,2550.639892578125,4091.949951171875,19.09000015258789,101.5
2023-04-13,2561.659912109375,4146.22021484375,17.799999237060547,101.01000213623047
2023-04-14,2571.489990234375,4137.64013671875,17.06999969482422,101.55000305175781
2023-04-15,2571.489990234375,4137.64013671875,17.06999969482422,101.55000305175781
2023-04-16,2571.489990234375,4137.64013671875,17.06999969482422,101.55000305175781
2023-04-17,2575.909912109375,4151.31982421875,16.950000762939453,102.0999984741211
2023-04-18,2571.090087890625,4154.8701171875,16.829999923706055,101.75
2023-04-19,2575.080078125,4154.52001953125,16.459999084472656,101.97000122070312
2023-04-20,2563.110107421875,4129.7900390625,17.170000076293945,101.83999633789062
2023-04-21,2544.39990234375,4133.52001953125,16.770000457763672,101.81999969482422
2023-04-22,2544.39990234375,4133.52001953125,16.770000457763672,101.81999969482422
2023-04-23,2544.39990234375,4133.52001953125,16.770000457763672,101.81999969482422
2023-04-24,2523.5,4137.0400390625,16.889999389648438,101.3499984741211
2023-04-25,2489.02001953125,4071.6298828125,18.760000228881836,101.86000061035156
2023-04-26,2484.830078125,4055.989990234375,18.84000015258789,101.47000122070312
2023-04-27,2495.81005859375,4135.35009765625,17.030000686645508,101.5
2023-04-28,2501.530029296875,4169.47998046875,15.779999732971191,101.66999816894531
2023-04-29,2501.530029296875,4169.47998046875,15.779999732971191,101.66999816894531
2023-04-30,2501.530029296875,4169.47998046875,15.779999732971191,101.66999816894531
2023-05-01,2501.530029296875,4167.8701171875,16.079999923706055,102.1500015258789
2023-05-02,2524.389892578125,4119.580078125,17.780000686645508,101.95999908447266
2023-05-03,2501.39990234375,4090.75,18.34000015258789,101.33999633789062
2023-05-04,2500.93994140625,4061.219970703125,20.09000015258789,101.4000015258789
2023-05-05,2500.93994140625,4136.25,17.190000534057617,101.20999908447266
2023-05-06,2500.93994140625,4136.25,17.190000534057617,101.20999908447266
2023-05-07,2500.93994140625,4136.25,17.190000534057617,101.20999908447266
2023-05-08,2513.2099609375,4138.1201171875,16.979999542236328,101.37000274658203
2023-05-09,2510.06005859375,4119.169921875,17.709999084472656,101.63999938964844
2023-05-10,2496.510009765625,4137.64013671875,16.940000534057617,101.4800033569336
2023-05-11,2491.0,4130.6201171875,16.93000030517578,102.05999755859375
2023-05-12,2475.419921875,4124.080078125,17.030000686645508,102.68000030517578
2023-05-13,2475.419921875,4124.080078125,17.030000686645508,102.68000030517578
2023-05-14,2475.419921875,4124.080078125,17.030000686645508,102.68000030517578
2023-05-15,2479.35009765625,4136.27978515625,17.1200008392334,102.43000030517578
2023-05-16,2480.239990234375,4109.89990234375,17.989999771118164,102.55999755859375
2023-05-17,2494.659912109375,4158.77001953125,16.8700008392334,102.87999725341797
2023-05-18,2515.39990234375,4198.0498046875,16.049999237060547,103.58000183105469
2023-05-19,2537.7900390625,4191.97998046875,16.809999465942383,103.19999694824219
2023-05-20,2537.7900390625,4191.97998046875,16.809999465942383,103.19999694824219
2023-05-21,2537.7900390625,4191.97998046875,16.809999465942383,103.19999694824219
2023-05-22,2557.080078125,4192.6298828125,17.209999084472656,103.19999694824219
2023-05-23,2567.550048828125,4145.580078125,18.530000686645508,103.48999786376953
2023-05-24,2567.449951171875,4115.240234375,20.030000686645508,103.88999938964844
2023-05-25,2554.68994140625,4151.27978515625,19.139999389648438,104.20999908447266
2023-05-26,2558.81005859375,4205.4501953125,17.950000762939453,104.20999908447266
2023-05-27,2558.81005859375,4205.4501953125,17.950000762939453,104.20999908447266
2023-05-28,2558.81005859375,4205.4501953125,17.950000762939453,104.20999908447266
2023-05-29,2558.81005859375,4205.4501953125,17.950000762939453,104.20999908447266
2023-05-30,2585.52001953125,4205.52001953125,17.459999084472656,104.16999816894531
2023-05-31,2577.1201171875,4179.830078125,17.940000534057617,104.31999969482422
2023-06-01,2569.169921875,4221.02001953125,15.649999618530273,103.55999755859375
2023-06-02,2601.360107421875,4282.3701171875,14.600000381469727,104.0199966430664
2023-06-03,2601.360107421875,4282.3701171875,14.600000381469727,104.0199966430664
2023-06-04,2601.360107421875,4282.3701171875,14.600000381469727,104.0199966430664
2023-06-05,2615.409912109375,4273.7900390625,14.729999542236328,104.0
2023-06-06,2615.409912109375,4283.85009765625,13.960000038146973,104.12999725341797
2023-06-07,2615.60009765625,4267.52001953125,13.9399995803833,104.0999984741211
2023-06-08,2610.85009765625,4293.93017578125,13.649999618530273,103.33999633789062
2023-06-09,2641.159912109375,4298.85986328125,13.829999923706055,103.55999755859375
2023-06-10,2641.159912109375,4298.85986328125,13.829999923706055,103.55999755859375
2023-06-11,2641.159912109375,4298.85986328125,13.829999923706055,103.55999755859375
2023-06-12,2629.35009765625,4338.93017578125,15.010000228881836,103.62999725341797
2023-06-13,2637.949951171875,4369.009765625,14.609999656677246,103.33999633789062
2023-06-14,2619.080078125,4372.58984375,13.880000114440918,103.01000213623047
2023-06-15,2608.5400390625,4425.83984375,14.5,102.12000274658203
2023-06-16,2625.7900390625,4409.58984375,13.539999961853027,102.30000305175781
2023-06-17,2625.7900390625,4409.58984375,13.539999961853027,102.30000305175781
2023-06-18,2625.7900390625,4409.58984375,13.539999961853027,102.30000305175781
2023-06-19,2609.5,4409.58984375,13.539999961853027,102.30000305175781
2023-06-20,2604.909912109375,4388.7099609375,13.880000114440918,102.54000091552734
2023-06-21,2582.6298828125,4365.68994140625,13.199999809265137,102.06999969482422
2023-06-22,2593.699951171875,4381.89013671875,12.90999984741211,102.38999938964844
2023-06-23,2570.10009765625,4348.330078125,13.4399995803833,102.9000015258789
2023-06-24,2570.10009765625,4348.330078125,13.4399995803833,102.9000015258789
2023-06-25,2570.10009765625,4348.330078125,13.4399995803833,102.9000015258789
2023-06-26,2582.199951171875,4328.81982421875,14.25,102.69000244140625
2023-06-27,2581.389892578125,4378.41015625,13.739999771118164,102.48999786376953
2023-06-28,2564.18994140625,4376.85986328125,13.430000305175781,102.91000366210938
2023-06-29,2550.02001953125,4396.43994140625,13.539999961853027,103.33999633789062
2023-06-30,2564.280029296875,4450.3798828125,13.59000015258789,102.91000366210938
2023-07-01,2564.280029296875,4450.3798828125,13.59000015258789,102.91000366210938
2023-07-02,2564.280029296875,4450.3798828125,13.59000015258789,102.91000366210938
2023-07-03,2602.469970703125,4455.58984375,13.569999694824219,102.98999786376953
2023-07-04,2593.31005859375,4455.58984375,13.569999694824219,102.98999786376953
2023-07-05,2579.0,4446.81982421875,14.180000305175781,103.37000274658203
2023-07-06,2556.2900390625,4411.58984375,15.4399995803833,103.16999816894531
2023-07-07,2526.7099609375,4398.9501953125,14.829999923706055,102.2699966430664
2023-07-08,2526.7099609375,4398.9501953125,14.829999923706055,102.2699966430664
2023-07-09,2526.7099609375,4398.9501953125,14.829999923706055,102.2699966430664
2023-07-10,2520.699951171875,4409.52978515625,15.069999694824219,101.97000122070312
2023-07-11,2562.489990234375,4439.259765625,14.84000015258789,101.7300033569336
2023-07-12,2574.719970703125,4472.16015625,13.539999961853027,100.5199966430664
2023-07-13,2591.22998046875,4510.0400390625,13.609999656677246,99.7699966430664
2023-07-14,2628.300048828125,4505.419921875,13.34000015258789,99.91000366210938
2023-07-15,2628.300048828125,4505.419921875,13.34000015258789,99.91000366210938
2023-07-16,2628.300048828125,4505.419921875,13.34000015258789,99.91000366210938
2023-07-17,2619.0,4522.7900390625,13.479999542236328,99.83999633789062
2023-07-18,2607.6201171875,4554.97998046875,13.300000190734863,99.94000244140625
2023-07-19,2608.239990234375,4565.72021484375,13.760000228881836,100.27999877929688
2023-07-20,2600.22998046875,4534.8701171875,13.989999771118164,100.87999725341797
2023-07-21,2609.760009765625,4536.33984375,13.600000381469727,101.06999969482422
2023-07-22,2609.760009765625,4536.33984375,13.600000381469727,101.06999969482422
2023-07-23,2609.760009765625,4536.33984375,13.600000381469727,101.06999969482422
2023-07-24,2628.530029296875,4554.64013671875,13.90999984741211,101.3499984741211
2023-07-25,2636.4599609375,4567.4599609375,13.859999656677246,101.3499984741211
2023-07-26,2592.360107421875,4566.75,13.1899995803833,100.88999938964844
2023-07-27,2603.81005859375,4537.41015625,14.40999984741211,101.7699966430664
2023-07-28,2608.320068359375,4582.22998046875,13.329999923706055,101.62000274658203
2023-07-29,2608.320068359375,4582.22998046875,13.329999923706055,101.62000274658203
2023-07-30,2608.320068359375,4582.22998046875,13.329999923706055,101.62000274658203
2023-07-31,2632.580078125,4588.9599609375,13.630000114440918,101.86000061035156
2023-08-01,2667.070068359375,4576.72998046875,13.930000305175781,102.30000305175781
2023-08-02,2616.469970703125,4513.39013671875,16.09000015258789,102.58999633789062
2023-08-03,2605.389892578125,4501.89013671875,15.920000076293945,102.54000091552734
2023-08-04,2602.800048828125,4478.02978515625,17.100000381469727,102.0199966430664
2023-08-05,2602.800048828125,4478.02978515625,17.100000381469727,102.0199966430664
2023-08-06,2602.800048828125,4478.02978515625,17.100000381469727,102.0199966430664
2023-08-07,2580.7099609375,4518.43994140625,15.770000457763672,102.05000305175781
2023-08-08,2573.97998046875,4499.3798828125,15.989999771118164,102.52999877929688
2023-08-09,2605.1201171875,4467.7099609375,15.960000038146973,102.48999786376953
2023-08-10,2601.56005859375,4468.830078125,15.850000381469727,102.5199966430664
2023-08-11,2591.260009765625,4464.0498046875,14.84000015258789,102.83999633789062
2023-08-12,2591.260009765625,4464.0498046875,14.84000015258789,102.83999633789062
2023-08-13,2591.260009765625,4464.0498046875,14.84000015258789,102.83999633789062
2023-08-14,2570.8701171875,4489.72021484375,14.819999694824219,103.19000244140625
2023-08-15,2570.8701171875,4437.85986328125,16.459999084472656,103.20999908447266
2023-08-16,2525.639892578125,4404.330078125,16.780000686645508,103.41999816894531
2023-08-17,2519.85009765625,4370.35986328125,17.889999389648438,103.44000244140625
2023-08-18,2504.5,4369.7099609375,17.299999237060547,103.37999725341797
2023-08-19,2504.5,4369.7099609375,17.299999237060547,103.37999725341797
2023-08-20,2504.5,4369.7099609375,17.299999237060547,103.37999725341797
2023-08-21,2508.800048828125,4399.77001953125,17.1299991607666,103.33000183105469
2023-08-22,2515.739990234375,4387.5498046875,16.969999313354492,103.55999755859375
2023-08-23,2505.5,4436.009765625,15.979999542236328,103.36000061035156
2023-08-24,2537.679931640625,4376.31005859375,17.200000762939453,103.9800033569336
2023-08-25,2519.139892578125,4405.7099609375,15.680000305175781,104.08000183105469
2023-08-26,2519.139892578125,4405.7099609375,15.680000305175781,104.08000183105469
2023-08-27,2519.139892578125,4405.7099609375,15.680000305175781,104.08000183105469
2023-08-28,2543.409912109375,4433.31005859375,15.079999923706055,104.05999755859375
2023-08-29,2552.159912109375,4497.6298828125,14.449999809265137,103.55000305175781
2023-08-30,2561.219970703125,4514.8701171875,13.880000114440918,103.16000366210938
2023-08-31,2556.27001953125,4507.66015625,13.569999694824219,103.62000274658203
2023-09-01,2563.7099609375,4515.77001953125,13.09000015258789,104.23999786376953
2023-09-02,2563.7099609375,4515.77001953125,13.09000015258789,104.23999786376953
2023-09-03,2563.7099609375,4515.77001953125,13.09000015258789,104.23999786376953
2023-09-04,2584.550048828125,4515.77001953125,13.09000015258789,104.23999786376953
2023-09-05,2582.179931640625,4496.830078125,14.010000228881836,104.80999755859375
2023-09-06,2563.340087890625,4465.47998046875,14.449999809265137,104.86000061035156
2023-09-07,2548.260009765625,4451.14013671875,14.399999618530273,105.05999755859375
2023-09-08,2547.679931640625,4457.490234375,13.84000015258789,105.08999633789062
2023-09-09,2547.679931640625,4457.490234375,13.84000015258789,105.08999633789062
2023-09-10,2547.679931640625,4457.490234375,13.84000015258789,105.08999633789062
2023-09-11,2556.8798828125,4487.4599609375,13.800000190734863,104.56999969482422
2023-09-12,2536.580078125,4461.89990234375,14.229999542236328,104.70999908447266
2023-09-13,2534.699951171875,4467.43994140625,13.479999542236328,104.7699966430664
2023-09-14,2572.889892578125,4505.10009765625,12.819999694824219,105.41000366210938
2023-09-15,2601.280029296875,4450.31982421875,13.789999961853027,105.31999969482422
2023-09-16,2601.280029296875,4450.31982421875,13.789999961853027,105.31999969482422
2023-09-17,2601.280029296875,4450.31982421875,13.789999961853027,105.31999969482422
2023-09-18,2574.719970703125,4453.52978515625,14.0,105.19999694824219
2023-09-19,2559.2099609375,4443.9501953125,14.109999656677246,105.19999694824219
2023-09-20,2559.739990234375,4402.2001953125,15.140000343322754,105.16000366210938
2023-09-21,2514.969970703125,4330.0,17.540000915527344,105.36000061035156
2023-09-22,2508.1298828125,4320.06005859375,17.200000762939453,105.58000183105469
2023-09-23,2508.1298828125,4320.06005859375,17.200000762939453,105.58000183105469
2023-09-24,2508.1298828125,4320.06005859375,17.200000762939453,105.58000183105469
2023-09-25,2495.760009765625,4337.43994140625,16.899999618530273,106.0
2023-09-26,2462.969970703125,4273.52978515625,18.940000534057617,106.2300033569336
2023-09-27,2465.070068359375,4274.509765625,18.219999313354492,106.66999816894531
2023-09-28,2465.070068359375,4299.7001953125,17.34000015258789,106.22000122070312
2023-09-29,2465.070068359375,4288.0498046875,17.520000457763672,106.16999816894531
2023-09-30,2465.070068359375,4288.0498046875,17.520000457763672,106.16999816894531
2023-10-01,2465.070068359375,4288.0498046875,17.520000457763672,106.16999816894531
2023-10-02,2465.070068359375,4288.39013671875,17.610000610351562,106.9000015258789
2023-10-03,2465.070068359375,4229.4501953125,19.780000686645508,107.0
2023-10-04,2405.68994140625,4263.75,18.579999923706055,106.80000305175781
2023-10-05,2403.60009765625,4258.18994140625,18.489999771118164,106.33000183105469
2023-10-06,2408.72998046875,4308.5,17.450000762939453,106.04000091552734
2023-10-07,2408.72998046875,4308.5,17.450000762939453,106.04000091552734
2023-10-08,2408.72998046875,4308.5,17.450000762939453,106.04000091552734
2023-10-09,2408.72998046875,4335.66015625,17.700000762939453,106.08000183105469
2023-10-10,2402.580078125,4358.240234375,17.030000686645508,105.83000183105469
2023-10-11,2450.080078125,4376.9501953125,16.09000015258789,105.81999969482422
2023-10-12,2479.820068359375,4349.60986328125,16.690000534057617,106.56999969482422
2023-10-13,2456.14990234375,4327.77978515625,19.31999969482422,106.6500015258789
2023-10-14,2456.14990234375,4327.77978515625,19.31999969482422,106.6500015258789
2023-10-15,2456.14990234375,4327.77978515625,19.31999969482422,106.6500015258789
2023-10-16,2436.239990234375,4373.6298828125,17.209999084472656,106.23999786376953
2023-10-17,2460.169921875,4373.2001953125,17.8799991607666,106.25
2023-10-18,2462.60009765625,4314.60009765625,19.219999313354492,106.56999969482422
2023-10-19,2415.800048828125,4278.0,21.399999618530273,106.25
2023-10-20,2375.0,4224.16015625,21.709999084472656,106.16000366210938
2023-10-21,2375.0,4224.16015625,21.709999084472656,106.16000366210938
2023-10-22,2375.0,4224.16015625,21.709999084472656,106.16000366210938
2023-10-23,2357.02001953125,4217.0400390625,20.3700008392334,105.54000091552734
2023-10-24,2383.510009765625,4247.68017578125,18.969999313354492,106.2699966430664
2023-10-25,2363.169921875,4186.77001953125,20.190000534057617,106.52999877929688
2023-10-26,2299.080078125,4137.22998046875,20.68000030517578,106.5999984741211
2023-10-27,2302.81005859375,4117.3701171875,21.270000457763672,106.55999755859375
2023-10-28,2302.81005859375,4117.3701171875,21.270000457763672,106.55999755859375
2023-10-29,2302.81005859375,4117.3701171875,21.270000457763672,106.55999755859375
2023-10-30,2310.550048828125,4166.81982421875,19.75,106.12000274658203
2023-10-31,2277.989990234375,4193.7998046875,18.139999389648438,106.66000366210938
2023-11-01,2301.56005859375,4237.85986328125,16.8700008392334,106.87999725341797
2023-11-02,2343.1201171875,4317.77978515625,15.65999984741211,106.12000274658203
2023-11-03,2368.340087890625,4358.33984375,14.90999984741211,105.0199966430664
2023-11-04,2368.340087890625,4358.33984375,14.90999984741211,105.0199966430664
2023-11-05,2368.340087890625,4358.33984375,14.90999984741211,105.0199966430664
2023-11-06,2502.3701171875,4365.97998046875,14.890000343322754,105.22000122070312
2023-11-07,2443.9599609375,4378.3798828125,14.8100004196167,105.54000091552734
2023-11-08,2421.6201171875,4382.77978515625,14.449999809265137,105.58999633789062
2023-11-09,2427.080078125,4347.35009765625,15.289999961853027,105.91000366210938
2023-11-10,2409.659912109375,4415.240234375,14.170000076293945,105.86000061035156
2023-11-11,2409.659912109375,4415.240234375,14.170000076293945,105.86000061035156
2023-11-12,2409.659912109375,4415.240234375,14.170000076293945,105.86000061035156
2023-11-13,2403.760009765625,4411.5498046875,14.760000228881836,105.66000366210938
2023-11-14,2433.25,4495.7001953125,14.15999984741211,104.11000061035156
2023-11-15,2486.669921875,4502.8798828125,14.180000305175781,104.38999938964844
2023-11-16,2488.179931640625,4508.240234375,14.319999694824219,104.37000274658203
2023-11-17,2469.85009765625,4514.02001953125,13.800000190734863,103.81999969482422
2023-11-18,2469.85009765625,4514.02001953125,13.800000190734863,103.81999969482422
2023-11-19,2469.85009765625,4514.02001953125,13.800000190734863,103.81999969482422
2023-11-20,2491.199951171875,4547.3798828125,13.40999984741211,103.47000122070312
2023-11-21,2510.419921875,4538.18994140625,13.350000381469727,103.58999633789062
2023-11-22,2511.699951171875,4556.6201171875,12.850000381469727,103.91999816894531
2023-11-23,2514.9599609375,4556.6201171875,12.850000381469727,103.91999816894531
2023-11-24,2496.6298828125,4559.33984375,12.460000038146973,103.4000015258789
2023-11-25,2496.6298828125,4559.33984375,12.460000038146973,103.4000015258789
2023-11-26,2496.6298828125,4559.33984375,12.460000038146973,103.4000015258789
2023-11-27,2495.659912109375,4550.43017578125,12.6899995803833,103.19999694824219
2023-11-28,2521.760009765625,4554.89013671875,12.6899995803833,102.75
2023-11-29,2519.81005859375,4550.580078125,12.979999542236328,102.7699966430664
2023-11-30,2535.2900390625,4567.7998046875,12.920000076293945,103.5
2023-12-01,2505.010009765625,4594.6298828125,12.630000114440918,103.2699966430664
2023-12-02,2505.010009765625,4594.6298828125,12.630000114440918,103.2699966430664
2023-12-03,2505.010009765625,4594.6298828125,12.630000114440918,103.2699966430664
2023-12-04,2514.949951171875,4569.77978515625,13.079999923706055,103.63999938964844
2023-12-05,2494.280029296875,4567.18017578125,12.850000381469727,104.05000305175781
2023-12-06,2495.3798828125,4549.33984375,12.970000267028809,104.1500015258789
2023-12-07,2492.070068359375,4585.58984375,13.0600004196167,103.54000091552734
2023-12-08,2517.85009765625,4604.3701171875,12.350000381469727,104.01000213623047
2023-12-09,2517.85009765625,4604.3701171875,12.350000381469727,104.01000213623047
2023-12-10,2517.85009765625,4604.3701171875,12.350000381469727,104.01000213623047
2023-12-11,2525.360107421875,4622.43994140625,12.630000114440918,104.0999984741211
2023-12-12,2535.27001953125,4643.7001953125,12.069999694824219,103.87000274658203
2023-12-13,2510.659912109375,4707.08984375,12.1899995803833,102.87000274658203
2023-12-14,2544.179931640625,4719.5498046875,12.479999542236328,101.95999908447266
2023-12-15,2563.56005859375,4719.18994140625,12.279999732971191,102.55000305175781
2023-12-16,2563.56005859375,4719.18994140625,12.279999732971191,102.55000305175781
2023-12-17,2563.56005859375,4719.18994140625,12.279999732971191,102.55000305175781
2023-12-18,2566.860107421875,4740.56005859375,12.5600004196167,102.51000213623047
2023-12-19,2568.550048828125,4768.3701171875,12.529999732971191,102.16999816894531
2023-12-20,2614.300048828125,4698.35009765625,13.670000076293945,102.41000366210938
2023-12-21,2600.02001953125,4746.75,13.649999618530273,101.83999633789062
2023-12-22,2599.510009765625,4754.6298828125,13.029999732971191,101.69999694824219
2023-12-23,2599.510009765625,4754.6298828125,13.029999732971191,101.69999694824219
2023-12-24,2599.510009765625,4754.6298828125,13.029999732971191,101.69999694824219
2023-12-25,2599.510009765625,4754.6298828125,13.029999732971191,101.69999694824219
2023-12-26,2602.590087890625,4774.75,12.989999771118164,101.47000122070312
2023-12-27,2613.5,4781.580078125,12.430000305175781,100.98999786376953
2023-12-28,2655.280029296875,4783.35009765625,12.470000267028809,101.2300033569336
2023-12-29,2655.280029296875,4769.830078125,12.449999809265137,101.33000183105469
2023-12-30,2655.280029296875,4769.830078125,12.449999809265137,101.33000183105469
2023-12-31,2655.280029296875,4769.830078125,12.449999809265137,101.33000183105469
2024-01-01,2655.280029296875,4769.830078125,12.449999809265137,101.33000183105469
2024-01-02,2669.81005859375,4742.830078125,13.199999809265137,102.19999694824219
2024-01-03,2607.31005859375,4704.81005859375,14.039999961853027,102.45999908447266
2024-01-04,2587.02001953125,4688.68017578125,14.130000114440918,102.41999816894531
2024-01-05,2578.080078125,4697.240234375,13.350000381469727,102.41000366210938
2024-01-06,2578.080078125,4697.240234375,13.350000381469727,102.41000366210938
2024-01-07,2578.080078125,4697.240234375,13.350000381469727,102.41000366210938
2024-01-08,2567.820068359375,4763.5400390625,13.079999923706055,102.20999908447266
2024-01-09,2561.239990234375,4756.5,12.760000228881836,102.56999969482422
2024-01-10,2541.97998046875,4783.4501953125,12.6899995803833,102.36000061035156
2024-01-11,2540.27001953125,4780.240234375,12.4399995803833,102.29000091552734
2024-01-12,2525.050048828125,4783.830078125,12.699999809265137,102.4000015258789
2024-01-13,2525.050048828125,4783.830078125,12.699999809265137,102.4000015258789
2024-01-14,2525.050048828125,4783.830078125,12.699999809265137,102.4000015258789
2024-01-15,2525.989990234375,4783.830078125,12.699999809265137,102.4000015258789
2024-01-16,2497.590087890625,4765.97998046875,13.84000015258789,103.36000061035156
2024-01-17,2435.89990234375,4739.2099609375,14.789999961853027,103.44999694824219
2024-01-18,2440.0400390625,4780.93994140625,14.130000114440918,103.54000091552734
2024-01-19,2472.739990234375,4839.81005859375,13.300000190734863,103.29000091552734
2024-01-20,2472.739990234375,4839.81005859375,13.300000190734863,103.29000091552734
2024-01-21,2472.739990234375,4839.81005859375,13.300000190734863,103.29000091552734
2024-01-22,2464.35009765625,4850.43017578125,13.1899995803833,103.33000183105469
2024-01-23,2478.610107421875,4864.60009765625,12.550000190734863,103.62000274658203
2024-01-24,2469.68994140625,4868.5498046875,13.140000343322754,103.23999786376953
2024-01-25,2470.340087890625,4894.16015625,13.449999809265137,103.56999969482422
2024-01-26,2478.56005859375,4890.97021484375,13.260000228881836,103.47000122070312
2024-01-27,2478.56005859375,4890.97021484375,13.260000228881836,103.47000122070312
2024-01-28,2478.56005859375,4890.97021484375,13.260000228881836,103.47000122070312
2024-01-29,2500.64990234375,4927.93017578125,13.600000381469727,103.61000061035156
2024-01-30,2498.81005859375,4924.97021484375,13.3100004196167,103.4000015258789
2024-01-31,2497.090087890625,4845.64990234375,14.350000381469727,103.2699966430664
2024-02-01,2542.4599609375,4906.18994140625,13.880000114440918,103.05000305175781
2024-02-02,2615.31005859375,4958.60986328125,13.850000381469727,103.91999816894531
2024-02-03,2615.31005859375,4958.60986328125,13.850000381469727,103.91999816894531
2024-02-04,2615.31005859375,4958.60986328125,13.850000381469727,103.91999816894531
2024-02-05,2591.31005859375,4942.81005859375,13.670000076293945,104.44999694824219
2024-02-06,2576.199951171875,4954.22998046875,13.0600004196167,104.18000030517578
2024-02-07,2609.580078125,4995.06005859375,12.829999923706055,104.04000091552734
2024-02-08,2620.320068359375,4997.91015625,12.789999961853027,104.1500015258789
2024-02-09,2620.320068359375,5026.60986328125,12.930000305175781,104.08000183105469
2024-02-10,2620.320068359375,5026.60986328125,12.930000305175781,104.08000183105469
2024-02-11,2620.320068359375,5026.60986328125,12.930000305175781,104.08000183105469
2024-02-12,2620.320068359375,5021.83984375,13.930000305175781,104.16999816894531
2024-02-13,2649.639892578125,4953.169921875,15.850000381469727,104.95999908447266
2024-02-14,2620.419921875,5000.6201171875,14.380000114440918,104.72000122070312
2024-02-15,2613.800048828125,5029.72998046875,14.010000228881836,104.30000305175781
2024-02-16,2648.760009765625,5005.56982421875,14.239999771118164,104.27999877929688
2024-02-17,2648.760009765625,5005.56982421875,14.239999771118164,104.27999877929688
2024-02-18,2648.760009765625,5005.56982421875,14.239999771118164,104.27999877929688
2024-02-19,2680.260009765625,5005.56982421875,14.239999771118164,104.27999877929688
2024-02-20,2657.7900390625,4975.509765625,15.420000076293945,104.08000183105469
2024-02-21,2653.31005859375,4981.7998046875,15.34000015258789,104.01000213623047
2024-02-22,2664.27001953125,5087.02978515625,14.539999961853027,103.95999908447266
2024-02-23,2667.699951171875,5088.7998046875,13.75,103.94000244140625
2024-02-24,2667.699951171875,5088.7998046875,13.75,103.94000244140625
2024-02-25,2667.699951171875,5088.7998046875,13.75,103.94000244140625
2024-02-26,2647.080078125,5069.52978515625,13.739999771118164,103.83000183105469
2024-02-27,2625.050048828125,5078.18017578125,13.430000305175781,103.83000183105469
2024-02-28,2652.2900390625,5069.759765625,13.84000015258789,103.9800033569336
2024-02-29,2642.360107421875,5096.27001953125,13.399999618530273,104.16000366210938
2024-03-01,2642.360107421875,5137.080078125,13.109999656677246,103.86000061035156
2024-03-02,2642.360107421875,5137.080078125,13.109999656677246,103.86000061035156
2024-03-03,2642.360107421875,5137.080078125,13.109999656677246,103.86000061035156
2024-03-04,2674.27001953125,5130.9501953125,13.489999771118164,103.83000183105469
2024-03-05,2649.39990234375,5078.64990234375,14.460000038146973,103.80000305175781
2024-03-06,2641.489990234375,5104.759765625,14.5,103.37000274658203
2024-03-07,2647.6201171875,5157.35986328125,14.4399995803833,102.81999969482422
2024-03-08,2680.35009765625,5123.68994140625,14.739999771118164,102.73999786376953
2024-03-09,2680.35009765625,5123.68994140625,14.739999771118164,102.73999786376953
2024-03-10,2680.35009765625,5123.68994140625,14.739999771118164,102.73999786376953
2024-03-11,2659.840087890625,5117.93994140625,15.220000267028809,102.87000274658203
2024-03-12,2681.81005859375,5175.27001953125,13.84000015258789,102.95999908447266
2024-03-13,2693.570068359375,5165.31005859375,13.75,102.79000091552734
2024-03-14,2718.760009765625,5150.47998046875,14.399999618530273,103.36000061035156
2024-03-15,2666.840087890625,5117.08984375,14.40999984741211,103.43000030517578
2024-03-16,2666.840087890625,5117.08984375,14.40999984741211,103.43000030517578
2024-03-17,2666.840087890625,5117.08984375,14.40999984741211,103.43000030517578
2024-03-18,2685.840087890625,5149.419921875,14.329999923706055,103.58000183105469
2024-03-19,2656.169921875,5178.509765625,13.819999694824219,103.80999755859375
2024-03-20,2690.139892578125,5224.6201171875,13.039999961853027,103.41000366210938
2024-03-21,2754.860107421875,5241.52978515625,12.920000076293945,104.0
2024-03-22,2748.56005859375,5234.18017578125,13.0600004196167,104.43000030517578
2024-03-23,2748.56005859375,5234.18017578125,13.0600004196167,104.43000030517578
2024-03-24,2748.56005859375,5234.18017578125,13.0600004196167,104.43000030517578
2024-03-25,2737.570068359375,5218.18994140625,13.1899995803833,104.2300033569336
2024-03-26,2757.090087890625,5203.580078125,13.239999771118164,104.29000091552734
2024-03-27,2755.110107421875,5248.490234375,12.779999732971191,104.3499984741211
2024-03-28,2745.820068359375,5254.35009765625,13.010000228881836,104.55000305175781
2024-03-29,2746.6298828125,5254.35009765625,13.010000228881836,104.55000305175781
2024-03-30,2746.6298828125,5254.35009765625,13.010000228881836,104.55000305175781
2024-03-31,2746.6298828125,5254.35009765625,13.010000228881836,104.55000305175781
2024-04-01,2747.860107421875,5243.77001953125,13.649999618530273,105.0199966430664
2024-04-02,2753.159912109375,5205.81005859375,14.609999656677246,104.81999969482422
2024-04-03,2706.969970703125,5211.490234375,14.329999923706055,104.25
2024-04-04,2742.0,5147.2099609375,16.350000381469727,104.12000274658203
2024-04-05,2714.2099609375,5204.33984375,16.030000686645508,104.30000305175781
2024-04-06,2714.2099609375,5204.33984375,16.030000686645508,104.30000305175781
2024-04-07,2714.2099609375,5204.33984375,16.030000686645508,104.30000305175781
2024-04-08,2717.64990234375,5202.39013671875,15.1899995803833,104.13999938964844
2024-04-09,2705.159912109375,5209.91015625,14.979999542236328,104.1500015258789
2024-04-10,2705.159912109375,5160.64013671875,15.800000190734863,105.25
2024-04-11,2706.9599609375,5199.06005859375,14.90999984741211,105.27999877929688
2024-04-12,2681.820068359375,5123.41015625,17.309999465942383,106.04000091552734
2024-04-13,2681.820068359375,5123.41015625,17.309999465942383,106.04000091552734
2024-04-14,2681.820068359375,5123.41015625,17.309999465942383,106.04000091552734
2024-04-15,2670.429931640625,5061.81982421875,19.229999542236328,106.20999908447266
2024-04-16,2609.6298828125,5051.41015625,18.399999618530273,106.26000213623047
2024-04-17,2584.179931640625,5022.2099609375,18.209999084472656,105.94999694824219
2024-04-18,2634.699951171875,5011.1201171875,18.0,106.1500015258789
2024-04-19,2591.860107421875,4967.22998046875,18.709999084472656,106.1500015258789
2024-04-20,2591.860107421875,4967.22998046875,18.709999084472656,106.1500015258789
2024-04-21,2591.860107421875,4967.22998046875,18.709999084472656,106.1500015258789
2024-04-22,2629.43994140625,5010.60009765625,16.940000534057617,106.08000183105469
2024-04-23,2623.02001953125,5070.5498046875,15.6899995803833,105.69000244140625
2024-04-24,2675.75,5071.6298828125,15.970000267028809,105.86000061035156
2024-04-25,2628.6201171875,5048.419921875,15.369999885559082,105.5999984741211
2024-04-26,2656.330078125,5099.9599609375,15.029999732971191,105.94000244140625
2024-04-27,2656.330078125,5099.9599609375,15.029999732971191,105.94000244140625
2024-04-28,2656.330078125,5099.9599609375,15.029999732971191,105.94000244140625
2024-04-29,2687.43994140625,5116.169921875,14.670000076293945,105.58000183105469
2024-04-30,2692.06005859375,5035.68994140625,15.649999618530273,106.22000122070312
2024-05-01,2692.06005859375,5018.39013671875,15.390000343322754,105.76000213623047
2024-05-02,2683.64990234375,5064.2001953125,14.680000305175781,105.30000305175781
2024-05-03,2676.6298828125,5127.7900390625,13.489999771118164,105.02999877929688
2024-05-04,2676.6298828125,5127.7900390625,13.489999771118164,105.02999877929688
2024-05-05,2676.6298828125,5127.7900390625,13.489999771118164,105.02999877929688
2024-05-06,2676.6298828125,5180.740234375,13.489999771118164,105.05000305175781
2024-05-07,2734.360107421875,5187.7001953125,13.229999542236328,105.41000366210938
2024-05-08,2745.050048828125,5187.669921875,13.0,105.55000305175781
2024-05-09,2712.139892578125,5214.080078125,12.6899995803833,105.2300033569336
2024-05-10,2727.6298828125,5222.68017578125,12.550000190734863,105.30999755859375
2024-05-11,2727.6298828125,5222.68017578125,12.550000190734863,105.30999755859375
2024-05-12,2727.6298828125,5222.68017578125,12.550000190734863,105.30999755859375
2024-05-13,2727.2099609375,5221.419921875,13.600000381469727,105.22000122070312
2024-05-14,2730.340087890625,5246.68017578125,13.420000076293945,105.01000213623047
2024-05-15,2730.340087890625,5308.14990234375,12.449999809265137,104.3499984741211
2024-05-16,2753.0,5297.10009765625,12.420000076293945,104.45999908447266
2024-05-17,2724.6201171875,5303.27001953125,11.989999771118164,104.44999694824219
2024-05-18,2724.6201171875,5303.27001953125,11.989999771118164,104.44999694824219
2024-05-19,2724.6201171875,5303.27001953125,11.989999771118164,104.44999694824219
2024-05-20,2742.139892578125,5308.1298828125,12.149999618530273,104.56999969482422
2024-05-21,2724.179931640625,5321.41015625,11.859999656677246,104.66000366210938
2024-05-22,2723.4599609375,5307.009765625,12.289999961853027,104.94000244140625
2024-05-23,2721.81005859375,5267.83984375,12.770000457763672,105.11000061035156
2024-05-24,2687.60009765625,5304.72021484375,11.930000305175781,104.72000122070312
2024-05-25,2687.60009765625,5304.72021484375,11.930000305175781,104.72000122070312
2024-05-26,2687.60009765625,5304.72021484375,11.930000305175781,104.72000122070312
2024-05-27,2722.989990234375,5304.72021484375,11.930000305175781,104.72000122070312
2024-05-28,2722.85009765625,5306.0400390625,12.920000076293945,104.61000061035156
2024-05-29,2677.300048828125,5266.9501953125,14.279999732971191,105.0999984741211
2024-05-30,2635.43994140625,5235.47998046875,14.470000267028809,104.72000122070312
2024-05-31,2636.52001953125,5277.509765625,12.920000076293945,104.66999816894531
2024-06-01,2636.52001953125,5277.509765625,12.920000076293945,104.66999816894531
2024-06-02,2636.52001953125,5277.509765625,12.920000076293945,104.66999816894531
2024-06-03,2682.52001953125,5283.39990234375,13.109999656677246,104.13999938964844
2024-06-04,2662.10009765625,5291.33984375,13.15999984741211,104.11000061035156
2024-06-05,2689.5,5354.02978515625,12.630000114440918,104.2699966430664
2024-06-06,2689.5,5352.9599609375,12.579999923706055,104.0999984741211
2024-06-07,2722.669921875,5346.990234375,12.220000267028809,104.88999938964844
2024-06-08,2722.669921875,5346.990234375,12.220000267028809,104.88999938964844
2024-06-09,2722.669921875,5346.990234375,12.220000267028809,104.88999938964844
2024-06-10,2701.169921875,5360.7900390625,12.739999771118164,105.1500015258789
2024-06-11,2705.320068359375,5375.31982421875,12.850000381469727,105.2300033569336
2024-06-12,2728.169921875,5421.02978515625,12.039999961853027,104.6500015258789
2024-06-13,2754.889892578125,5433.740234375,11.9399995803833,105.19999694824219
2024-06-14,2758.419921875,5431.60009765625,12.65999984741211,105.55000305175781
2024-06-15,2758.419921875,5431.60009765625,12.65999984741211,105.55000305175781
2024-06-16,2758.419921875,5431.60009765625,12.65999984741211,105.55000305175781
2024-06-17,2744.10009765625,5473.22998046875,12.75,105.31999969482422
2024-06-18,2763.919921875,5487.02978515625,12.300000190734863,105.26000213623047
2024-06-19,2797.330078125,5487.02978515625,12.300000190734863,105.26000213623047
2024-06-20,2807.6298828125,5473.169921875,13.279999732971191,105.58999633789062
2024-06-21,2784.260009765625,5464.6201171875,13.199999809265137,105.80000305175781
2024-06-22,2784.260009765625,5464.6201171875,13.199999809265137,105.80000305175781
2024-06-23,2784.260009765625,5464.6201171875,13.199999809265137,105.80000305175781
2024-06-24,2764.72998046875,5447.8701171875,13.329999923706055,105.47000122070312
2024-06-25,2774.389892578125,5469.2998046875,12.84000015258789,105.61000061035156
2024-06-26,2792.050048828125,5477.89990234375,12.550000190734863,106.05000305175781
2024-06-27,2784.06005859375,5482.8701171875,12.239999771118164,105.91000366210938
2024-06-28,2797.820068359375,5460.47998046875,12.4399995803833,105.87000274658203
2024-06-29,2797.820068359375,5460.47998046875,12.4399995803833,105.87000274658203
2024-06-30,2797.820068359375,5460.47998046875,12.4399995803833,105.87000274658203
2024-07-01,2804.31005859375,5475.08984375,12.220000267028809,105.9000015258789
2024-07-02,2780.860107421875,5509.009765625,12.029999732971191,105.72000122070312
2024-07-03,2794.010009765625,5537.02001953125,12.09000015258789,105.4000015258789
2024-07-04,2824.93994140625,5537.02001953125,12.09000015258789,105.4000015258789
2024-07-05,2862.22998046875,5567.18994140625,12.479999542236328,104.87999725341797
2024-07-06,2862.22998046875,5567.18994140625,12.479999542236328,104.87999725341797
2024-07-07,2862.22998046875,5567.18994140625,12.479999542236328,104.87999725341797
2024-07-08,2857.760009765625,5572.85009765625,12.369999885559082,105.01000213623047
2024-07-09,2867.3798828125,5576.97998046875,12.510000228881836,105.12000274658203
2024-07-10,2867.989990234375,5633.91015625,12.850000381469727,105.05000305175781
2024-07-11,2891.35009765625,5584.5400390625,12.920000076293945,104.44000244140625
2024-07-12,2857.0,5615.35009765625,12.460000038146973,104.08999633789062
2024-07-13,2857.0,5615.35009765625,12.460000038146973,104.08999633789062
2024-07-14,2857.0,5615.35009765625,12.460000038146973,104.08999633789062
2024-07-15,2860.919921875,5631.22021484375,13.119999885559082,104.19000244140625
2024-07-16,2866.090087890625,5667.2001953125,13.1899995803833,104.2699966430664
2024-07-17,2843.2900390625,5588.27001953125,14.479999542236328,103.75
2024-07-18,2824.35009765625,5544.58984375,15.930000305175781,104.16999816894531
2024-07-19,2795.4599609375,5505.0,16.520000457763672,104.4000015258789
2024-07-20,2795.4599609375,5505.0,16.520000457763672,104.4000015258789
2024-07-21,2795.4599609375,5505.0,16.520000457763672,104.4000015258789
2024-07-22,2763.510009765625,5564.41015625,14.90999984741211,104.30999755859375
2024-07-23,2774.2900390625,5555.740234375,14.720000267028809,104.44999694824219
2024-07-24,2758.7099609375,5427.1298828125,18.040000915527344,104.38999938964844
2024-07-25,2710.64990234375,5399.22021484375,18.459999084472656,104.36000061035156
2024-07-26,2731.89990234375,5459.10009765625,16.389999389648438,104.31999969482422
2024-07-27,2731.89990234375,5459.10009765625,16.389999389648438,104.31999969482422
2024-07-28,2731.89990234375,5459.10009765625,16.389999389648438,104.31999969482422
2024-07-29,2765.530029296875,5463.5400390625,16.600000381469727,104.55999755859375
2024-07-30,2738.18994140625,5436.43994140625,17.690000534057617,104.55000305175781
2024-07-31,2770.68994140625,5522.2998046875,16.360000610351562,104.0999984741211
2024-08-01,2777.679931640625,5446.68017578125,18.59000015258789,104.41999816894531
2024-08-02,2676.18994140625,5346.56005859375,23.389999389648438,103.20999908447266
2024-08-03,2676.18994140625,5346.56005859375,23.389999389648438,103.20999908447266
2024-08-04,2676.18994140625,5346.56005859375,23.389999389648438,103.20999908447266
2024-08-05,2441.550048828125,5186.330078125,38.56999969482422,102.69000244140625
2024-08-06,2522.14990234375,5240.02978515625,27.709999084472656,102.97000122070312
2024-08-07,2568.409912109375,5199.5,27.850000381469727,103.19999694824219
2024-08-08,2556.72998046875,5319.31005859375,23.790000915527344,103.20999908447266
2024-08-09,2588.429931640625,5344.16015625,20.3700008392334,103.13999938964844
2024-08-10,2588.429931640625,5344.16015625,20.3700008392334,103.13999938964844
2024-08-11,2588.429931640625,5344.16015625,20.3700008392334,103.13999938964844
2024-08-12,2618.300048828125,5344.39013671875,20.709999084472656,103.13999938964844
2024-08-13,2621.5,5434.43017578125,18.1200008392334,102.55999755859375
2024-08-14,2644.5,5455.2099609375,16.190000534057617,102.56999969482422
2024-08-15,2644.5,5543.22021484375,15.229999542236328,102.9800033569336
2024-08-16,2697.22998046875,5554.25,14.800000190734863,102.45999908447266
2024-08-17,2697.22998046875,5554.25,14.800000190734863,102.45999908447266
2024-08-18,2697.22998046875,5554.25,14.800000190734863,102.45999908447266
2024-08-19,2674.360107421875,5608.25,14.649999618530273,101.88999938964844
2024-08-20,2696.6298828125,5597.1201171875,15.880000114440918,101.44000244140625
2024-08-21,2701.1298828125,5620.85009765625,16.270000457763672,101.04000091552734
2024-08-22,2707.669921875,5570.64013671875,17.549999237060547,101.51000213623047
2024-08-23,2701.68994140625,5634.60986328125,15.859999656677246,100.72000122070312
2024-08-24,2701.68994140625,5634.60986328125,15.859999656677246,100.72000122070312
2024-08-25,2701.68994140625,5634.60986328125,15.859999656677246,100.72000122070312
2024-08-26,2698.010009765625,5616.83984375,16.149999618530273,100.8499984741211
2024-08-27,2689.25,5625.7998046875,15.430000305175781,100.55000305175781
2024-08-28,2689.830078125,5592.18017578125,17.110000610351562,101.08999633789062
2024-08-29,2662.280029296875,5591.9599609375,15.649999618530273,101.33999633789062
2024-08-30,2674.31005859375,5648.39990234375,15.0,101.69999694824219
2024-08-31,2674.31005859375,5648.39990234375,15.0,101.69999694824219
2024-09-01,2674.31005859375,5648.39990234375,15.0,101.69999694824219
2024-09-02,2681.0,5648.39990234375,15.0,101.69999694824219
2024-09-03,2664.6298828125,5528.93017578125,20.719999313354492,101.83000183105469
2024-09-04,2580.800048828125,5520.06982421875,21.31999969482422,101.36000061035156
2024-09-05,2575.5,5503.41015625,19.899999618530273,101.11000061035156
2024-09-06,2544.280029296875,5408.419921875,22.3799991607666,101.18000030517578
2024-09-07,2544.280029296875,5408.419921875,22.3799991607666,101.18000030517578
2024-09-08,2544.280029296875,5408.419921875,22.3799991607666,101.18000030517578
2024-09-09,2535.929931640625,5471.0498046875,19.450000762939453,101.55000305175781
2024-09-10,2523.429931640625,5495.52001953125,19.079999923706055,101.62999725341797
2024-09-11,2513.3701171875,5554.1298828125,17.690000534057617,101.68000030517578
2024-09-12,2572.090087890625,5595.759765625,17.06999969482422,101.37000274658203
2024-09-13,2575.409912109375,5626.02001953125,16.559999465942383,101.11000061035156
2024-09-14,2575.409912109375,5626.02001953125,16.559999465942383,101.11000061035156
2024-09-15,2575.409912109375,5626.02001953125,16.559999465942383,101.11000061035156
2024-09-16,2575.409912109375,5633.08984375,17.139999389648438,100.76000213623047
2024-09-17,2575.409912109375,5634.580078125,17.610000610351562,100.88999938964844
2024-09-18,2575.409912109375,5618.259765625,18.229999542236328,100.5999984741211
2024-09-19,2580.800048828125,5713.64013671875,16.329999923706055,100.61000061035156
2024-09-20,2593.3701171875,5702.5498046875,16.149999618530273,100.72000122070312
2024-09-21,2593.3701171875,5702.5498046875,16.149999618530273,100.72000122070312
2024-09-22,2593.3701171875,5702.5498046875,16.149999618530273,100.72000122070312
2024-09-23,2602.010009765625,5718.56982421875,15.890000343322754,100.91999816894531
2024-09-24,2631.679931640625,5732.93017578125,15.390000343322754,100.37000274658203
2024-09-25,2596.320068359375,5722.259765625,15.40999984741211,100.91999816894531
2024-09-26,2671.570068359375,5745.3701171875,15.369999885559082,100.55999755859375
2024-09-27,2649.780029296875,5738.169921875,16.959999084472656,100.41999816894531
2024-09-28,2649.780029296875,5738.169921875,16.959999084472656,100.41999816894531
2024-09-29,2649.780029296875,5738.169921875,16.959999084472656,100.41999816894531
2024-09-30,2593.27001953125,5762.47998046875,16.729999542236328,100.77999877929688
2024-10-01,2593.27001953125,5708.75,19.260000228881836,101.19000244140625
2024-10-02,2561.68994140625,5709.5400390625,18.899999618530273,101.68000030517578
2024-10-03,2561.68994140625,5699.93994140625,20.489999771118164,101.98999786376953
2024-10-04,2569.7099609375,5751.06982421875,19.209999084472656,102.5199966430664
2024-10-05,2569.7099609375,5751.06982421875,19.209999084472656,102.5199966430664
2024-10-06,2569.7099609375,5751.06982421875,19.209999084472656,102.5199966430664
2024-10-07,2610.3798828125,5695.93994140625,22.639999389648438,102.54000091552734
2024-10-08,2594.360107421875,5751.1298828125,21.420000076293945,102.55000305175781
2024-10-09,2594.360107421875,5792.0400390625,20.860000610351562,102.93000030517578
2024-10-10,2599.159912109375,5780.0498046875,20.93000030517578,102.98999786376953
2024-10-11,2596.909912109375,5815.02978515625,20.459999084472656,102.88999938964844
2024-10-12,2596.909912109375,5815.02978515625,20.459999084472656,102.88999938964844
2024-10-13,2596.909912109375,5815.02978515625,20.459999084472656,102.88999938964844
2024-10-14,2623.2900390625,5859.85009765625,19.700000762939453,103.30000305175781
2024-10-15,2633.449951171875,5815.259765625,20.639999389648438,103.26000213623047
2024-10-16,2610.360107421875,5842.47021484375,19.579999923706055,103.58999633789062
2024-10-17,2609.300048828125,5841.47021484375,19.110000610351562,103.83000183105469
2024-10-18,2593.820068359375,5864.669921875,18.030000686645508,103.48999786376953
2024-10-19,2593.820068359375,5864.669921875,18.030000686645508,103.48999786376953
2024-10-20,2593.820068359375,5864.669921875,18.030000686645508,103.48999786376953
2024-10-21,2604.919921875,5853.97998046875,18.3700008392334,104.01000213623047
2024-10-22,2570.699951171875,5851.2001953125,18.200000762939453,104.08000183105469
2024-10-23,2599.6201171875,5797.419921875,19.239999771118164,104.43000030517578
2024-10-24,2581.030029296875,5809.85986328125,19.079999923706055,104.05999755859375
2024-10-25,2583.27001953125,5808.1201171875,20.329999923706055,104.26000213623047
2024-10-26,2583.27001953125,5808.1201171875,20.329999923706055,104.26000213623047
2024-10-27,2583.27001953125,5808.1201171875,20.329999923706055,104.26000213623047
2024-10-28,2612.429931640625,5823.52001953125,19.799999237060547,104.31999969482422
2024-10-29,2617.800048828125,5832.919921875,19.34000015258789,104.27999877929688
2024-10-30,2593.7900390625,5813.669921875,20.350000381469727,103.98999786376953
2024-10-31,2556.14990234375,5705.4501953125,23.15999984741211,103.9800033569336
2024-11-01,2542.360107421875,5728.7998046875,21.8799991607666,104.27999877929688
2024-11-02,2542.360107421875,5728.7998046875,21.8799991607666,104.27999877929688
2024-11-03,2542.360107421875,5728.7998046875,21.8799991607666,104.27999877929688
2024-11-04,2588.969970703125,5712.68994140625,21.979999542236328,103.88999938964844
2024-11-05,2576.8798828125,5782.759765625,20.489999771118164,103.41999816894531
2024-11-06,2563.510009765625,5929.0400390625,16.270000457763672,105.08999633789062
2024-11-07,2564.6298828125,5973.10009765625,15.199999809265137,104.51000213623047
2024-11-08,2561.14990234375,5995.5400390625,14.9399995803833,105.0
2024-11-09,2561.14990234375,5995.5400390625,14.9399995803833,105.0
2024-11-10,2561.14990234375,5995.5400390625,14.9399995803833,105.0
2024-11-11,2531.659912109375,6001.35009765625,14.970000267028809,105.54000091552734
2024-11-12,2482.570068359375,5983.990234375,14.710000038146973,106.0199966430664
2024-11-13,2417.080078125,5985.3798828125,14.020000457763672,106.4800033569336
2024-11-14,2418.860107421875,5949.169921875,14.3100004196167,106.66999816894531
2024-11-15,2416.860107421875,5870.6201171875,16.139999389648438,106.69000244140625
2024-11-16,2416.860107421875,5870.6201171875,16.139999389648438,106.69000244140625
2024-11-17,2416.860107421875,5870.6201171875,16.139999389648438,106.69000244140625
2024-11-18,2469.070068359375,5893.6201171875,15.579999923706055,106.27999877929688
2024-11-19,2471.949951171875,5916.97998046875,16.350000381469727,106.20999908447266
2024-11-20,2482.2900390625,5917.10986328125,17.15999984741211,106.68000030517578
2024-11-21,2480.6298828125,5948.7099609375,16.8700008392334,106.97000122070312
2024-11-22,2501.239990234375,5969.33984375,15.239999771118164,107.48999786376953
2024-11-23,2501.239990234375,5969.33984375,15.239999771118164,107.48999786376953
2024-11-24,2501.239990234375,5969.33984375,15.239999771118164,107.48999786376953
2024-11-25,2534.340087890625,5987.3701171875,14.600000381469727,106.81999969482422
2024-11-26,2520.360107421875,6021.6298828125,14.100000381469727,107.01000213623047
2024-11-27,2503.06005859375,5998.740234375,14.100000381469727,106.08000183105469
2024-11-28,2504.669921875,5998.740234375,14.100000381469727,106.08000183105469
2024-11-29,2455.909912109375,6032.3798828125,13.510000228881836,105.73999786376953
2024-11-30,2455.909912109375,6032.3798828125,13.510000228881836,105.73999786376953
2024-12-01,2455.909912109375,6032.3798828125,13.510000228881836,105.73999786376953
2024-12-02,2454.47998046875,6047.14990234375,13.34000015258789,106.44999694824219
2024-12-03,2500.10009765625,6049.8798828125,13.300000190734863,106.37000274658203
2024-12-04,2464.0,6086.490234375,13.449999809265137,106.33999633789062
2024-12-05,2441.85009765625,6075.10986328125,13.539999961853027,105.70999908447266
2024-12-06,2428.159912109375,6090.27001953125,12.770000457763672,105.97000122070312
2024-12-07,2428.159912109375,6090.27001953125,12.770000457763672,105.97000122070312
2024-12-08,2428.159912109375,6090.27001953125,12.770000457763672,105.97000122070312
2024-12-09,2360.580078125,6052.85009765625,14.1899995803833,106.1500015258789
2024-12-10,2417.840087890625,6034.91015625,14.180000305175781,106.4000015258789
2024-12-11,2442.510009765625,6084.18994140625,13.579999923706055,106.70999908447266
2024-12-12,2482.1201171875,6051.25,13.920000076293945,106.95999908447266
2024-12-13,2494.4599609375,6051.08984375,13.8100004196167,107.0
2024-12-14,2494.4599609375,6051.08984375,13.8100004196167,107.0
2024-12-15,2494.4599609375,6051.08984375,13.8100004196167,107.0
2024-12-16,2488.969970703125,6074.080078125,14.6899995803833,106.86000061035156
2024-12-17,2456.81005859375,6050.60986328125,15.869999885559082,106.95999908447266
2024-12-18,2484.429931640625,5872.16015625,27.6200008392334,108.02999877929688
2024-12-19,2435.929931640625,5867.080078125,24.09000015258789,108.41000366210938
2024-12-20,2404.14990234375,5930.85009765625,18.360000610351562,107.62000274658203
2024-12-21,2404.14990234375,5930.85009765625,18.360000610351562,107.62000274658203
2024-12-22,2404.14990234375,5930.85009765625,18.360000610351562,107.62000274658203
2024-12-23,2442.010009765625,5974.06982421875,16.780000686645508,108.04000091552734
2024-12-24,2440.52001953125,6040.0400390625,14.270000457763672,108.26000213623047
2024-12-25,2440.52001953125,6040.0400390625,14.270000457763672,108.26000213623047
2024-12-26,2429.669921875,6037.58984375,14.729999542236328,108.12999725341797
2024-12-27,2404.77001953125,5970.83984375,15.949999809265137,108.0
2024-12-28,2404.77001953125,5970.83984375,15.949999809265137,108.0
2024-12-29,2404.77001953125,5970.83984375,15.949999809265137,108.0
2024-12-30,2399.489990234375,5906.93994140625,17.399999618530273,108.12999725341797
2024-12-31,2399.489990234375,5881.6298828125,17.350000381469727,108.48999786376953
2025-01-01,2399.489990234375,5881.6298828125,17.350000381469727,108.48999786376953
2025-01-02,2398.93994140625,5868.5498046875,17.93000030517578,109.38999938964844
2025-01-03,2441.919921875,5942.47021484375,16.1299991607666,108.94999694824219
2025-01-04,2441.919921875,5942.47021484375,16.1299991607666,108.94999694824219
2025-01-05,2441.919921875,5942.47021484375,16.1299991607666,108.94999694824219
2025-01-06,2488.639892578125,5975.3798828125,16.040000915527344,108.26000213623047
2025-01-07,2492.10009765625,5909.02978515625,17.81999969482422,108.54000091552734
2025-01-08,2521.050048828125,5918.25,17.700000762939453,109.08999633789062
2025-01-09,2521.89990234375,5918.25,17.700000762939453,109.18000030517578
2025-01-10,2515.780029296875,5827.0400390625,19.540000915527344,109.6500015258789
2025-01-11,2515.780029296875,5827.0400390625,19.540000915527344,109.6500015258789
2025-01-12,2515.780029296875,5827.0400390625,19.540000915527344,109.6500015258789
2025-01-13,2489.56005859375,5836.22021484375,19.190000534057617,109.95999908447266
2025-01-14,2497.39990234375,5842.91015625,18.709999084472656,109.2699966430664
2025-01-15,2496.81005859375,5949.91015625,16.1200008392334,109.08999633789062
2025-01-16,2527.489990234375,5937.33984375,16.600000381469727,108.95999908447266
2025-01-17,2523.550048828125,5996.66015625,15.970000267028809,109.3499984741211
2025-01-18,2523.550048828125,5996.66015625,15.970000267028809,109.3499984741211
2025-01-19,2523.550048828125,5996.66015625,15.970000267028809,109.3499984741211
2025-01-20,2520.050048828125,5996.66015625,15.970000267028809,109.3499984741211
2025-01-21,2518.030029296875,6049.240234375,15.0600004196167,108.05999755859375
2025-01-22,2547.06005859375,6086.3701171875,15.100000381469727,108.16999816894531
2025-01-23,2515.489990234375,6118.7099609375,15.020000457763672,108.05000305175781
2025-01-24,2536.800048828125,6101.240234375,14.850000381469727,107.44000244140625
2025-01-25,2536.800048828125,6101.240234375,14.850000381469727,107.44000244140625
2025-01-26,2536.800048828125,6101.240234375,14.850000381469727,107.44000244140625
2025-01-27,2536.800048828125,6012.27978515625,17.899999618530273,107.33999633789062
2025-01-28,2536.800048828125,6067.7001953125,16.40999984741211,107.87000274658203
2025-01-29,2536.800048828125,6039.31005859375,16.559999465942383,108.0
2025-01-30,2536.800048828125,6071.169921875,15.84000015258789,107.80000305175781
2025-01-31,2517.3701171875,6040.52978515625,16.43000030517578,108.37000274658203
2025-02-01,2517.3701171875,6040.52978515625,16.43000030517578,108.37000274658203
2025-02-02,2517.3701171875,6040.52978515625,16.43000030517578,108.37000274658203
2025-02-03,2453.949951171875,5994.56982421875,18.6200008392334,108.98999786376953
2025-02-04,2481.68994140625,6037.8798828125,17.209999084472656,107.95999908447266
2025-02-05,2509.27001953125,6061.47998046875,15.770000457763672,107.58000183105469
2025-02-06,2536.75,6083.56982421875,15.5,107.69000244140625
2025-02-07,2521.919921875,6025.990234375,16.540000915527344,108.04000091552734
2025-02-08,2521.919921875,6025.990234375,16.540000915527344,108.04000091552734
2025-02-09,2521.919921875,6025.990234375,16.540000915527344,108.04000091552734
2025-02-10,2521.27001953125,6066.43994140625,15.8100004196167,108.31999969482422
2025-02-11,2539.050048828125,6068.5,16.020000457763672,107.95999908447266
2025-02-12,2548.389892578125,6051.97021484375,15.890000343322754,107.94000244140625
2025-02-13,2583.169921875,6115.06982421875,15.100000381469727,107.30999755859375
2025-02-14,2591.050048828125,6114.6298828125,14.770000457763672,106.56999969482422
2025-02-15,2591.050048828125,6114.6298828125,14.770000457763672,106.56999969482422
2025-02-16,2591.050048828125,6114.6298828125,14.770000457763672,106.56999969482422
2025-02-17,2610.419921875,6114.6298828125,14.770000457763672,106.56999969482422
2025-02-18,2626.81005859375,6129.580078125,15.350000381469727,107.05000305175781
2025-02-19,2671.52001953125,6144.14990234375,15.270000457763672,107.16999816894531
2025-02-20,2654.06005859375,6117.52001953125,15.65999984741211,106.33999633789062
2025-02-21,2654.580078125,6013.1298828125,18.209999084472656,106.61000061035156
2025-02-22,2654.580078125,6013.1298828125,18.209999084472656,106.61000061035156
2025-02-23,2654.580078125,6013.1298828125,18.209999084472656,106.61000061035156
2025-02-24,2645.27001953125,5983.25,18.979999542236328,106.5999984741211
2025-02-25,2630.2900390625,5955.25,19.43000030517578,106.30999755859375
2025-02-26,2641.090087890625,5956.06005859375,19.100000381469727,106.41999816894531
2025-02-27,2621.75,5861.56982421875,21.1299991607666,107.23999786376953
2025-02-28,2532.780029296875,5954.5,19.6299991607666,107.61000061035156
2025-03-01,2532.780029296875,5954.5,19.6299991607666,107.61000061035156
2025-03-02,2532.780029296875,5954.5,19.6299991607666,107.61000061035156
2025-03-03,2532.780029296875,5849.72021484375,22.780000686645508,106.75
2025-03-04,2528.919921875,5778.14990234375,23.510000228881836,105.73999786376953
2025-03-05,2558.1298828125,5842.6298828125,21.93000030517578,105.73999786376953
2025-03-06,2576.159912109375,5738.52001953125,24.8700008392334,104.05999755859375
2025-03-07,2563.47998046875,5770.2001953125,23.3700008392334,103.83999633789062
2025-03-08,2563.47998046875,5770.2001953125,23.3700008392334,103.83999633789062
2025-03-09,2563.47998046875,5770.2001953125,23.3700008392334,103.83999633789062
2025-03-10,2570.389892578125,5614.56005859375,27.860000610351562,103.91000366210938
2025-03-11,2537.60009765625,5572.06982421875,26.920000076293945,103.44000244140625
2025-03-12,2574.820068359375,5599.2998046875,24.229999542236328,103.61000061035156
2025-03-13,2573.639892578125,5521.52001953125,24.65999984741211,103.83000183105469
2025-03-14,2566.360107421875,5638.93994140625,21.770000457763672,103.72000122070312
2025-03-15,2566.360107421875,5638.93994140625,21.770000457763672,103.72000122070312
2025-03-16,2566.360107421875,5638.93994140625,21.770000457763672,103.72000122070312
2025-03-17,2610.68994140625,5675.1201171875,20.510000228881836,103.37000274658203
2025-03-18,2612.340087890625,5614.66015625,21.700000762939453,103.23999786376953
2025-03-19,2628.6201171875,5675.2900390625,19.899999618530273,103.43000030517578
2025-03-20,2637.10009765625,5662.89013671875,19.799999237060547,103.8499984741211
2025-03-21,2643.1298828125,5667.56005859375,19.280000686645508,104.08999633789062
2025-03-22,2643.1298828125,5667.56005859375,19.280000686645508,104.08999633789062
2025-03-23,2643.1298828125,5667.56005859375,19.280000686645508,104.08999633789062
2025-03-24,2632.070068359375,5767.56982421875,17.479999542236328,104.26000213623047
2025-03-25,2615.81005859375,5776.64990234375,17.149999618530273,104.18000030517578
2025-03-26,2643.93994140625,5712.2001953125,18.329999923706055,104.55000305175781
2025-03-27,2607.14990234375,5693.31005859375,18.690000534057617,104.06999969482422
2025-03-28,2557.97998046875,5580.93994140625,21.649999618530273,104.04000091552734
2025-03-29,2557.97998046875,5580.93994140625,21.649999618530273,104.04000091552734
2025-03-30,2557.97998046875,5580.93994140625,21.649999618530273,104.04000091552734
2025-03-31,2481.1201171875,5611.85009765625,22.280000686645508,104.20999908447266
2025-04-01,2521.389892578125,5633.06982421875,21.770000457763672,104.26000213623047
2025-04-02,2505.860107421875,5670.97021484375,21.510000228881836,103.80999755859375
2025-04-03,2486.699951171875,5396.52001953125,30.020000457763672,102.06999969482422
2025-04-04,2465.419921875,5074.080078125,45.310001373291016,103.0199966430664
2025-04-05,2465.419921875,5074.080078125,45.310001373291016,103.0199966430664
2025-04-06,2465.419921875,5074.080078125,45.310001373291016,103.0199966430664
2025-04-07,2328.199951171875,5062.25,46.97999954223633,103.26000213623047
2025-04-08,2334.22998046875,4982.77001953125,52.33000183105469,102.95999908447266
2025-04-09,2293.699951171875,5456.89990234375,33.619998931884766,102.9000015258789
2025-04-10,2445.06005859375,5268.0498046875,40.720001220703125,100.87000274658203
2025-04-11,2432.719970703125,5363.35986328125,37.560001373291016,99.77999877929688
2025-04-12,2432.719970703125,5363.35986328125,37.560001373291016,99.77999877929688
2025-04-13,2432.719970703125,5363.35986328125,37.560001373291016,99.77999877929688
2025-04-14,2455.889892578125,5405.97021484375,30.889999389648438,99.63999938964844
2025-04-15,2477.409912109375,5396.6298828125,30.1200008392334,100.22000122070312
2025-04-16,2447.429931640625,5275.7001953125,32.63999938964844,99.37999725341797
2025-04-17,2470.409912109375,5282.7001953125,29.649999618530273,99.37999725341797
2025-04-18,2483.419921875,5282.7001953125,29.649999618530273,99.37999725341797
2025-04-19,2483.419921875,5282.7001953125,29.649999618530273,99.37999725341797
2025-04-20,2483.419921875,5282.7001953125,29.649999618530273,99.37999725341797
2025-04-21,2488.419921875,5158.2001953125,33.81999969482422,98.27999877929688
2025-04-22,2486.639892578125,5287.759765625,30.56999969482422,98.91999816894531
2025-04-23,2525.56005859375,5375.85986328125,28.450000762939453,99.83999633789062
2025-04-24,2522.330078125,5484.77001953125,26.469999313354492,99.29000091552734
2025-04-25,2546.300048828125,5525.2099609375,24.84000015258789,99.47000122070312
2025-04-26,2546.300048828125,5525.2099609375,24.84000015258789,99.47000122070312
2025-04-27,2546.300048828125,5525.2099609375,24.84000015258789,99.47000122070312
2025-04-28,2548.860107421875,5528.75,25.149999618530273,99.01000213623047
2025-04-29,2565.419921875,5560.830078125,24.170000076293945,99.23999786376953
2025-04-30,2556.610107421875,5569.06005859375,24.700000762939453,99.47000122070312
2025-05-01,2556.610107421875,5604.14013671875,24.600000381469727,100.25
2025-05-02,2559.7900390625,5686.669921875,22.68000030517578,100.0
2025-05-03,2559.7900390625,5686.669921875,22.68000030517578,100.0
2025-05-04,2559.7900390625,5686.669921875,22.68000030517578,100.0
2025-05-05,2559.7900390625,5650.3798828125,23.639999389648438,99.83000183105469
2025-05-06,2559.7900390625,5606.91015625,24.760000228881836,99.23999786376953
2025-05-07,2573.800048828125,5631.27978515625,23.549999237060547,99.61000061035156
2025-05-08,2579.47998046875,5663.93994140625,22.479999542236328,100.63999938964844
2025-05-09,2577.27001953125,5659.91015625,21.899999618530273,100.33999633789062
2025-05-10,2577.27001953125,5659.91015625,21.899999618530273,100.33999633789062
2025-05-11,2577.27001953125,5659.91015625,21.899999618530273,100.33999633789062
2025-05-12,2607.330078125,5844.18994140625,18.389999389648438,101.79000091552734
2025-05-13,2608.419921875,5886.5498046875,18.219999313354492,101.0
2025-05-14,2640.570068359375,5892.580078125,18.6200008392334,101.04000091552734
2025-05-15,2621.360107421875,5916.93017578125,17.829999923706055,100.87999725341797
2025-05-16,2626.8701171875,5958.3798828125,17.239999771118164,101.08999633789062
2025-05-17,2626.8701171875,5958.3798828125,17.239999771118164,101.08999633789062
2025-05-18,2626.8701171875,5958.3798828125,17.239999771118164,101.08999633789062
2025-05-19,2603.419921875,5963.60009765625,18.139999389648438,100.43000030517578
2025-05-20,2601.800048828125,5940.4599609375,18.09000015258789,100.12000274658203
2025-05-21,2625.580078125,5844.60986328125,20.8700008392334,99.55999755859375
2025-05-22,2593.669921875,5842.009765625,20.280000686645508,99.95999908447266
2025-05-23,2592.090087890625,5802.81982421875,22.290000915527344,99.11000061035156
2025-05-24,2592.090087890625,5802.81982421875,22.290000915527344,99.11000061035156
2025-05-25,2592.090087890625,5802.81982421875,22.290000915527344,99.11000061035156
2025-05-26,2644.39990234375,5802.81982421875,22.290000915527344,98.93000030517578
2025-05-27,2637.219970703125,5921.5400390625,18.959999084472656,99.5199966430664
2025-05-28,2670.14990234375,5888.5498046875,19.309999465942383,99.87999725341797
2025-05-29,2720.639892578125,5912.169921875,19.18000030517578,99.27999877929688
2025-05-30,2697.669921875,5911.68994140625,18.56999969482422,99.33000183105469
2025-05-31,2697.669921875,5911.68994140625,18.56999969482422,99.33000183105469
2025-06-01,2697.669921875,5911.68994140625,18.56999969482422,99.33000183105469
2025-06-02,2698.969970703125,5935.93994140625,18.360000610351562,98.69999694824219
2025-06-03,2698.969970703125,5970.3701171875,17.690000534057617,99.25
2025-06-04,2770.840087890625,5970.81005859375,17.610000610351562,98.79000091552734
2025-06-05,2812.050048828125,5939.2998046875,18.479999542236328,98.73999786376953
2025-06-06,2812.050048828125,6000.35986328125,16.770000457763672,99.19000244140625
2025-06-07,2812.050048828125,6000.35986328125,16.770000457763672,99.19000244140625
2025-06-08,2812.050048828125,6000.35986328125,16.770000457763672,99.19000244140625
2025-06-09,2855.77001953125,6005.8798828125,17.15999984741211,98.94000244140625
2025-06-10,2871.85009765625,6038.81005859375,16.950000762939453,99.05000305175781
2025-06-11,2907.0400390625,6022.240234375,17.260000228881836,98.62999725341797
2025-06-12,2920.030029296875,6045.259765625,18.020000457763672,97.91999816894531
2025-06-13,2894.6201171875,5976.97021484375,20.81999969482422,98.18000030517578
2025-06-14,2894.6201171875,5976.97021484375,20.81999969482422,98.18000030517578
2025-06-15,2894.6201171875,5976.97021484375,20.81999969482422,98.18000030517578
2025-06-16,2946.659912109375,6033.10986328125,19.110000610351562,98.0
2025-06-17,2950.300048828125,5982.72021484375,21.600000381469727,98.81999969482422
2025-06-18,2972.18994140625,5980.8701171875,20.139999389648438,98.91000366210938
2025-06-19,2977.739990234375,5980.8701171875,20.139999389648438,98.91000366210938
2025-06-20,3021.840087890625,5967.83984375,20.6200008392334,98.70999908447266
2025-06-21,3021.840087890625,5967.83984375,20.6200008392334,98.70999908447266
2025-06-22,3021.840087890625,5967.83984375,20.6200008392334,98.70999908447266
2025-06-23,3014.469970703125,6025.169921875,19.829999923706055,98.41999816894531
2025-06-24,3103.639892578125,6092.18017578125,17.479999542236328,97.86000061035156
2025-06-25,3108.25,6092.16015625,16.760000228881836,97.68000030517578
2025-06-26,3079.56005859375,6141.02001953125,16.59000015258789,97.1500015258789
2025-06-27,3055.93994140625,6173.06982421875,16.31999969482422,97.4000015258789
2025-06-28,3055.93994140625,6173.06982421875,16.31999969482422,97.4000015258789
2025-06-29,3055.93994140625,6173.06982421875,16.31999969482422,97.4000015258789
2025-06-30,3071.699951171875,6204.9501953125,16.729999542236328,96.87999725341797
2025-07-01,3089.64990234375,6198.009765625,16.829999923706055,96.81999969482422
2025-07-02,3075.06005859375,6227.419921875,16.639999389648438,96.77999877929688
2025-07-03,3116.27001953125,6279.35009765625,16.3799991607666,97.18000030517578
2025-07-04,3054.280029296875,6279.35009765625,16.3799991607666,97.18000030517578
2025-07-05,3054.280029296875,6279.35009765625,16.3799991607666,97.18000030517578
2025-07-06,3054.280029296875,6279.35009765625,16.3799991607666,97.18000030517578
2025-07-07,3059.469970703125,6229.97998046875,17.790000915527344,97.4800033569336
2025-07-08,3114.949951171875,6225.52001953125,16.809999465942383,97.51000213623047
2025-07-09,3133.739990234375,6263.259765625,15.9399995803833,97.47000122070312
2025-07-10,3183.22998046875,6280.4599609375,15.779999732971191,97.6500015258789
2025-07-11,3175.77001953125,6259.75,16.399999618530273,97.8499984741211
2025-07-12,3175.77001953125,6259.75,16.399999618530273,97.8499984741211
2025-07-13,3175.77001953125,6259.75,16.399999618530273,97.8499984741211
2025-07-14,3202.030029296875,6268.56005859375,17.200000762939453,98.08000183105469
2025-07-15,3215.280029296875,6243.759765625,17.3799991607666,98.62000274658203
2025-07-16,3186.3798828125,6263.7001953125,17.15999984741211,98.38999938964844
2025-07-17,3192.2900390625,6297.35986328125,16.520000457763672,98.7300033569336
2025-07-18,3188.070068359375,6296.7900390625,16.40999984741211,98.4800033569336
2025-07-19,3188.070068359375,6296.7900390625,16.40999984741211,98.4800033569336
2025-07-20,3188.070068359375,6296.7900390625,16.40999984741211,98.4800033569336
2025-07-21,3210.81005859375,6305.60009765625,16.649999618530273,97.8499984741211
2025-07-22,3169.93994140625,6309.6201171875,16.5,97.38999938964844
2025-07-23,3183.77001953125,6358.91015625,15.369999885559082,97.20999908447266
2025-07-24,3190.449951171875,6363.35009765625,15.390000343322754,97.37999725341797
2025-07-25,3196.050048828125,6388.64013671875,14.930000305175781,97.6500015258789
2025-07-26,3196.050048828125,6388.64013671875,14.930000305175781,97.6500015258789
2025-07-27,3196.050048828125,6388.64013671875,14.930000305175781,97.6500015258789
2025-07-28,3209.52001953125,6389.77001953125,15.029999732971191,98.66000366210938
2025-07-29,3230.570068359375,6370.85986328125,15.979999542236328,98.91000366210938
2025-07-30,3254.469970703125,6362.89990234375,15.479999542236328,99.94000244140625
2025-07-31,3245.43994140625,6339.39013671875,16.719999313354492,100.02999877929688
2025-08-01,3119.409912109375,6238.009765625,20.3799991607666,98.69000244140625
2025-08-02,3119.409912109375,6238.009765625,20.3799991607666,98.69000244140625
2025-08-03,3119.409912109375,6238.009765625,20.3799991607666,98.69000244140625
2025-08-04,3147.75,6329.93994140625,17.520000457763672,98.77999877929688
2025-08-05,3198.0,6299.18994140625,17.850000381469727,98.77999877929688
2025-08-06,3198.139892578125,6345.06005859375,16.770000457763672,98.18000030517578
2025-08-07,3227.679931640625,6340.0,16.56999969482422,98.4000015258789
2025-08-08,3210.010009765625,6389.4501953125,15.149999618530273,98.18000030517578
2025-08-09,3210.010009765625,6389.4501953125,15.149999618530273,98.18000030517578
2025-08-10,3210.010009765625,6389.4501953125,15.149999618530273,98.18000030517578
2025-08-11,3206.77001953125,6373.4501953125,16.25,98.5199966430664
2025-08-12,3189.909912109375,6445.759765625,14.729999542236328,98.0999984741211
2025-08-13,3224.3701171875,6466.580078125,14.489999771118164,97.83999633789062
2025-08-14,3225.659912109375,6468.5400390625,14.829999923706055,98.25
2025-08-15,3225.659912109375,6449.7998046875,15.09000015258789,97.8499984741211
2025-08-16,3225.659912109375,6449.7998046875,15.09000015258789,97.8499984741211
2025-08-17,3225.659912109375,6449.7998046875,15.09000015258789,97.8499984741211
2025-08-18,3177.280029296875,6449.14990234375,14.989999771118164,98.16999816894531
2025-08-19,3151.56005859375,6411.3701171875,15.569999694824219,98.2699966430664
2025-08-20,3130.090087890625,6395.77978515625,15.6899995803833,98.22000122070312
2025-08-21,3141.739990234375,6370.169921875,16.600000381469727,98.62000274658203
2025-08-22,3168.72998046875,6466.91015625,14.220000267028809,97.72000122070312
2025-08-23,3168.72998046875,6466.91015625,14.220000267028809,97.72000122070312
2025-08-24,3168.72998046875,6466.91015625,14.220000267028809,97.72000122070312
2025-08-25,3209.860107421875,6439.31982421875,14.789999961853027,98.43000030517578
2025-08-26,3179.360107421875,6465.93994140625,14.619999885559082,98.2300033569336
2025-08-27,3187.159912109375,6481.39990234375,14.850000381469727,98.2300033569336
2025-08-28,3196.320068359375,6501.85986328125,14.430000305175781,97.80999755859375
2025-08-29,3186.010009765625,6460.259765625,15.359999656677246,97.7699966430664
2025-08-30,3186.010009765625,6460.259765625,15.359999656677246,97.7699966430664
2025-08-31,3186.010009765625,6460.259765625,15.359999656677246,97.7699966430664
2025-09-01,3142.929931640625,6460.259765625,15.359999656677246,97.7699966430664
2025-09-02,3172.35009765625,6415.5400390625,17.170000076293945,98.4000015258789
2025-09-03,3184.419921875,6448.259765625,16.350000381469727,98.13999938964844
2025-09-04,3200.830078125,6502.080078125,15.300000190734863,98.3499984741211
2025-09-05,3205.1201171875,6481.5,15.180000305175781,97.7699966430664
2025-09-06,3205.1201171875,6481.5,15.180000305175781,97.7699966430664
2025-09-07,3205.1201171875,6481.5,15.180000305175781,97.7699966430664
2025-09-08,3219.590087890625,6495.14990234375,15.109999656677246,97.44999694824219
2025-09-09,3260.050048828125,6512.60986328125,15.039999961853027,97.79000091552734
2025-09-10,3314.530029296875,6532.0400390625,15.350000381469727,97.77999877929688
2025-09-11,3344.199951171875,6587.47021484375,14.710000038146973,97.54000091552734
2025-09-12,3395.5400390625,6584.2900390625,14.760000228881836,97.55000305175781
2025-09-13,3395.5400390625,6584.2900390625,14.760000228881836,97.55000305175781
2025-09-14,3395.5400390625,6584.2900390625,14.760000228881836,97.55000305175781
2025-09-15,3407.31005859375,6615.27978515625,15.6899995803833,97.30000305175781
2025-09-16,3449.6201171875,6606.759765625,16.360000610351562,96.62999725341797
2025-09-17,3413.39990234375,6600.35009765625,15.720000267028809,96.87000274658203
2025-09-18,3461.300048828125,6631.9599609375,15.699999809265137,97.3499984741211
2025-09-19,3445.239990234375,6664.35986328125,15.449999809265137,97.63999938964844
2025-09-20,3445.239990234375,6664.35986328125,15.449999809265137,97.63999938964844
2025-09-21,3445.239990234375,6664.35986328125,15.449999809265137,97.63999938964844
2025-09-22,3468.64990234375,6693.75,16.100000381469727,97.33000183105469
2025-09-23,3486.18994140625,6656.919921875,16.639999389648438,97.26000213623047
2025-09-24,3472.139892578125,6637.97021484375,16.18000030517578,97.87000274658203
2025-09-25,3471.110107421875,6604.72021484375,16.739999771118164,98.55000305175781
2025-09-26,3386.050048828125,6643.7001953125,15.289999961853027,98.1500015258789
2025-09-27,3386.050048828125,6643.7001953125,15.289999961853027,98.1500015258789
2025-09-28,3386.050048828125,6643.7001953125,15.289999961853027,98.1500015258789
2025-09-29,3431.2099609375,6661.2099609375,16.1200008392334,97.91000366210938
2025-09-30,3424.60009765625,6688.4599609375,16.280000686645508,97.7699966430664
