DATE,US_Upper,US_Lower,US_Avg,KR_Rate,RateDiff(US-KR),WTI,KOSPI,SP500,VIX,DXY,KOR_CPI,CPIAUCSL,CPILFESL,CPI_DIFF,PPIACO,PALLFNFINDEXQ,USD/KRW,MA_7,MA_30,Change(%)
2020-01-01,1.75,1.5,1.625,1.25,0.375,61.06,2175.169921875,3230.780029296875,13.779999732971191,96.38999938964844,100.09,259.127,266.716,-159.037,199.3,107.37326913227,1153.75,,,0.0
2020-01-02,1.75,1.5,1.625,1.25,0.375,61.18,2175.169921875,3257.85009765625,12.470000267028809,96.8499984741211,100.09,259.127,266.716,-159.037,199.3,107.37326913227,1153.969971,,,0.019065742145185638
2020-01-03,1.75,1.5,1.625,1.25,0.375,63.05,2176.4599609375,3234.85009765625,14.020000457763672,96.83999633789062,100.09,259.127,266.716,-159.037,199.3,107.37326913227,1157.150024,,,0.27557502187376404
2020-01-04,1.75,1.5,1.625,1.25,0.375,63.05,2176.4599609375,3234.85009765625,14.020000457763672,96.83999633789062,100.09,259.127,266.716,-159.037,199.3,107.37326913227,1157.150024,,,0.0
2020-01-05,1.75,1.5,1.625,1.25,0.375,63.05,2176.4599609375,3234.85009765625,14.020000457763672,96.83999633789062,100.09,259.127,266.716,-159.037,199.3,107.37326913227,1157.150024,,,0.0
2020-01-06,1.75,1.5,1.625,1.25,0.375,63.27,2155.070068359375,3246.280029296875,13.850000381469728,96.66999816894533,100.09,259.127,266.716,-159.037,199.3,107.37326913227,1165.849976,,,0.751843047103451
2020-01-07,1.75,1.5,1.625,1.25,0.375,62.7,2175.5400390625,3237.179931640625,13.789999961853027,96.9800033569336,100.09,259.127,266.716,-159.037,199.3,107.37326913227,1167.420044,1158.920009,,0.1346715299842316
2020-01-08,1.75,1.5,1.625,1.25,0.375,59.61,2151.31005859375,3253.050048828125,13.449999809265137,97.3000030517578,100.09,259.127,266.716,-159.037,199.3,107.37326913227,1166.459961,1160.7357177142858,,-0.08223972210639197
2020-01-09,1.75,1.5,1.625,1.25,0.375,59.56,2186.449951171875,3274.699951171875,12.539999961853027,97.4499969482422,100.09,259.127,266.716,-159.037,199.3,107.37326913227,1161.26001,1161.7771518571428,,-0.44578906896574066
2020-01-10,1.75,1.5,1.625,1.25,0.375,59.04,2206.389892578125,3265.35009765625,12.5600004196167,97.36000061035156,100.09,259.127,266.716,-159.037,199.3,107.37326913227,1157.810059,1161.8714425714286,,-0.29708686859888367
2020-01-11,1.75,1.5,1.625,1.25,0.375,59.04,2206.389892578125,3265.35009765625,12.5600004196167,97.36000061035156,100.09,259.127,266.716,-159.037,199.3,107.37326913227,1157.810059,1161.9657332857144,,0.0
2020-01-12,1.75,1.5,1.625,1.25,0.375,59.04,2206.389892578125,3265.35009765625,12.5600004196167,97.36000061035156,100.09,259.127,266.716,-159.037,199.3,107.37326913227,1157.810059,1162.0600239999999,,0.0
2020-01-13,1.75,1.5,1.625,1.25,0.375,58.08,2229.260009765625,3288.1298828125,12.31999969482422,97.3499984741211,100.09,259.127,266.716,-159.037,199.3,107.37326913227,1156.930054,1160.7857494285713,,-0.07600599020188836
2020-01-14,1.75,1.5,1.625,1.25,0.375,58.23,2238.8798828125,3283.14990234375,12.390000343322754,97.37000274658205,100.09,259.127,266.716,-159.037,199.3,107.37326913227,1153.939941,1158.8600204285715,,-0.25845235757008256
2020-01-15,1.75,1.5,1.625,1.25,0.375,57.81,2230.97998046875,3289.2900390625,12.420000076293944,97.2300033569336,100.09,259.127,266.716,-159.037,199.3,107.37326913227,1157.050049,1157.515747285714,,0.26952078609088215
2020-01-16,1.75,1.5,1.625,1.25,0.375,58.52,2248.050048828125,3316.81005859375,12.31999969482422,97.31999969482422,100.09,259.127,266.716,-159.037,199.3,107.37326913227,1156.780029,1156.87575,,-0.023336933457052123
2020-01-17,1.75,1.5,1.625,1.25,0.375,58.54,2250.570068359375,3329.6201171875,12.100000381469728,97.61000061035156,100.09,259.127,266.716,-159.037,199.3,107.37326913227,1158.77002,1157.0128872857142,,0.17202847128336973
2020-01-18,1.75,1.5,1.625,1.25,0.375,58.54,2250.570068359375,3329.6201171875,12.100000381469728,97.61000061035156,100.09,259.127,266.716,-159.037,199.3,107.37326913227,1158.77002,1157.1500245714285,,0.0
2020-01-19,1.75,1.5,1.625,1.25,0.375,58.54,2250.570068359375,3329.6201171875,12.100000381469728,97.61000061035156,100.09,259.127,266.716,-159.037,199.3,107.37326913227,1158.77002,1157.2871618571428,,0.0
2020-01-20,1.75,1.5,1.625,1.25,0.375,58.54,2262.639892578125,3329.6201171875,12.100000381469728,97.61000061035156,100.09,259.127,266.716,-159.037,199.3,107.37326913227,1160.359985,1157.777152,,0.1372114373480393
2020-01-21,1.75,1.5,1.625,1.25,0.375,58.34,2239.68994140625,3320.7900390625,12.850000381469728,97.52999877929688,100.09,259.127,266.716,-159.037,199.3,107.37326913227,1157.569946,1158.2957241428571,,-0.2404459853896146
2020-01-22,1.75,1.5,1.625,1.25,0.375,56.74,2267.25,3321.75,12.90999984741211,97.52999877929688,100.09,259.127,266.716,-159.037,199.3,107.37326913227,1168.73999,1159.9657157142858,,0.9649562895614361
2020-01-23,1.75,1.5,1.625,1.25,0.375,55.59,2246.1298828125,3325.5400390625,12.979999542236328,97.69000244140624,100.09,259.127,266.716,-159.037,199.3,107.37326913227,1163.72998,1160.958565857143,,-0.4286676286314073
2020-01-24,1.75,1.5,1.625,1.25,0.375,54.19,2246.1298828125,3295.469970703125,14.5600004196167,97.8499984741211,100.09,259.127,266.716,-159.037,199.3,107.37326913227,1167.599976,1162.2199881428571,,0.33255102700024963
2020-01-25,1.75,1.5,1.625,1.25,0.375,54.19,2246.1298828125,3295.469970703125,14.5600004196167,97.8499984741211,100.09,259.127,266.716,-159.037,199.3,107.37326913227,1167.599976,1163.4814104285713,,0.0
2020-01-26,1.75,1.5,1.625,1.25,0.375,54.19,2246.1298828125,3295.469970703125,14.5600004196167,97.8499984741211,100.09,259.127,266.716,-159.037,199.3,107.37326913227,1167.599976,1164.7428327142857,,0.0
2020-01-27,1.75,1.5,1.625,1.25,0.375,53.14,2246.1298828125,3243.6298828125,18.229999542236328,97.95999908447266,100.09,259.127,266.716,-159.037,199.3,107.37326913227,1169.150024,1165.9985525714287,,0.13275505582917013
2020-01-28,1.75,1.5,1.625,1.25,0.375,53.48,2176.719970703125,3276.239990234375,16.280000686645508,98.0199966430664,100.09,259.127,266.716,-159.037,199.3,107.37326913227,1176.72998,1168.7357002857145,,0.6483304832058057
2020-01-29,1.75,1.5,1.625,1.25,0.375,53.33,2185.280029296875,3273.39990234375,16.389999389648438,97.98999786376952,100.09,259.127,266.716,-159.037,199.3,107.37326913227,1174.280029,1169.5271344285716,,-0.20819993045473328
2020-01-30,1.75,1.5,1.625,1.25,0.375,52.14,2148.0,3283.659912109375,15.489999771118164,97.87000274658205,100.09,259.127,266.716,-159.037,199.3,107.37326913227,1178.079956,1171.577131,1162.2013387333332,0.3235963233774841
2020-01-31,1.75,1.5,1.625,1.25,0.375,51.56,2119.010009765625,3225.52001953125,18.84000015258789,97.38999938964844,100.09,259.127,266.716,-159.037,199.3,107.37326913227,1187.119995,1174.365705142857,1163.3136719,0.7673536039688011
2020-02-01,1.75,1.5,1.625,1.25,0.375,51.56,2119.010009765625,3225.52001953125,18.84000015258789,97.38999938964844,100.16,259.25,267.37,-159.09,196.7,107.37326913227,1187.119995,1177.1542792857144,1164.4186727000001,0.0
2020-02-02,1.75,1.5,1.625,1.25,0.375,51.56,2119.010009765625,3225.52001953125,18.84000015258789,97.38999938964844,100.16,259.25,267.37,-159.09,196.7,107.37326913227,1187.119995,1179.9428534285714,1165.4176717333332,0.0
2020-02-03,1.75,1.5,1.625,1.25,0.375,50.11,2118.8798828125,3248.919921875,17.969999313354492,97.8000030517578,100.16,259.25,267.37,-159.09,196.7,107.37326913227,1194.869995,1183.617135,1166.6750041,0.6528404906531726
2020-02-04,1.75,1.5,1.625,1.25,0.375,49.61,2157.89990234375,3297.590087890625,16.049999237060547,97.95999908447266,100.16,259.25,267.37,-159.09,196.7,107.37326913227,1189.359985,1185.4214214285714,1167.7486694666666,-0.4611388705931918
2020-02-05,1.75,1.5,1.625,1.25,0.375,50.75,2165.6298828125,3334.68994140625,15.149999618530272,98.2699966430664,100.16,259.25,267.37,-159.09,196.7,107.37326913227,1182.47998,1186.5928430000001,1168.3030029333333,-0.5784627940042864
2020-02-06,1.75,1.5,1.625,1.25,0.375,50.95,2227.93994140625,3345.780029296875,14.960000038146973,98.5,100.16,259.25,267.37,-159.09,196.7,107.37326913227,1183.459961,1187.3614151428571,1168.8376668333333,0.08287506059934113
2020-02-07,1.75,1.5,1.625,1.25,0.375,50.32,2211.949951171875,3327.7099609375,15.470000267028809,98.68000030517578,100.16,259.25,267.37,-159.09,196.7,107.37326913227,1184.25,1186.9514158571426,1169.4306681333333,0.06675671556579665
2020-02-08,1.75,1.5,1.625,1.25,0.375,50.32,2211.949951171875,3327.7099609375,15.470000267028809,98.68000030517578,100.16,259.25,267.37,-159.09,196.7,107.37326913227,1184.25,1186.5414165714287,1170.1970011333333,0.0
2020-02-09,1.75,1.5,1.625,1.25,0.375,50.32,2211.949951171875,3327.7099609375,15.470000267028809,98.68000030517578,100.16,259.25,267.37,-159.09,196.7,107.37326913227,1184.25,1186.1314172857144,1171.0783325000002,0.0
2020-02-10,1.75,1.5,1.625,1.25,0.375,49.57,2201.070068359375,3352.090087890625,15.039999961853027,98.83000183105467,100.16,259.25,267.37,-159.09,196.7,107.37326913227,1191.089966,1185.5914131428574,1172.1876627333334,0.5775778762930228
2020-02-11,1.75,1.5,1.625,1.25,0.375,49.94,2223.1201171875,3357.75,15.18000030517578,98.72000122070312,100.16,259.25,267.37,-159.09,196.7,107.37326913227,1185.630005,1185.0585588571428,1173.1149942666666,-0.45840038585297505
2020-02-12,1.75,1.5,1.625,1.25,0.375,51.17,2238.3798828125,3379.449951171875,13.739999771118164,99.0500030517578,100.16,259.25,267.37,-159.09,196.7,107.37326913227,1180.719971,1184.807129,1173.9079915,-0.4141286893291851
2020-02-13,1.75,1.5,1.625,1.25,0.375,51.42,2232.9599609375,3373.93994140625,14.149999618530272,99.06999969482422,100.16,259.25,267.37,-159.09,196.7,107.37326913227,1177.959961,1184.0214147142856,1174.7086588333332,-0.23375652718590212
2020-02-14,1.75,1.5,1.625,1.25,0.375,52.05,2243.590087890625,3380.159912109375,13.68000030517578,99.12000274658205,100.16,259.25,267.37,-159.09,196.7,107.37326913227,1183.469971,1183.909982,1175.5893228999998,0.4677586830134972
2020-02-15,1.75,1.5,1.625,1.25,0.375,52.05,2243.590087890625,3380.159912109375,13.68000030517578,99.12000274658205,100.16,259.25,267.37,-159.09,196.7,107.37326913227,1183.469971,1183.7985492857144,1176.4789876333334,0.0
2020-02-16,1.75,1.5,1.625,1.25,0.375,52.05,2243.590087890625,3380.159912109375,13.68000030517578,99.12000274658205,100.16,259.25,267.37,-159.09,196.7,107.37326913227,1183.469971,1183.6871165714288,1177.3023193333333,0.0
2020-02-17,1.75,1.5,1.625,1.25,0.375,52.05,2242.169921875,3380.159912109375,13.68000030517578,99.12000274658205,100.16,259.25,267.37,-159.09,196.7,107.37326913227,1182.180054,1182.414272,1178.0826538,-0.10899448499822606
2020-02-18,1.75,1.5,1.625,1.25,0.375,52.05,2208.8798828125,3370.2900390625,14.829999923706056,99.45999908447266,100.16,259.25,267.37,-159.09,196.7,107.37326913227,1183.810059,1182.1542797142854,1178.9173217666669,0.13788128081544393
2020-02-19,1.75,1.5,1.625,1.25,0.375,53.29,2210.340087890625,3386.14990234375,14.380000114440918,99.5999984741211,100.16,259.25,267.37,-159.09,196.7,107.37326913227,1189.930054,1183.470005857143,1179.9029907333331,0.5169744042528013
2020-02-20,1.75,1.5,1.625,1.25,0.375,53.78,2195.5,3373.22998046875,15.5600004196167,99.87000274658205,100.16,259.25,267.37,-159.09,196.7,107.37326913227,1191.369995,1185.3857249999999,1181.0296590333335,0.12101055815505468
2020-02-21,1.75,1.5,1.625,1.25,0.375,53.38,2162.840087890625,3337.75,17.079999923706055,99.26000213623048,100.16,259.25,267.37,-159.09,196.7,107.37326913227,1204.400024,1188.3757325714287,1182.2183268333333,1.093701289665261
2020-02-22,1.75,1.5,1.625,1.25,0.375,53.38,2162.840087890625,3337.75,17.079999923706055,99.26000213623048,100.16,259.25,267.37,-159.09,196.7,107.37326913227,1204.400024,1191.365740142857,1183.5739949666665,0.0
2020-02-23,1.75,1.5,1.625,1.25,0.375,53.38,2162.840087890625,3337.75,17.079999923706055,99.26000213623048,100.16,259.25,267.37,-159.09,196.7,107.37326913227,1204.400024,1194.3557477142858,1184.8006632333334,0.0
2020-02-24,1.75,1.5,1.625,1.25,0.375,51.43,2079.0400390625,3225.889892578125,25.030000686645508,99.29000091552734,100.16,259.25,267.37,-159.09,196.7,107.37326913227,1205.77002,1197.725742857143,1186.0729980333335,0.11374925047327178
2020-02-25,1.75,1.5,1.625,1.25,0.375,49.9,2103.610107421875,3128.2099609375,27.850000381469727,98.97000122070312,100.16,259.25,267.37,-159.09,196.7,107.37326913227,1217.650024,1202.5600235714285,1187.7413329666667,0.9852628447338585
2020-02-26,1.75,1.5,1.625,1.25,0.375,48.73,2076.77001953125,3116.389892578125,27.559999465942383,99.0,100.16,259.25,267.37,-159.09,196.7,107.37326913227,1214.550049,1206.0771657142857,1189.2546671333334,-0.2545866988789336
2020-02-27,1.75,1.5,1.625,1.25,0.375,47.09,2054.889892578125,2978.760009765625,39.15999984741211,98.44000244140624,100.16,259.25,267.37,-159.09,196.7,107.37326913227,1211.359985,1208.9328785714285,1190.409000633333,-0.2626539764768343
2020-02-28,1.75,1.5,1.625,1.25,0.375,44.76,1987.010009765625,2954.219970703125,40.11000061035156,98.12999725341795,100.16,259.25,267.37,-159.09,196.7,107.37326913227,1211.310059,1209.9200264285714,1191.6433349666668,-0.0041214833425562425
2020-02-29,1.75,1.5,1.625,1.25,0.375,44.76,1987.010009765625,2954.219970703125,40.11000061035156,98.12999725341795,100.16,259.25,267.37,-159.09,196.7,107.37326913227,1211.310059,1210.9071742857143,1192.7510050666667,0.0
2020-03-01,1.75,1.5,1.625,1.25,0.375,44.76,1987.010009765625,2954.219970703125,40.11000061035156,98.12999725341795,99.94,258.076,267.054,-158.13600000000002,193.1,107.37326913227,1211.310059,1211.894322142857,1193.5573405333334,0.0
2020-03-02,1.75,1.5,1.625,1.25,0.375,46.75,2002.510009765625,3090.22998046875,33.41999816894531,97.36000061035156,99.94,258.076,267.054,-158.13600000000002,193.1,107.37326913227,1200.099976,1211.0843158571427,1193.9900065666666,-0.9254511606429205
2020-03-03,1.75,1.5,1.625,1.25,0.375,47.18,2014.1500244140625,3003.3701171875,36.81999969482422,97.1500015258789,99.94,258.076,267.054,-158.13600000000002,193.1,107.37326913227,1188.280029,1206.8886022857143,1194.0286743666666,-0.984913526904363
2020-03-04,1.25,1.0,1.125,1.25,-0.125,46.78,2059.330078125,3130.1201171875,31.989999771118164,97.33999633789062,99.94,258.076,267.054,-158.13600000000002,193.1,107.37326913227,1186.339966,1202.8585904285715,1193.7443400666666,-0.16326648202887872
2020-03-05,1.25,1.0,1.125,1.25,-0.125,45.9,2085.260009765625,3023.93994140625,39.619998931884766,96.81999969482422,99.94,258.076,267.054,-158.13600000000002,193.1,107.37326913227,1183.680054,1198.9043145714284,1193.5550090333336,-0.22421161523947797
2020-03-06,1.25,1.0,1.125,1.25,-0.125,41.28,2040.219970703125,2972.3701171875,41.93999862670898,95.9499969482422,99.94,258.076,267.054,-158.13600000000002,193.1,107.37326913227,1187.469971,1195.4985877142858,1193.7213420666667,0.32018086198148943
2020-03-07,1.25,1.0,1.125,1.25,-0.125,41.28,2040.219970703125,2972.3701171875,41.93999862670898,95.9499969482422,99.94,258.076,267.054,-158.13600000000002,193.1,107.37326913227,1187.469971,1192.0928608571428,1193.8550090666665,0.0
2020-03-08,1.25,1.0,1.125,1.25,-0.125,41.28,2040.219970703125,2972.3701171875,41.93999862670898,95.9499969482422,99.94,258.076,267.054,-158.13600000000002,193.1,107.37326913227,1187.469971,1188.687134,1193.9623414333332,0.0
2020-03-09,1.25,1.0,1.125,1.25,-0.125,31.13,1954.77001953125,2746.56005859375,54.459999084472656,94.9000015258789,99.94,258.076,267.054,-158.13600000000002,193.1,107.37326913227,1187.699951,1186.9157018571427,1194.0773398,0.01936722659239276
2020-03-10,1.25,1.0,1.125,1.25,-0.125,34.36,1962.9300537109373,2882.22998046875,47.29999923706055,96.41000366210938,99.94,258.076,267.054,-158.13600000000002,193.1,107.37326913227,1199.959961,1188.5842635714287,1194.6010051666667,1.0322480850216031
2020-03-11,1.25,1.0,1.125,1.25,-0.125,32.98,1908.27001953125,2741.3798828125,53.900001525878906,96.51000213623048,99.94,258.076,267.054,-158.13600000000002,193.1,107.37326913227,1184.699951,1188.3499757142856,1194.3880046666666,-1.2717099316616243
2020-03-12,1.25,1.0,1.125,1.25,-0.125,31.5,1834.3299560546875,2480.639892578125,75.47000122070312,97.47000122070312,99.94,258.076,267.054,-158.13600000000002,193.1,107.37326913227,1189.390015,1189.1656844285715,1194.5133383333334,0.39588623229376285
2020-03-13,1.25,1.0,1.125,1.25,-0.125,31.73,1771.43994140625,2711.02001953125,57.83000183105469,98.75,99.94,258.076,267.054,-158.13600000000002,193.1,107.37326913227,1209.969971,1192.3799701428572,1195.4883383333333,1.73029500335935
2020-03-14,1.25,1.0,1.125,1.25,-0.125,31.73,1771.43994140625,2711.02001953125,57.83000183105469,98.75,99.94,258.076,267.054,-158.13600000000002,193.1,107.37326913227,1209.969971,1195.5942558571428,1196.5553386666666,0.0
2020-03-15,1.25,1.0,1.125,1.25,-0.125,31.73,1771.43994140625,2711.02001953125,57.83000183105469,98.75,99.94,258.076,267.054,-158.13600000000002,193.1,107.37326913227,1209.969971,1198.8085415714286,1197.438672,0.0
2020-03-16,0.25,0.0,0.125,1.25,-1.125,28.7,1714.8599853515625,2386.1298828125,82.69000244140625,98.08999633789062,99.94,258.076,267.054,-158.13600000000002,193.1,107.37326913227,1210.800049,1202.1085555714285,1198.3496745999998,0.06860319015304928
2020-03-17,0.25,0.0,0.125,0.75,-0.625,26.95,1672.43994140625,2529.18994140625,75.91000366210938,99.58000183105467,99.94,258.076,267.054,-158.13600000000002,193.1,107.37326913227,1232.040039,1206.6914238571428,1199.9686768666666,1.7542111942877803
2020-03-18,0.25,0.0,0.125,0.75,-0.625,20.37,1591.199951171875,2398.10009765625,76.44999694824219,101.16000366210938,99.94,258.076,267.054,-158.13600000000002,193.1,107.37326913227,1237.98999,1214.3042865714285,1201.8290080666668,0.4829348731904437
2020-03-19,0.25,0.0,0.125,0.75,-0.625,25.22,1457.6400146484375,2409.389892578125,72.0,102.76000213623048,99.94,258.076,267.054,-158.13600000000002,193.1,107.37326913227,1255.349976,1223.727138142857,1204.2136719666667,1.4022719198238276
2020-03-20,0.25,0.0,0.125,0.75,-0.625,22.43,1566.1500244140625,2304.919921875,66.04000091552734,102.81999969482422,99.94,258.076,267.054,-158.13600000000002,193.1,107.37326913227,1256.880005,1230.4285715714286,1206.445337,0.12188067305940464
2020-03-21,0.25,0.0,0.125,0.75,-0.625,22.43,1566.1500244140625,2304.919921875,66.04000091552734,102.81999969482422,99.94,258.076,267.054,-158.13600000000002,193.1,107.37326913227,1256.880005,1237.1300049999998,1208.629004,0.0
2020-03-22,0.25,0.0,0.125,0.75,-0.625,22.43,1566.1500244140625,2304.919921875,66.04000091552734,102.81999969482422,99.94,258.076,267.054,-158.13600000000002,193.1,107.37326913227,1256.880005,1243.8314384285713,1210.3783366999999,0.0
2020-03-23,0.25,0.0,0.125,0.75,-0.625,23.36,1482.4599609375,2237.39990234375,61.59000015258789,102.48999786376952,99.94,258.076,267.054,-158.13600000000002,193.1,107.37326913227,1253.949951,1249.9957101428572,1212.0300009333334,-0.23312121987332235
2020-03-24,0.25,0.0,0.125,0.75,-0.625,24.01,1609.969970703125,2447.330078125,61.66999816894531,101.73999786376952,99.94,258.076,267.054,-158.13600000000002,193.1,107.37326913227,1262.930054,1254.4085694285714,1213.9810019333333,0.7161452490857645
2020-03-25,0.25,0.0,0.125,0.75,-0.625,24.49,1704.760009765625,2475.56005859375,63.95000076293945,101.0500030517578,99.94,258.076,267.054,-158.13600000000002,193.1,107.37326913227,1228.599976,1253.0671388571427,1214.7420004666667,-2.7182881499469014
2020-03-26,0.25,0.0,0.125,0.75,-0.625,22.6,1686.239990234375,2630.070068359375,61.0,99.41999816894533,99.94,258.076,267.054,-158.13600000000002,193.1,107.37326913227,1231.079956,1249.5999931428573,1215.1896648666666,0.20185414687001746
2020-03-27,0.25,0.0,0.125,0.75,-0.625,21.51,1717.72998046875,2541.469970703125,65.54000091552734,98.37000274658205,99.94,258.076,267.054,-158.13600000000002,193.1,107.37326913227,1212.189941,1243.2156982857143,1215.1109946,-1.5344263309571726
2020-03-28,0.25,0.0,0.125,0.75,-0.625,21.51,1717.72998046875,2541.469970703125,65.54000091552734,98.37000274658205,99.94,258.076,267.054,-158.13600000000002,193.1,107.37326913227,1212.189941,1236.8314034285715,1215.1386598,0.0
2020-03-29,0.25,0.0,0.125,0.75,-0.625,21.51,1717.72998046875,2541.469970703125,65.54000091552734,98.37000274658205,99.94,258.076,267.054,-158.13600000000002,193.1,107.37326913227,1212.189941,1230.4471085714285,1215.1679892,0.0
2020-03-30,0.25,0.0,0.125,0.75,-0.625,20.09,1717.1199951171875,2626.64990234375,57.08000183105469,99.18000030517578,99.94,258.076,267.054,-158.13600000000002,193.1,107.37326913227,1211.630005,1224.401402,1215.1786540666667,-0.04619210084668701
2020-03-31,0.25,0.0,0.125,0.75,-0.625,20.48,1754.6400146484375,2584.590087890625,53.540000915527344,99.0500030517578,99.94,258.076,267.054,-158.13600000000002,193.1,107.37326913227,1222.699951,1218.6542444285715,1215.5583171333335,0.9136407941630731
2020-04-01,0.25,0.0,0.125,0.75,-0.625,20.31,1685.4599609375,2470.5,57.060001373291016,99.66999816894533,99.5,256.032,265.746,-156.53199999999998,185.5,92.219554447939,1216.660034,1216.9485384285715,1216.1103190666665,-0.4939819450438532
2020-04-02,0.25,0.0,0.125,0.75,-0.625,25.32,1724.8599853515625,2526.89990234375,50.90999984741211,100.18000030517578,99.5,256.032,265.746,-156.53199999999998,185.5,92.219554447939,1234.72998,1217.4699704285715,1217.6586507666666,1.4852091377236754
2020-04-03,0.25,0.0,0.125,0.75,-0.625,28.34,1725.43994140625,2488.64990234375,46.79999923706055,100.58000183105467,99.5,256.032,265.746,-156.53199999999998,185.5,92.219554447939,1226.849976,1219.5642611428573,1219.0089844333334,-0.6381965391332067
2020-04-04,0.25,0.0,0.125,0.75,-0.625,28.34,1725.43994140625,2488.64990234375,46.79999923706055,100.58000183105467,99.5,256.032,265.746,-156.53199999999998,185.5,92.219554447939,1226.849976,1221.6585518571428,1220.4479818333334,0.0
2020-04-05,0.25,0.0,0.125,0.75,-0.625,28.34,1725.43994140625,2488.64990234375,46.79999923706055,100.58000183105467,99.5,256.032,265.746,-156.53199999999998,185.5,92.219554447939,1226.849976,1223.7528425714286,1221.7606486666666,0.0
2020-04-06,0.25,0.0,0.125,0.75,-0.625,26.08,1791.8800048828125,2663.679931640625,45.2400016784668,100.69000244140624,99.5,256.032,265.746,-156.53199999999998,185.5,92.219554447939,1235.800049,1227.2057060000002,1223.3716512666665,0.7295164995789083
2020-04-07,0.25,0.0,0.125,0.75,-0.625,23.63,1823.5999755859373,2659.409912109375,46.70000076293945,99.9800033569336,99.5,256.032,265.746,-156.53199999999998,185.5,92.219554447939,1223.099976,1227.2628524285715,1224.5593181000002,-1.0276802473245361
2020-04-08,0.25,0.0,0.125,0.75,-0.625,25.09,1807.1400146484373,2749.97998046875,43.34999847412109,100.12000274658205,99.5,256.032,265.746,-156.53199999999998,185.5,92.219554447939,1215.310059,1227.0699988571428,1225.4796550333333,-0.63689944835712
2020-04-09,0.25,0.0,0.125,0.75,-0.625,22.76,1836.2099609375,2789.820068359375,41.66999816894531,99.5199966430664,99.5,256.032,265.746,-156.53199999999998,185.5,92.219554447939,1214.75,1224.215716,1225.9726563333331,-0.0460836307452861
2020-04-10,0.25,0.0,0.125,0.75,-0.625,22.76,1860.699951171875,2789.820068359375,41.66999816894531,99.5199966430664,99.5,256.032,265.746,-156.53199999999998,185.5,92.219554447939,1209.51001,1221.738578,1226.7996583,-0.4313636550730582
2020-04-11,0.25,0.0,0.125,0.75,-0.625,22.76,1860.699951171875,2789.820068359375,41.66999816894531,99.5199966430664,99.5,256.032,265.746,-156.53199999999998,185.5,92.219554447939,1209.51001,1219.26144,1227.4703248,0.0
2020-04-12,0.25,0.0,0.125,0.75,-0.625,22.76,1860.699951171875,2789.820068359375,41.66999816894531,99.5199966430664,99.5,256.032,265.746,-156.53199999999998,185.5,92.219554447939,1209.51001,1216.784302,1227.4549927666667,0.0
2020-04-13,0.25,0.0,0.125,0.75,-0.625,22.41,1825.760009765625,2761.6298828125,41.16999816894531,99.3499984741211,99.5,256.032,265.746,-156.53199999999998,185.5,92.219554447939,1211.040039,1213.2471577142858,1227.4906617000001,0.12649990387429977
2020-04-14,0.25,0.0,0.125,0.75,-0.625,20.11,1857.0799560546875,2846.06005859375,37.7599983215332,98.88999938964844,99.5,256.032,265.746,-156.53199999999998,185.5,92.219554447939,1213.900024,1211.9328788571427,1227.6216634666669,0.23615940909449407
2020-04-15,0.25,0.0,0.125,0.75,-0.625,19.87,1857.0799560546875,2783.360107421875,40.84000015258789,99.45999908447266,99.5,256.032,265.746,-156.53199999999998,185.5,92.219554447939,1212.380005,1211.5142997142855,1227.6743286666667,-0.12521780788761205
2020-04-16,0.25,0.0,0.125,0.75,-0.625,19.87,1857.0699462890625,2799.550048828125,40.11000061035156,100.02999877929688,99.5,256.032,265.746,-156.53199999999998,185.5,92.219554447939,1222.550049,1212.6285924285714,1227.3579956666665,0.8388495321646205
2020-04-17,0.25,0.0,0.125,0.75,-0.625,18.27,1914.530029296875,2874.56005859375,38.150001525878906,99.77999877929688,99.5,256.032,265.746,-156.53199999999998,185.5,92.219554447939,1226.640015,1215.075736,1226.9796631666666,0.33454384982811725
2020-04-18,0.25,0.0,0.125,0.75,-0.625,18.27,1914.530029296875,2874.56005859375,38.150001525878906,99.77999877929688,99.5,256.032,265.746,-156.53199999999998,185.5,92.219554447939,1226.640015,1217.5228795714286,1226.0226644666666,0.0
2020-04-19,0.25,0.0,0.125,0.75,-0.625,18.27,1914.530029296875,2874.56005859375,38.150001525878906,99.77999877929688,99.5,256.032,265.746,-156.53199999999998,185.5,92.219554447939,1226.640015,1219.9700231428571,1225.0146648,0.0
2020-04-20,0.25,0.0,0.125,0.75,-0.625,-37.63,1898.3599853515625,2823.159912109375,43.83000183105469,99.95999908447266,99.5,256.032,265.746,-156.53199999999998,185.5,92.219554447939,1215.26001,1220.572876142857,1223.6273316333331,-0.9277379557848464
2020-04-21,0.25,0.0,0.125,0.75,-0.625,10.01,1879.3800048828125,2736.56005859375,45.40999984741211,100.26000213623048,99.5,256.032,265.746,-156.53199999999998,185.5,92.219554447939,1218.099976,1221.1728692857141,1222.3346640000002,0.2336920475149995
2020-04-22,0.25,0.0,0.125,0.75,-0.625,13.78,1896.1500244140625,2799.31005859375,41.97999954223633,100.38999938964844,99.5,256.032,265.746,-156.53199999999998,185.5,92.219554447939,1230.849976,1223.8114365714284,1221.5646648333334,1.0467121132264001
2020-04-23,0.25,0.0,0.125,0.75,-0.625,16.5,1914.72998046875,2797.800048828125,41.380001068115234,100.43000030517578,99.5,256.032,265.746,-156.53199999999998,185.5,92.219554447939,1231.380005,1225.072858857143,1220.5129965333333,0.043062031143925594
2020-04-24,0.25,0.0,0.125,0.75,-0.625,16.94,1889.010009765625,2836.739990234375,35.93000030517578,100.37999725341795,99.5,256.032,265.746,-156.53199999999998,185.5,92.219554447939,1232.449951,1225.9028497142858,1220.6413290333332,0.08688999298800404
2020-04-25,0.25,0.0,0.125,0.75,-0.625,16.94,1889.010009765625,2836.739990234375,35.93000030517578,100.37999725341795,99.5,256.032,265.746,-156.53199999999998,185.5,92.219554447939,1232.449951,1226.7328405714286,1220.6869955333336,0.0
2020-04-26,0.25,0.0,0.125,0.75,-0.625,16.94,1889.010009765625,2836.739990234375,35.93000030517578,100.37999725341795,99.5,256.032,265.746,-156.53199999999998,185.5,92.219554447939,1232.449951,1227.5628314285714,1221.3623292,0.0
2020-04-27,0.25,0.0,0.125,0.75,-0.625,12.78,1922.77001953125,2878.47998046875,33.290000915527344,100.04000091552734,99.5,256.032,265.746,-156.53199999999998,185.5,92.219554447939,1229.5,1229.5971157142856,1221.9393311666668,-0.23935665684489127
2020-04-28,0.25,0.0,0.125,0.75,-0.625,12.34,1934.0899658203125,2863.389892578125,33.56999969482422,99.87000274658205,99.5,256.032,265.746,-156.53199999999998,185.5,92.219554447939,1220.869995,1229.992832714286,1222.2286663,-0.7019117527450214
2020-04-29,0.25,0.0,0.125,0.75,-0.625,15.06,1947.56005859375,2939.510009765625,31.229999542236328,99.56999969482422,99.5,256.032,265.746,-156.53199999999998,185.5,92.219554447939,1220.400024,1228.4999824285715,1222.5210002666668,-0.038494762089713586
2020-04-30,0.25,0.0,0.125,0.75,-0.625,18.84,1947.56005859375,2912.429931640625,34.150001525878906,99.0199966430664,99.5,256.032,265.746,-156.53199999999998,185.5,92.219554447939,1210.790039,1225.5585587142855,1222.1240031999998,-0.7874454941833142
2020-05-01,0.25,0.0,0.125,0.75,-0.625,19.78,1947.56005859375,2830.7099609375,37.18999862670898,98.8000030517578,99.44,255.802,265.412,-156.362,188.6,92.219554447939,1212.959961,1222.7742744285715,1222.0006674333335,0.17921538252760882
2020-05-02,0.25,0.0,0.125,0.75,-0.625,19.78,1947.56005859375,2830.7099609375,37.18999862670898,98.8000030517578,99.44,255.802,265.412,-156.362,188.6,92.219554447939,1212.959961,1219.9899901428569,1221.2750001333334,0.0
2020-05-03,0.25,0.0,0.125,0.75,-0.625,19.78,1947.56005859375,2830.7099609375,37.18999862670898,98.8000030517578,99.44,255.802,265.412,-156.362,188.6,92.219554447939,1212.959961,1217.205705857143,1220.8119996333335,0.0
2020-05-04,0.25,0.0,0.125,0.75,-0.625,20.39,1895.3699951171875,2842.739990234375,35.970001220703125,99.4800033569336,99.44,255.802,265.412,-156.362,188.6,92.219554447939,1223.780029,1216.3885671428573,1220.7096680666664,0.8920383481644034
2020-05-05,0.25,0.0,0.125,0.75,-0.625,24.56,1895.3699951171875,2868.43994140625,33.61000061035156,99.70999908447266,99.44,255.802,265.412,-156.362,188.6,92.219554447939,1222.449951,1216.6142751428572,1220.5630005666667,-0.10868603576468239
2020-05-06,0.25,0.0,0.125,0.75,-0.625,23.99,1928.760009765625,2848.419921875,34.119998931884766,100.08999633789062,99.44,255.802,265.412,-156.362,188.6,92.219554447939,1221.25,1216.735700285714,1220.0779989333334,-0.09815951966118952
2020-05-07,0.25,0.0,0.125,0.75,-0.625,23.55,1928.6099853515625,2881.18994140625,31.440000534057617,99.88999938964844,99.44,255.802,265.412,-156.362,188.6,92.219554447939,1228.530029,1219.2699845714285,1220.2590007,0.596112917093139
2020-05-08,0.25,0.0,0.125,0.75,-0.625,24.74,1945.8199462890625,2929.800048828125,27.979999542236328,99.7300033569336,99.44,255.802,265.412,-156.362,188.6,92.219554447939,1218.630005,1220.0799908571428,1220.3696655666668,-0.8058430617327694
2020-05-09,0.25,0.0,0.125,0.75,-0.625,24.74,1945.8199462890625,2929.800048828125,27.979999542236328,99.7300033569336,99.44,255.802,265.412,-156.362,188.6,92.219554447939,1218.630005,1220.889997142857,1220.4989990666666,0.0
2020-05-10,0.25,0.0,0.125,0.75,-0.625,24.74,1945.8199462890625,2929.800048828125,27.979999542236328,99.7300033569336,99.44,255.802,265.412,-156.362,188.6,92.219554447939,1218.630005,1221.7000034285713,1220.8029989,0.0
2020-05-11,0.25,0.0,0.125,0.75,-0.625,24.14,1935.4000244140625,2930.18994140625,27.56999969482422,100.23999786376952,99.44,255.802,265.412,-156.362,188.6,92.219554447939,1218.699951,1220.974278,1221.1093302666666,0.00573972409287915
2020-05-12,0.25,0.0,0.125,0.75,-0.625,25.78,1922.1700439453125,2870.1201171875,33.040000915527344,99.93000030517578,99.44,255.802,265.412,-156.362,188.6,92.219554447939,1222.400024,1220.9671455714285,1221.5389974,0.3036082012610075
2020-05-13,0.25,0.0,0.125,0.75,-0.625,25.29,1940.4200439453125,2820.0,35.279998779296875,100.23999786376952,99.44,255.802,265.412,-156.362,188.6,92.219554447939,1225.650024,1221.5957204285714,1222.0259968999999,0.26587041362819974
2020-05-14,0.25,0.0,0.125,0.75,-0.625,27.56,1924.9599609375,2852.5,32.61000061035156,100.47000122070312,99.44,255.802,265.412,-156.362,188.6,92.219554447939,1226.550049,1221.312866142857,1222.4476644,0.07343246296871442
2020-05-15,0.25,0.0,0.125,0.75,-0.625,29.43,1927.280029296875,2863.699951171875,31.88999938964844,100.4000015258789,99.44,255.802,265.412,-156.362,188.6,92.219554447939,1225.459961,1222.288574142857,1222.8836629333334,-0.08887431873559892
2020-05-16,0.25,0.0,0.125,0.75,-0.625,29.43,1927.280029296875,2863.699951171875,31.88999938964844,100.4000015258789,99.44,255.802,265.412,-156.362,188.6,92.219554447939,1225.459961,1223.2642821428574,1222.9806600000002,0.0
2020-05-17,0.25,0.0,0.125,0.75,-0.625,29.43,1927.280029296875,2863.699951171875,31.88999938964844,100.4000015258789,99.44,255.802,265.412,-156.362,188.6,92.219554447939,1225.459961,1224.2399901428573,1222.941324866667,0.0
2020-05-18,0.25,0.0,0.125,0.75,-0.625,31.82,1937.1099853515625,2953.909912109375,29.299999237060547,99.66999816894533,99.44,255.802,265.412,-156.362,188.6,92.219554447939,1232.089966,1226.1528494285715,1223.1229899,0.5410217559935537
2020-05-19,0.25,0.0,0.125,0.75,-0.625,32.5,1980.6099853515625,2922.93994140625,30.530000686645508,99.37000274658205,99.44,255.802,265.412,-156.362,188.6,92.219554447939,1224.199951,1226.4099818571428,1223.0416544333334,-0.6403765323740984
2020-05-20,0.25,0.0,0.125,0.75,-0.625,33.49,1989.6400146484373,2971.610107421875,27.989999771118164,99.12000274658205,99.44,255.802,265.412,-156.362,188.6,92.219554447939,1224.319946,1226.2199707142859,1223.3436523000003,0.009801911844720124
2020-05-21,0.25,0.0,0.125,0.75,-0.625,33.92,1998.31005859375,2948.510009765625,29.530000686645508,99.37000274658205,99.44,255.802,265.412,-156.362,188.6,92.219554447939,1226.550049,1226.2199707142859,1223.6253213999998,0.18215034454727164
2020-05-22,0.25,0.0,0.125,0.75,-0.625,33.25,1970.1300048828125,2955.449951171875,28.15999984741211,99.86000061035156,99.44,255.802,265.412,-156.362,188.6,92.219554447939,1233.390015,1227.3528355714284,1223.7099893666668,0.5576589398513798
2020-05-23,0.25,0.0,0.125,0.75,-0.625,33.25,1970.1300048828125,2955.449951171875,28.15999984741211,99.86000061035156,99.44,255.802,265.412,-156.362,188.6,92.219554447939,1233.390015,1228.4857004285714,1223.7769897,0.0
2020-05-24,0.25,0.0,0.125,0.75,-0.625,33.25,1970.1300048828125,2955.449951171875,28.15999984741211,99.86000061035156,99.44,255.802,265.412,-156.362,188.6,92.219554447939,1233.390015,1229.6185652857143,1223.8083251666665,0.0
2020-05-25,0.25,0.0,0.125,0.75,-0.625,33.25,1994.5999755859373,2955.449951171875,28.15999984741211,99.86000061035156,99.44,255.802,265.412,-156.362,188.6,92.219554447939,1239.550049,1230.6842914285714,1224.0449951,0.49943926293256613
2020-05-26,0.25,0.0,0.125,0.75,-0.625,34.35,2029.780029296875,2991.77001953125,28.01000022888184,98.91000366210938,99.44,255.802,265.412,-156.362,188.6,92.219554447939,1240.02002,1232.9443012857141,1224.2973307333334,0.03791464494549146
2020-05-27,0.25,0.0,0.125,0.75,-0.625,32.81,2031.199951171875,3036.1298828125,27.6200008392334,99.05999755859376,99.44,255.802,265.412,-156.362,188.6,92.219554447939,1230.869995,1233.8800225714283,1224.3429972333333,-0.7378933285286715
2020-05-28,0.25,0.0,0.125,0.5,-0.375,33.71,2028.5400390625,3029.72998046875,28.59000015258789,98.37999725341795,99.44,255.802,265.412,-156.362,188.6,92.219554447939,1238.300049,1235.558594,1224.9239990333333,0.6036424667253293
2020-05-29,0.25,0.0,0.125,0.5,-0.375,35.49,2029.5999755859373,3044.31005859375,27.51000022888184,98.33999633789062,99.44,255.802,265.412,-156.362,188.6,92.219554447939,1237.97998,1236.2143032857143,1225.5099975666667,-0.025847451129346055
2020-05-30,0.25,0.0,0.125,0.5,-0.375,35.49,2029.5999755859373,3044.31005859375,27.51000022888184,98.33999633789062,99.44,255.802,265.412,-156.362,188.6,92.219554447939,1237.97998,1236.8700125714288,1226.4163289333333,0.0
2020-05-31,0.25,0.0,0.125,0.5,-0.375,35.49,2029.5999755859373,3044.31005859375,27.51000022888184,98.33999633789062,99.44,255.802,265.412,-156.362,188.6,92.219554447939,1237.97998,1237.5257218571428,1227.2503295666668,0.0
2020-06-01,0.25,0.0,0.125,0.5,-0.375,35.44,2065.080078125,3055.72998046875,28.229999542236328,97.83000183105467,99.71,257.042,265.849,-157.332,191.2,92.219554447939,1230.469971,1236.228567857143,1227.8339965666667,-0.606634123437122
2020-06-02,0.25,0.0,0.125,0.5,-0.375,36.81,2087.18994140625,3080.820068359375,26.84000015258789,97.66999816894533,99.71,257.042,265.849,-157.332,191.2,92.219554447939,1222.98999,1233.7957064285713,1228.1683308666666,-0.6078962653530695
2020-06-03,0.25,0.0,0.125,0.5,-0.375,37.29,2147.0,3122.8701171875,25.65999984741211,97.27999877929688,99.71,257.042,265.849,-157.332,191.2,92.219554447939,1219.140015,1232.1199949999998,1228.0136637333335,-0.3148002053557364
2020-06-04,0.25,0.0,0.125,0.5,-0.375,37.41,2151.179931640625,3112.35009765625,25.809999465942383,96.68000030517578,99.71,257.042,265.849,-157.332,191.2,92.219554447939,1215.819946,1228.908551714286,1227.7926635666668,-0.27232876939076167
2020-06-05,0.25,0.0,0.125,0.5,-0.375,39.55,2181.8701171875,3193.929931640625,24.520000457763672,96.94000244140624,99.71,257.042,265.849,-157.332,191.2,92.219554447939,1215.380005,1225.6799838571428,1227.5969970666667,-0.03618471644979415
2020-06-06,0.25,0.0,0.125,0.5,-0.375,39.55,2181.8701171875,3193.929931640625,24.520000457763672,96.94000244140624,99.71,257.042,265.849,-157.332,191.2,92.219554447939,1215.380005,1222.451416,1227.1586629333333,0.0
2020-06-07,0.25,0.0,0.125,0.5,-0.375,39.55,2181.8701171875,3193.929931640625,24.520000457763672,96.94000244140624,99.71,257.042,265.849,-157.332,191.2,92.219554447939,1215.380005,1219.2228481428572,1227.0503296,0.0
2020-06-08,0.25,0.0,0.125,0.5,-0.375,38.19,2184.2900390625,3232.389892578125,25.809999465942383,96.62000274658205,99.71,257.042,265.849,-157.332,191.2,92.219554447939,1201.109985,1215.0285644285716,1226.4663289333334,-1.1741200234736349
2020-06-09,0.25,0.0,0.125,0.5,-0.375,38.94,2188.919921875,3207.179931640625,27.56999969482422,96.31999969482422,99.71,257.042,265.849,-157.332,191.2,92.219554447939,1195.72998,1211.1342772857145,1225.7029947666667,-0.44791943012612023
2020-06-10,0.25,0.0,0.125,0.5,-0.375,39.6,2195.68994140625,3190.139892578125,27.56999969482422,95.95999908447266,99.71,257.042,265.849,-157.332,191.2,92.219554447939,1197.300049,1208.0142821428574,1224.9896647,0.13130631716702368
2020-06-11,0.25,0.0,0.125,0.5,-0.375,36.34,2176.780029296875,3002.10009765625,40.790000915527344,96.7300033569336,99.71,257.042,265.849,-157.332,191.2,92.219554447939,1189.73999,1204.288574142857,1223.9009968999999,-0.6314255984800288
2020-06-12,0.25,0.0,0.125,0.5,-0.375,36.26,2132.300048828125,3041.31005859375,36.09000015258789,97.31999969482422,99.71,257.042,265.849,-157.332,191.2,92.219554447939,1204.76001,1202.7714319999998,1223.2046631,1.262462397351194
2020-06-13,0.25,0.0,0.125,0.5,-0.375,36.26,2132.300048828125,3041.31005859375,36.09000015258789,97.31999969482422,99.71,257.042,265.849,-157.332,191.2,92.219554447939,1204.76001,1201.254289857143,1222.4783284666667,0.0
2020-06-14,0.25,0.0,0.125,0.5,-0.375,36.26,2132.300048828125,3041.31005859375,36.09000015258789,97.31999969482422,99.71,257.042,265.849,-157.332,191.2,92.219554447939,1204.76001,1199.7371477142858,1221.7883301,0.0
2020-06-15,0.25,0.0,0.125,0.5,-0.375,37.12,2030.8199462890625,3066.590087890625,34.400001525878906,96.68000030517578,99.71,257.042,265.849,-157.332,191.2,92.219554447939,1202.609985,1199.9514334285716,1221.0266642333333,-0.17846085379277232
2020-06-16,0.25,0.0,0.125,0.5,-0.375,38.38,2138.050048828125,3124.739990234375,33.66999816894531,96.95999908447266,99.71,257.042,265.849,-157.332,191.2,92.219554447939,1206.900024,1201.547154,1220.4079996666665,0.3567273724240705
2020-06-17,0.25,0.0,0.125,0.5,-0.375,37.96,2141.050048828125,3113.489990234375,33.470001220703125,97.16000366210938,99.71,257.042,265.849,-157.332,191.2,92.219554447939,1211.150024,1203.5257218571428,1219.7100016,0.3521418440207036
2020-06-18,0.25,0.0,0.125,0.5,-0.375,38.84,2133.47998046875,3115.340087890625,32.939998626708984,97.41999816894533,99.71,257.042,265.849,-157.332,191.2,92.219554447939,1214.349976,1207.041434142857,1219.3816691,0.2642077312133173
2020-06-19,0.25,0.0,0.125,0.5,-0.375,39.75,2141.320068359375,3097.739990234375,35.119998931884766,97.62000274658205,99.71,257.042,265.849,-157.332,191.2,92.219554447939,1211.359985,1207.9842877142858,1218.9496704,-0.2462215225505937
2020-06-20,0.25,0.0,0.125,0.5,-0.375,39.75,2141.320068359375,3097.739990234375,35.119998931884766,97.62000274658205,99.71,257.042,265.849,-157.332,191.2,92.219554447939,1211.359985,1208.9271412857142,1218.4433349333335,0.0
2020-06-21,0.25,0.0,0.125,0.5,-0.375,39.75,2141.320068359375,3097.739990234375,35.119998931884766,97.62000274658205,99.71,257.042,265.849,-157.332,191.2,92.219554447939,1211.359985,1209.869994857143,1217.7090005999999,0.0
2020-06-22,0.25,0.0,0.125,0.5,-0.375,40.46,2126.72998046875,3117.860107421875,31.770000457763672,97.04000091552734,99.71,257.042,265.849,-157.332,191.2,92.219554447939,1210.890015,1211.0528562857144,1216.9590006,-0.03879688992699526
2020-06-23,0.25,0.0,0.125,0.5,-0.375,40.37,2131.239990234375,3131.2900390625,31.3700008392334,96.69000244140624,99.71,257.042,265.849,-157.332,191.2,92.219554447939,1208.0,1211.2099957142857,1216.112666766667,-0.23866866224013794
2020-06-24,0.25,0.0,0.125,0.5,-0.375,38.01,2161.510009765625,3050.330078125,33.84000015258789,97.1500015258789,99.71,257.042,265.849,-157.332,191.2,92.219554447939,1207.949951,1210.7528424285715,1215.0593301666665,-0.004143129139067003
2020-06-25,0.25,0.0,0.125,0.5,-0.375,38.72,2112.3701171875,3083.760009765625,32.220001220703125,97.43000030517578,99.71,257.042,265.849,-157.332,191.2,92.219554447939,1205.25,1209.4528458571428,1213.9003295,-0.22351513800425993
2020-06-26,0.25,0.0,0.125,0.5,-0.375,38.49,2134.64990234375,3009.050048828125,34.72999954223633,97.5,99.71,257.042,265.849,-157.332,191.2,92.219554447939,1201.52002,1208.0471365714286,1212.9219970000001,-0.3094777017216388
2020-06-27,0.25,0.0,0.125,0.5,-0.375,38.49,2134.64990234375,3009.050048828125,34.72999954223633,97.5,99.71,257.042,265.849,-157.332,191.2,92.219554447939,1201.52002,1206.6414272857144,1211.6959960333334,0.0
2020-06-28,0.25,0.0,0.125,0.5,-0.375,38.49,2134.64990234375,3009.050048828125,34.72999954223633,97.5,99.71,257.042,265.849,-157.332,191.2,92.219554447939,1201.52002,1205.235718,1210.4806640333334,0.0
2020-06-29,0.25,0.0,0.125,0.5,-0.375,39.7,2093.47998046875,3053.239990234375,31.780000686645508,97.54000091552734,99.71,257.042,265.849,-157.332,191.2,92.219554447939,1202.630005,1204.0557165714288,1209.3023315333335,0.0923817316002884
2020-06-30,0.25,0.0,0.125,0.5,-0.375,39.27,2108.330078125,3100.2900390625,30.43000030517578,97.38999938964844,99.71,257.042,265.849,-157.332,191.2,92.219554447939,1198.48999,1202.6971437142856,1207.9859985333335,-0.3442467743851041
2020-07-01,0.25,0.0,0.125,0.5,-0.375,39.82,2106.699951171875,3115.860107421875,28.6200008392334,97.1999969482422,99.63,258.352,267.389,-158.72199999999998,193.0,106.631884727765,1198.390015,1201.3314385714286,1206.9166666666667,-0.008341746767537295
2020-07-02,0.25,0.0,0.125,0.5,-0.375,40.65,2135.3701171875,3130.010009765625,27.68000030517578,97.31999969482422,99.63,258.352,267.389,-158.72199999999998,193.0,106.631884727765,1200.699951,1200.6814315714287,1206.1736653666667,0.19275327490109184
2020-07-03,0.25,0.0,0.125,0.5,-0.375,40.65,2152.409912109375,3130.010009765625,27.68000030517578,97.31999969482422,99.63,258.352,267.389,-158.72199999999998,193.0,106.631884727765,1198.170044,1200.2028635714285,1205.4746663333333,-0.21070268203917664
2020-07-04,0.25,0.0,0.125,0.5,-0.375,40.65,2152.409912109375,3130.010009765625,27.68000030517578,97.31999969482422,99.63,258.352,267.389,-158.72199999999998,193.0,106.631884727765,1198.170044,1199.7242955714285,1204.8863362666666,0.0
2020-07-05,0.25,0.0,0.125,0.5,-0.375,40.65,2152.409912109375,3130.010009765625,27.68000030517578,97.31999969482422,99.63,258.352,267.389,-158.72199999999998,193.0,106.631884727765,1198.170044,1199.2457275714285,1204.3126708999998,0.0
2020-07-06,0.25,0.0,0.125,0.5,-0.375,40.63,2187.929931640625,3179.719970703125,27.940000534057617,96.79000091552734,99.63,258.352,267.389,-158.72199999999998,193.0,106.631884727765,1198.5,1198.655726857143,1203.7500040666666,0.027538328274223645
2020-07-07,0.25,0.0,0.125,0.5,-0.375,40.62,2164.169921875,3145.320068359375,29.43000030517578,96.87999725341795,99.63,258.352,267.389,-158.72199999999998,193.0,106.631884727765,1190.930054,1197.575736,1202.9350057000001,-0.6316183562786848
2020-07-08,0.25,0.0,0.125,0.5,-0.375,40.9,2158.8798828125,3169.93994140625,28.07999992370605,96.43000030517578,99.63,258.352,267.389,-158.72199999999998,193.0,106.631884727765,1195.699951,1197.1914411428572,1202.754671233333,0.40051865212229476
2020-07-09,0.25,0.0,0.125,0.5,-0.375,39.62,2167.89990234375,3152.050048828125,29.26000022888184,96.6999969482422,99.63,258.352,267.389,-158.72199999999998,193.0,106.631884727765,1192.02002,1195.9514509999997,1202.6310059,-0.3077637493354768
2020-07-10,0.25,0.0,0.125,0.5,-0.375,40.55,2150.25,3185.0400390625,27.290000915527344,96.6500015258789,99.63,258.352,267.389,-158.72199999999998,193.0,106.631884727765,1195.77002,1195.6085904285715,1202.5800049333334,0.3145920317680462
2020-07-11,0.25,0.0,0.125,0.5,-0.375,40.55,2150.25,3185.0400390625,27.290000915527344,96.6500015258789,99.63,258.352,267.389,-158.72199999999998,193.0,106.631884727765,1195.77002,1195.2657298571428,1202.7810059333335,0.0
2020-07-12,0.25,0.0,0.125,0.5,-0.375,40.55,2150.25,3185.0400390625,27.290000915527344,96.6500015258789,99.63,258.352,267.389,-158.72199999999998,193.0,106.631884727765,1195.77002,1194.9228692857141,1202.4813395999997,0.0
2020-07-13,0.25,0.0,0.125,0.5,-0.375,40.1,2186.06005859375,3155.219970703125,32.189998626708984,96.45999908447266,99.63,258.352,267.389,-158.72199999999998,193.0,106.631884727765,1199.52002,1195.0685864285713,1202.3066732666666,0.31360545399858886
2020-07-14,0.25,0.0,0.125,0.5,-0.375,40.29,2183.610107421875,3197.52001953125,29.520000457763672,96.26000213623048,99.63,258.352,267.389,-158.72199999999998,193.0,106.631884727765,1203.780029,1196.904297142857,1202.2740072333334,0.3551428012014357
2020-07-15,0.25,0.0,0.125,0.5,-0.375,41.2,2201.8798828125,3226.56005859375,27.76000022888184,96.08000183105467,99.63,258.352,267.389,-158.72199999999998,193.0,106.631884727765,1203.97998,1198.0871584285712,1202.3196737333333,0.016610260610994132
2020-07-16,0.25,0.0,0.125,0.5,-0.375,40.75,2183.760009765625,3215.570068359375,28.0,96.3499984741211,99.63,258.352,267.389,-158.72199999999998,193.0,106.631884727765,1200.469971,1199.2942942857142,1202.1053386333333,-0.29153383430844393
2020-07-17,0.25,0.0,0.125,0.5,-0.375,40.59,2201.18994140625,3224.72998046875,25.68000030517578,95.94000244140624,99.63,258.352,267.389,-158.72199999999998,193.0,106.631884727765,1204.22998,1200.50286,1201.8746705,0.31321141643116945
2020-07-18,0.25,0.0,0.125,0.5,-0.375,40.59,2201.18994140625,3224.72998046875,25.68000030517578,95.94000244140624,99.63,258.352,267.389,-158.72199999999998,193.0,106.631884727765,1204.22998,1201.7114257142857,1201.5373373,0.0
2020-07-19,0.25,0.0,0.125,0.5,-0.375,40.59,2201.18994140625,3224.72998046875,25.68000030517578,95.94000244140624,99.63,258.352,267.389,-158.72199999999998,193.0,106.631884727765,1204.22998,1202.9199914285714,1201.2996704666666,0.0
2020-07-20,0.25,0.0,0.125,0.5,-0.375,40.81,2198.199951171875,3251.840087890625,24.459999084472656,95.83000183105467,99.63,258.352,267.389,-158.72199999999998,193.0,106.631884727765,1202.530029,1203.3499927142857,1201.0053386,-0.14116497913463366
2020-07-21,0.25,0.0,0.125,0.5,-0.375,41.96,2228.830078125,3257.300048828125,24.84000015258789,95.12000274658205,99.63,258.352,267.389,-158.72199999999998,193.0,106.631884727765,1200.030029,1202.8142784285717,1200.6276733999998,-0.20789501631647278
2020-07-22,0.25,0.0,0.125,0.5,-0.375,41.9,2228.659912109375,3276.02001953125,24.31999969482422,94.97000122070312,99.63,258.352,267.389,-158.72199999999998,193.0,106.631884727765,1192.73999,1201.2085655714286,1200.0226725666664,-0.6074880481178324
2020-07-23,0.25,0.0,0.125,0.5,-0.375,41.07,2216.18994140625,3235.659912109375,26.07999992370605,94.69000244140624,99.63,258.352,267.389,-158.72199999999998,193.0,106.631884727765,1197.22998,1200.7457097142858,1199.6636719,0.3764433185475813
2020-07-24,0.25,0.0,0.125,0.5,-0.375,41.29,2200.43994140625,3215.6298828125,25.84000015258789,94.44000244140624,99.63,258.352,267.389,-158.72199999999998,193.0,106.631884727765,1200.939941,1200.2757041428572,1199.4300049,0.30987872522203475
2020-07-25,0.25,0.0,0.125,0.5,-0.375,41.29,2200.43994140625,3215.6298828125,25.84000015258789,94.44000244140624,99.63,258.352,267.389,-158.72199999999998,193.0,106.631884727765,1200.939941,1199.8056985714286,1199.286336266667,0.0
2020-07-26,0.25,0.0,0.125,0.5,-0.375,41.29,2200.43994140625,3215.6298828125,25.84000015258789,94.44000244140624,99.63,258.352,267.389,-158.72199999999998,193.0,106.631884727765,1200.939941,1199.3356930000002,1199.2670002999998,0.0
2020-07-27,0.25,0.0,0.125,0.5,-0.375,41.6,2217.860107421875,3239.409912109375,24.739999771118164,93.66999816894533,99.63,258.352,267.389,-158.72199999999998,193.0,106.631884727765,1200.48999,1199.044258857143,1199.2326659666667,-0.03746656969585427
2020-07-28,0.25,0.0,0.125,0.5,-0.375,41.04,2256.989990234375,3218.43994140625,25.440000534057617,93.76000213623048,99.63,258.352,267.389,-158.72199999999998,193.0,106.631884727765,1195.920044,1198.457118142857,1199.0460001,-0.3806733948693797
2020-07-29,0.25,0.0,0.125,0.5,-0.375,41.27,2263.159912109375,3258.43994140625,24.100000381469727,93.26000213623048,99.63,258.352,267.389,-158.72199999999998,193.0,106.631884727765,1199.369995,1199.4042617142857,1198.9373331,0.28847672696086235
2020-07-30,0.25,0.0,0.125,0.5,-0.375,39.92,2267.010009765625,3246.219970703125,24.76000022888184,93.0199966430664,99.63,258.352,267.389,-158.72199999999998,193.0,106.631884727765,1190.72998,1198.475690285714,1198.6786660999999,-0.7203794522139928
2020-07-31,0.25,0.0,0.125,0.5,-0.375,40.27,2249.3701171875,3271.1201171875,24.459999084472656,93.48999786376952,99.63,258.352,267.389,-158.72199999999998,193.0,106.631884727765,1189.560059,1196.849992857143,1198.3843342333334,-0.09825241823508968
2020-08-01,0.25,0.0,0.125,0.5,-0.375,40.27,2249.3701171875,3271.1201171875,24.459999084472656,93.48999786376952,100.19,259.316,268.422,-159.12599999999998,194.3,106.631884727765,1189.560059,1195.2242954285716,1198.0130044999999,0.0
2020-08-02,0.25,0.0,0.125,0.5,-0.375,40.27,2249.3701171875,3271.1201171875,24.459999084472656,93.48999786376952,100.19,259.316,268.422,-159.12599999999998,194.3,106.631884727765,1189.560059,1193.598598,1197.726005,0.0
2020-08-03,0.25,0.0,0.125,0.5,-0.375,41.01,2251.0400390625,3294.610107421875,24.280000686645508,93.5,100.19,259.316,268.422,-159.12599999999998,194.3,106.631884727765,1193.390015,1192.5843158571427,1197.5666706999998,0.3219640715929728
2020-08-04,0.25,0.0,0.125,0.5,-0.375,41.7,2279.969970703125,3306.510009765625,23.76000022888184,93.37999725341795,100.19,259.316,268.422,-159.12599999999998,194.3,106.631884727765,1191.76001,1191.9900252857144,1197.3530029,-0.13658611011589938
2020-08-05,0.25,0.0,0.125,0.5,-0.375,42.19,2311.860107421875,3327.77001953125,22.989999771118164,92.83000183105467,100.19,259.316,268.422,-159.12599999999998,194.3,106.631884727765,1192.25,1190.972883142857,1197.1446695666668,0.04111482143120959
2020-08-06,0.25,0.0,0.125,0.5,-0.375,41.95,2342.610107421875,3349.159912109375,22.64999961853028,92.79000091552734,100.19,259.316,268.422,-159.12599999999998,194.3,106.631884727765,1185.180054,1190.1800365714284,1196.9530029,-0.5929919060599809
2020-08-07,0.25,0.0,0.125,0.5,-0.375,41.22,2351.669921875,3351.280029296875,22.209999084472656,93.44000244140624,100.19,259.316,268.422,-159.12599999999998,194.3,106.631884727765,1183.170044,1189.2671772857143,1196.5353393333332,-0.16959532800236987
2020-08-08,0.25,0.0,0.125,0.5,-0.375,41.22,2351.669921875,3351.280029296875,22.209999084472656,93.44000244140624,100.19,259.316,268.422,-159.12599999999998,194.3,106.631884727765,1183.170044,1188.354318,1196.2403401333333,0.0
2020-08-09,0.25,0.0,0.125,0.5,-0.375,41.22,2351.669921875,3351.280029296875,22.209999084472656,93.44000244140624,100.19,259.316,268.422,-159.12599999999998,194.3,106.631884727765,1183.170044,1187.4414587142858,1195.8203409333335,0.0
2020-08-10,0.25,0.0,0.125,0.5,-0.375,41.94,2386.3798828125,3360.469970703125,22.1299991607666,93.58000183105467,100.19,259.316,268.422,-159.12599999999998,194.3,106.631884727765,1188.150024,1186.6928885714285,1195.5663410666666,0.42090146088926694
2020-08-11,0.25,0.0,0.125,0.5,-0.375,41.61,2418.669921875,3333.68994140625,24.030000686645508,93.62999725341795,100.19,259.316,268.422,-159.12599999999998,194.3,106.631884727765,1185.189941,1185.754307285714,1195.2136717666667,-0.24913377437257855
2020-08-12,0.25,0.0,0.125,0.5,-0.375,42.67,2432.35009765625,3380.35009765625,22.280000686645508,93.44000244140624,100.19,259.316,268.422,-159.12599999999998,194.3,106.631884727765,1184.97998,1184.7157329999998,1194.7290037666667,-0.017715388288130907
2020-08-13,0.25,0.0,0.125,0.5,-0.375,42.24,2437.530029296875,3373.429931640625,22.1299991607666,93.33999633789062,100.19,259.316,268.422,-159.12599999999998,194.3,106.631884727765,1182.75,1184.3685824285715,1194.0280028,-0.18818714557524707
2020-08-14,0.25,0.0,0.125,0.5,-0.375,42.01,2407.489990234375,3372.85009765625,22.049999237060547,93.0999984741211,100.19,259.316,268.422,-159.12599999999998,194.3,106.631884727765,1184.119995,1184.5042897142855,1193.3660033,0.11583132530119666
2020-08-15,0.25,0.0,0.125,0.5,-0.375,42.01,2407.489990234375,3372.85009765625,22.049999237060547,93.0999984741211,100.19,259.316,268.422,-159.12599999999998,194.3,106.631884727765,1184.119995,1184.639997,1192.8210041,0.0
2020-08-16,0.25,0.0,0.125,0.5,-0.375,42.01,2407.489990234375,3372.85009765625,22.049999237060547,93.0999984741211,100.19,259.316,268.422,-159.12599999999998,194.3,106.631884727765,1184.119995,1184.7757042857143,1192.1506712666667,0.0
2020-08-17,0.25,0.0,0.125,0.5,-0.375,42.89,2407.489990234375,3381.989990234375,21.350000381469727,92.8499984741211,100.19,259.316,268.422,-159.12599999999998,194.3,106.631884727765,1186.040039,1184.4742778571429,1191.5443399,0.16214944499775008
2020-08-18,0.25,0.0,0.125,0.5,-0.375,42.89,2348.239990234375,3389.780029296875,21.51000022888184,92.2699966430664,100.19,259.316,268.422,-159.12599999999998,194.3,106.631884727765,1183.099976,1184.1757114285715,1190.8400064333332,-0.2478890175140247
2020-08-19,0.25,0.0,0.125,0.5,-0.375,42.93,2360.5400390625,3374.85009765625,22.540000915527344,92.88999938964844,100.19,259.316,268.422,-159.12599999999998,194.3,106.631884727765,1183.640015,1183.9842878571428,1190.2103393,0.04564610015680426
2020-08-20,0.25,0.0,0.125,0.5,-0.375,42.58,2274.219970703125,3385.510009765625,22.71999931335449,92.79000091552734,100.19,259.316,268.422,-159.12599999999998,194.3,106.631884727765,1181.209961,1183.7642822857142,1189.5830037000003,-0.2053034680480903
2020-08-21,0.25,0.0,0.125,0.5,-0.375,42.34,2304.590087890625,3397.159912109375,22.540000915527344,93.25,100.19,259.316,268.422,-159.12599999999998,194.3,106.631884727765,1184.290039,1183.7885742857143,1189.3013386666669,0.2607561823634086
2020-08-22,0.25,0.0,0.125,0.5,-0.375,42.34,2304.590087890625,3397.159912109375,22.540000915527344,93.25,100.19,259.316,268.422,-159.12599999999998,194.3,106.631884727765,1184.290039,1183.812866285714,1188.8700073,0.0
2020-08-23,0.25,0.0,0.125,0.5,-0.375,42.34,2304.590087890625,3397.159912109375,22.540000915527344,93.25,100.19,259.316,268.422,-159.12599999999998,194.3,106.631884727765,1184.290039,1183.8371582857144,1188.3150105666668,0.0
2020-08-24,0.25,0.0,0.125,0.5,-0.375,42.62,2329.830078125,3431.280029296875,22.3700008392334,93.3000030517578,100.19,259.316,268.422,-159.12599999999998,194.3,106.631884727765,1191.199951,1184.5742885714285,1187.9903442333332,0.5834645038334196
2020-08-25,0.25,0.0,0.125,0.5,-0.375,43.35,2366.72998046875,3443.6201171875,22.030000686645508,93.0199966430664,100.19,259.316,268.422,-159.12599999999998,194.3,106.631884727765,1188.25,1185.3100062857143,1187.5673462000002,-0.24764532583497756
2020-08-26,0.25,0.0,0.125,0.5,-0.375,43.39,2369.320068359375,3478.72998046875,23.270000457763672,93.01000213623048,100.19,259.316,268.422,-159.12599999999998,194.3,106.631884727765,1186.459961,1185.7128557142858,1187.0996785666664,-0.15064498211655453
2020-08-27,0.25,0.0,0.125,0.5,-0.375,43.04,2344.449951171875,3484.550048828125,24.46999931335449,93.01000213623048,100.19,259.316,268.422,-159.12599999999998,194.3,106.631884727765,1183.849976,1186.0900007142857,1186.6973429666666,-0.2199808746854215
2020-08-28,0.25,0.0,0.125,0.5,-0.375,42.97,2353.800048828125,3508.010009765625,22.959999084472656,92.37000274658205,100.19,259.316,268.422,-159.12599999999998,194.3,106.631884727765,1186.579956,1186.417131714286,1186.2710083333334,0.2306018545714883
2020-08-29,0.25,0.0,0.125,0.5,-0.375,42.97,2353.800048828125,3508.010009765625,22.959999084472656,92.37000274658205,100.19,259.316,268.422,-159.12599999999998,194.3,106.631884727765,1186.579956,1186.7442627142857,1186.1326741999999,0.0
2020-08-30,0.25,0.0,0.125,0.5,-0.375,42.97,2353.800048828125,3508.010009765625,22.959999084472656,92.37000274658205,100.19,259.316,268.422,-159.12599999999998,194.3,106.631884727765,1186.579956,1187.071393714286,1186.0333374333334,0.0
2020-08-31,0.25,0.0,0.125,0.5,-0.375,42.61,2326.169921875,3500.31005859375,26.40999984741211,92.13999938964844,100.19,259.316,268.422,-159.12599999999998,194.3,106.631884727765,1179.589966,1185.4128244285714,1185.701001,-0.5890871461846969
2020-09-01,0.25,0.0,0.125,0.5,-0.375,42.76,2349.550048828125,3526.64990234375,26.1200008392334,92.33999633789062,100.74,259.997,268.933,-159.257,195.5,106.631884727765,1187.040039,1185.239972857143,1185.6170003333332,0.6315815846809292
2020-09-02,0.25,0.0,0.125,0.5,-0.375,41.51,2364.3701171875,3580.840087890625,26.56999969482422,92.8499984741211,100.74,259.997,268.933,-159.257,195.5,106.631884727765,1184.920044,1185.0199847142856,1185.3346679666668,-0.17859507096205096
2020-09-03,0.25,0.0,0.125,0.5,-0.375,41.37,2395.89990234375,3455.06005859375,33.599998474121094,92.73999786376952,100.74,259.997,268.933,-159.257,195.5,106.631884727765,1188.650024,1185.705705857143,1185.2310017666666,0.3147874845131904
2020-09-04,0.25,0.0,0.125,0.5,-0.375,39.77,2368.25,3426.9599609375,30.75,92.72000122070312,100.74,259.997,268.933,-159.257,195.5,106.631884727765,1190.780029,1186.3057162857144,1185.1820027333333,0.17919530198065026
2020-09-05,0.25,0.0,0.125,0.5,-0.375,39.77,2368.25,3426.9599609375,30.75,92.72000122070312,100.74,259.997,268.933,-159.257,195.5,106.631884727765,1190.780029,1186.9057267142857,1185.3686685666667,0.0
2020-09-06,0.25,0.0,0.125,0.5,-0.375,39.77,2368.25,3426.9599609375,30.75,92.72000122070312,100.74,259.997,268.933,-159.257,195.5,106.631884727765,1190.780029,1187.5057371428572,1185.6223347333334,0.0
2020-09-07,0.25,0.0,0.125,0.5,-0.375,39.77,2384.219970703125,3426.9599609375,30.75,92.72000122070312,100.74,259.997,268.933,-159.257,195.5,106.631884727765,1186.420044,1188.4814625714284,1185.7306680666666,-0.3661452908024887
2020-09-08,0.25,0.0,0.125,0.5,-0.375,36.76,2401.909912109375,3331.840087890625,31.459999084472656,93.4800033569336,100.74,259.997,268.933,-159.257,195.5,106.631884727765,1186.810059,1188.4486082857143,1185.8520018999998,0.03287326457204198
2020-09-09,0.25,0.0,0.125,0.5,-0.375,38.05,2375.81005859375,3398.9599609375,28.809999465942383,93.26000213623048,100.74,259.997,268.933,-159.257,195.5,106.631884727765,1189.23999,1189.0657434285713,1185.8883341,0.20474472571014868
2020-09-10,0.25,0.0,0.125,0.5,-0.375,37.3,2396.47998046875,3339.18994140625,29.709999084472656,93.33999633789062,100.74,259.997,268.933,-159.257,195.5,106.631884727765,1184.380005,1188.4557407142856,1185.8613362333333,-0.40866309919498356
2020-09-11,0.25,0.0,0.125,0.5,-0.375,37.33,2396.68994140625,3340.969970703125,26.8700008392334,93.33000183105467,100.74,259.997,268.933,-159.257,195.5,106.631884727765,1187.22998,1187.9485908571428,1185.9363362333336,0.24063011769606124
2020-09-12,0.25,0.0,0.125,0.5,-0.375,37.33,2396.68994140625,3340.969970703125,26.8700008392334,93.33000183105467,100.74,259.997,268.933,-159.257,195.5,106.631884727765,1187.22998,1187.4414410000002,1186.0856689,0.0
2020-09-13,0.25,0.0,0.125,0.5,-0.375,37.33,2396.68994140625,3340.969970703125,26.8700008392334,93.33000183105467,100.74,259.997,268.933,-159.257,195.5,106.631884727765,1187.22998,1186.934291142857,1186.1893350666667,0.0
2020-09-14,0.25,0.0,0.125,0.5,-0.375,37.26,2427.909912109375,3383.5400390625,25.850000381469727,93.06999969482422,100.74,259.997,268.933,-159.257,195.5,106.631884727765,1186.969971,1187.0128521428571,1186.2843342666667,-0.021900474582026153
2020-09-15,0.25,0.0,0.125,0.5,-0.375,38.28,2443.580078125,3401.199951171875,25.59000015258789,93.0500030517578,100.74,259.997,268.933,-159.257,195.5,106.631884727765,1180.839966,1186.1599817142855,1186.1749999666667,-0.5164414559565955
2020-09-16,0.25,0.0,0.125,0.5,-0.375,40.16,2435.919921875,3385.489990234375,26.040000915527344,93.20999908447266,100.74,259.997,268.933,-159.257,195.5,106.631884727765,1179.25,1184.7328402857145,1185.9486653333333,-0.13464703480403628
2020-09-17,0.25,0.0,0.125,0.5,-0.375,40.97,2406.169921875,3357.010009765625,26.459999084472656,92.97000122070312,100.74,259.997,268.933,-159.257,195.5,106.631884727765,1172.069946,1182.9742604285714,1185.580997666667,-0.6088661437354204
2020-09-18,0.25,0.0,0.125,0.5,-0.375,41.11,2412.39990234375,3319.469970703125,25.82999992370605,92.93000030517578,100.74,259.997,268.933,-159.257,195.5,106.631884727765,1168.650024,1180.319981,1185.0813312999999,-0.29178480445398725
2020-09-19,0.25,0.0,0.125,0.5,-0.375,41.11,2412.39990234375,3319.469970703125,25.82999992370605,92.93000030517578,100.74,259.997,268.933,-159.257,195.5,106.631884727765,1168.650024,1177.6657015714286,1184.6626667333333,0.0
2020-09-20,0.25,0.0,0.125,0.5,-0.375,41.11,2412.39990234375,3319.469970703125,25.82999992370605,92.93000030517578,100.74,259.997,268.933,-159.257,195.5,106.631884727765,1168.650024,1175.0114221428573,1184.1413329,0.0
2020-09-21,0.25,0.0,0.125,0.5,-0.375,39.31,2389.389892578125,3281.06005859375,27.780000686645508,93.54000091552734,100.74,259.997,268.933,-159.257,195.5,106.631884727765,1163.98999,1171.7285677142859,1183.4646645999999,-0.3987535963974831
2020-09-22,0.25,0.0,0.125,0.5,-0.375,39.6,2332.590087890625,3315.570068359375,26.86000061035156,93.98999786376952,100.74,259.997,268.933,-159.257,195.5,106.631884727765,1163.849976,1169.3014262857143,1182.7833291666668,-0.012028797601604246
2020-09-23,0.25,0.0,0.125,0.5,-0.375,39.93,2333.239990234375,3236.919921875,28.57999992370605,94.38999938964844,100.74,259.997,268.933,-159.257,195.5,106.631884727765,1162.5,1166.9085691428572,1181.8266641333335,-0.11599226943661556
2020-09-24,0.25,0.0,0.125,0.5,-0.375,40.31,2272.699951171875,3246.590087890625,28.51000022888184,94.3499984741211,100.74,259.997,268.933,-159.257,195.5,106.631884727765,1169.72998,1166.5742882857144,1181.2093301333334,0.6219337634408628
2020-09-25,0.25,0.0,0.125,0.5,-0.375,40.25,2278.7900390625,3298.4599609375,26.3799991607666,94.58000183105467,100.74,259.997,268.933,-159.257,195.5,106.631884727765,1168.5,1166.5528562857144,1180.6106647666668,-0.10515076308466043
2020-09-26,0.25,0.0,0.125,0.5,-0.375,40.25,2278.7900390625,3298.4599609375,26.3799991607666,94.58000183105467,100.74,259.997,268.933,-159.257,195.5,106.631884727765,1168.5,1166.5314242857144,1180.0989989,0.0
2020-09-27,0.25,0.0,0.125,0.5,-0.375,40.25,2278.7900390625,3298.4599609375,26.3799991607666,94.58000183105467,100.74,259.997,268.933,-159.257,195.5,106.631884727765,1168.5,1166.5099922857141,1179.4963337,0.0
2020-09-28,0.25,0.0,0.125,0.5,-0.375,40.6,2308.080078125,3351.60009765625,26.190000534057617,94.26000213623048,100.74,259.997,268.933,-159.257,195.5,106.631884727765,1173.439941,1167.8599852857144,1179.0583332,0.42275917843390687
2020-09-29,0.25,0.0,0.125,0.5,-0.375,39.29,2327.889892578125,3335.469970703125,26.270000457763672,93.88999938964844,100.74,259.997,268.933,-159.257,195.5,106.631884727765,1166.410034,1168.225707857143,1178.386002466667,-0.5990853689545661
2020-09-30,0.25,0.0,0.125,0.5,-0.375,40.22,2327.889892578125,3363.0,26.3700008392334,93.88999938964844,100.74,259.997,268.933,-159.257,195.5,106.631884727765,1167.859985,1168.99142,1177.9950031,0.124308858611899
2020-10-01,0.25,0.0,0.125,0.5,-0.375,38.72,2327.889892578125,3380.800048828125,26.700000762939453,93.70999908447266,100.18,260.319,269.306,-160.139,196.5,117.243548302888,1163.780029,1168.141427,1177.2196694333334,-0.3493531803814731
2020-10-02,0.25,0.0,0.125,0.5,-0.375,37.05,2327.889892578125,3348.419921875,27.6299991607666,93.83999633789062,100.18,260.319,269.306,-160.139,196.5,117.243548302888,1161.97998,1167.2099955714286,1176.4550006333336,-0.1546726146818833
2020-10-03,0.25,0.0,0.125,0.5,-0.375,37.05,2327.889892578125,3348.419921875,27.6299991607666,93.83999633789062,100.18,260.319,269.306,-160.139,196.5,117.243548302888,1161.97998,1166.278564142857,1175.5659991666666,0.0
2020-10-04,0.25,0.0,0.125,0.5,-0.375,37.05,2327.889892578125,3348.419921875,27.6299991607666,93.83999633789062,100.18,260.319,269.306,-160.139,196.5,117.243548302888,1161.97998,1165.3471327142856,1174.6059975333333,0.0
2020-10-05,0.25,0.0,0.125,0.5,-0.375,39.22,2358.0,3408.60009765625,27.959999084472656,93.51000213623048,100.18,260.319,269.306,-160.139,196.5,117.243548302888,1165.359985,1164.1928532857144,1173.7586627333333,0.2908832387972904
2020-10-06,0.25,0.0,0.125,0.5,-0.375,40.67,2365.89990234375,3360.969970703125,29.479999542236328,93.83000183105467,100.18,260.319,269.306,-160.139,196.5,117.243548302888,1156.089966,1162.7185578571427,1172.6023272999998,-0.7954639870357383
2020-10-07,0.25,0.0,0.125,0.5,-0.375,39.95,2386.93994140625,3419.43994140625,28.059999465942383,93.62999725341795,100.18,260.319,269.306,-160.139,196.5,117.243548302888,1163.890015,1162.1514192857144,1171.8513263333334,0.6746922150866475
2020-10-08,0.25,0.0,0.125,0.5,-0.375,41.19,2391.9599609375,3446.830078125,26.36000061035156,93.61000061035156,100.18,260.319,269.306,-160.139,196.5,117.243548302888,1156.5,1161.1114151428571,1170.8409910333335,-0.634941008579748
2020-10-09,0.25,0.0,0.125,0.5,-0.375,40.6,2391.9599609375,3477.139892578125,25.0,93.05999755859376,100.18,260.319,269.306,-160.139,196.5,117.243548302888,1150.359985,1159.451415857143,1169.5449908666667,-0.5309135322092429
2020-10-10,0.25,0.0,0.125,0.5,-0.375,40.6,2391.9599609375,3477.139892578125,25.0,93.05999755859376,100.18,260.319,269.306,-160.139,196.5,117.243548302888,1150.359985,1157.7914165714285,1168.4109902000002,0.0
2020-10-11,0.25,0.0,0.125,0.5,-0.375,40.6,2391.9599609375,3477.139892578125,25.0,93.05999755859376,100.18,260.319,269.306,-160.139,196.5,117.243548302888,1150.359985,1156.1314172857144,1167.1819903666665,0.0
2020-10-12,0.25,0.0,0.125,0.5,-0.375,39.43,2403.72998046875,3534.219970703125,25.06999969482422,93.06999969482422,100.18,260.319,269.306,-160.139,196.5,117.243548302888,1142.650024,1152.8871371428572,1165.6959918333334,-0.670221591548148
2020-10-13,0.25,0.0,0.125,0.5,-0.375,40.2,2403.14990234375,3511.929931640625,26.06999969482422,93.52999877929688,100.18,260.319,269.306,-160.139,196.5,117.243548302888,1146.400024,1151.502859714286,1164.3349933,0.3281844765445019
2020-10-14,0.25,0.0,0.125,0.5,-0.375,41.04,2380.47998046875,3488.669921875,26.39999961853028,93.37999725341795,100.18,260.319,269.306,-160.139,196.5,117.243548302888,1147.890015,1149.2171454285713,1163.0323280999999,0.1299712987444801
2020-10-15,0.25,0.0,0.125,0.5,-0.375,40.96,2361.2099609375,3483.340087890625,26.96999931335449,93.86000061035156,100.18,260.319,269.306,-160.139,196.5,117.243548302888,1146.310059,1147.7614395714286,1161.8813312,-0.13764001597313946
2020-10-16,0.25,0.0,0.125,0.5,-0.375,40.88,2341.530029296875,3483.81005859375,27.40999984741211,93.68000030517578,100.18,260.319,269.306,-160.139,196.5,117.243548302888,1144.130005,1146.8714424285713,1160.7106647,-0.1901801334537434
2020-10-17,0.25,0.0,0.125,0.5,-0.375,40.88,2341.530029296875,3483.81005859375,27.40999984741211,93.68000030517578,100.18,260.319,269.306,-160.139,196.5,117.243548302888,1144.130005,1145.9814452857142,1159.7793333333332,0.0
2020-10-18,0.25,0.0,0.125,0.5,-0.375,40.88,2341.530029296875,3483.81005859375,27.40999984741211,93.68000030517578,100.18,260.319,269.306,-160.139,196.5,117.243548302888,1144.130005,1145.091448142857,1158.9619993666668,0.0
2020-10-19,0.25,0.0,0.125,0.5,-0.375,40.83,2346.739990234375,3426.919921875,29.18000030517578,93.43000030517578,100.18,260.319,269.306,-160.139,196.5,117.243548302888,1141.180054,1144.8814524285715,1158.0463337,-0.25783354925650315
2020-10-20,0.25,0.0,0.125,0.5,-0.375,41.46,2358.409912109375,3443.1201171875,29.350000381469727,93.06999969482422,100.18,260.319,269.306,-160.139,196.5,117.243548302888,1137.0,1143.5385918571428,1156.9913329,-0.36629224155717566
2020-10-21,0.25,0.0,0.125,0.5,-0.375,40.03,2370.860107421875,3435.56005859375,28.64999961853028,92.61000061035156,100.18,260.319,269.306,-160.139,196.5,117.243548302888,1136.0,1141.8400182857145,1156.0583332333335,-0.08795074758135568
2020-10-22,0.25,0.0,0.125,0.5,-0.375,40.64,2355.050048828125,3453.489990234375,28.11000061035156,92.9499969482422,100.18,260.319,269.306,-160.139,196.5,117.243548302888,1132.030029,1139.800014,1154.9976683333332,-0.3494692781690123
2020-10-23,0.25,0.0,0.125,0.5,-0.375,39.85,2360.81005859375,3465.389892578125,27.549999237060547,92.7699966430664,100.18,260.319,269.306,-160.139,196.5,117.243548302888,1134.150024,1138.3743024285716,1154.0526691333332,0.18727374236464644
2020-10-24,0.25,0.0,0.125,0.5,-0.375,39.85,2360.81005859375,3465.389892578125,27.549999237060547,92.7699966430664,100.18,260.319,269.306,-160.139,196.5,117.243548302888,1134.150024,1136.9485908571428,1152.8666706000001,0.0
2020-10-25,0.25,0.0,0.125,0.5,-0.375,39.85,2360.81005859375,3465.389892578125,27.549999237060547,92.7699966430664,100.18,260.319,269.306,-160.139,196.5,117.243548302888,1134.150024,1135.5228792857142,1151.7216713999999,0.0
2020-10-26,0.25,0.0,0.125,0.5,-0.375,38.56,2343.909912109375,3400.969970703125,32.459999084472656,93.0500030517578,100.18,260.319,269.306,-160.139,196.5,117.243548302888,1127.76001,1133.605730142857,1150.3636717333334,-0.5634187598447804
2020-10-27,0.25,0.0,0.125,0.5,-0.375,39.57,2330.840087890625,3390.679931640625,33.349998474121094,92.94000244140624,100.18,260.319,269.306,-160.139,196.5,117.243548302888,1131.640015,1132.840018,1149.1350055666667,0.3440452725398613
2020-10-28,0.25,0.0,0.125,0.5,-0.375,37.39,2345.260009765625,3271.030029296875,40.27999877929688,93.41000366210938,100.18,260.319,269.306,-160.139,196.5,117.243548302888,1128.22998,1131.7300151428572,1147.6280068666667,-0.30133566812763357
2020-10-29,0.25,0.0,0.125,0.5,-0.375,36.17,2326.669921875,3310.110107421875,37.59000015258789,93.95999908447266,100.18,260.319,269.306,-160.139,196.5,117.243548302888,1134.180054,1132.0371615714287,1146.5536742,0.5273813057156795
2020-10-30,0.25,0.0,0.125,0.5,-0.375,35.79,2267.14990234375,3269.9599609375,38.02000045776367,94.04000091552734,100.18,260.319,269.306,-160.139,196.5,117.243548302888,1129.52002,1131.3757324285714,1145.2756753666665,-0.41087250508110573
2020-10-31,0.25,0.0,0.125,0.5,-0.375,35.79,2267.14990234375,3269.9599609375,38.02000045776367,94.04000091552734,100.18,260.319,269.306,-160.139,196.5,117.243548302888,1129.52002,1130.7143032857143,1144.1336750666667,0.0
2020-11-01,0.25,0.0,0.125,0.5,-0.375,35.79,2267.14990234375,3269.9599609375,38.02000045776367,94.04000091552734,100.09,260.911,269.981,-160.821,198.3,117.243548302888,1129.52002,1130.052874142857,1143.0516764,0.0
2020-11-02,0.25,0.0,0.125,0.5,-0.375,36.81,2300.159912109375,3310.239990234375,37.130001068115234,94.0500030517578,100.09,260.911,269.981,-160.821,198.3,117.243548302888,1135.609985,1131.174299142857,1142.1726765666667,0.5391639716133767
2020-11-03,0.25,0.0,0.125,0.5,-0.375,37.66,2343.31005859375,3369.159912109375,35.54999923706055,93.5500030517578,100.09,260.911,269.981,-160.821,198.3,117.243548302888,1132.140015,1131.2457277142855,1141.1780110666664,-0.3055600114329815
2020-11-04,0.25,0.0,0.125,0.5,-0.375,39.15,2357.320068359375,3443.43994140625,29.56999969482422,93.41000366210938,100.09,260.911,269.981,-160.821,198.3,117.243548302888,1130.329956,1131.5457242857142,1140.0103434333332,-0.15987942975409508
2020-11-05,0.25,0.0,0.125,0.5,-0.375,38.79,2413.7900390625,3510.449951171875,27.57999992370605,92.52999877929688,100.09,260.911,269.981,-160.821,198.3,117.243548302888,1129.73999,1130.9114294285714,1139.1320109,-0.052194140026839975
2020-11-06,0.25,0.0,0.125,0.5,-0.375,37.14,2416.5,3509.43994140625,24.86000061035156,92.2300033569336,100.09,260.911,269.981,-160.821,198.3,117.243548302888,1122.630005,1129.9271415714286,1137.7566772333332,-0.6293470234686516
2020-11-07,0.25,0.0,0.125,0.5,-0.375,37.14,2416.5,3509.43994140625,24.86000061035156,92.2300033569336,100.09,260.911,269.981,-160.821,198.3,117.243548302888,1122.630005,1128.9428537142855,1136.6276773999998,0.0
2020-11-08,0.25,0.0,0.125,0.5,-0.375,37.14,2416.5,3509.43994140625,24.86000061035156,92.2300033569336,100.09,260.911,269.981,-160.821,198.3,117.243548302888,1122.630005,1127.958565857143,1135.7033447333333,0.0
2020-11-09,0.25,0.0,0.125,0.5,-0.375,40.29,2447.199951171875,3550.5,25.75,92.7300033569336,100.09,260.911,269.981,-160.821,198.3,117.243548302888,1121.150024,1125.892857142857,1134.7296793666667,-0.13183159129974698
2020-11-10,0.25,0.0,0.125,0.5,-0.375,41.36,2452.830078125,3545.530029296875,24.799999237060547,92.75,100.09,260.911,269.981,-160.821,198.3,117.243548302888,1118.689941,1123.9714179999999,1133.6740112333334,-0.2194249607401333
2020-11-11,0.25,0.0,0.125,0.5,-0.375,41.45,2485.8701171875,3572.659912109375,23.450000762939453,93.04000091552734,100.09,260.911,269.981,-160.821,198.3,117.243548302888,1116.079956,1121.9357037142859,1132.7883422999998,-0.23330727347623537
2020-11-12,0.25,0.0,0.125,0.5,-0.375,41.12,2475.6201171875,3537.010009765625,25.350000381469727,92.95999908447266,100.09,260.911,269.981,-160.821,198.3,117.243548302888,1111.449951,1119.322841,1131.6233398666666,-0.41484527834312335
2020-11-13,0.25,0.0,0.125,0.5,-0.375,40.13,2493.8701171875,3585.14990234375,23.100000381469727,92.76000213623048,100.09,260.911,269.981,-160.821,198.3,117.243548302888,1114.910034,1118.219988,1130.5240071666667,0.3113125334061939
2020-11-14,0.25,0.0,0.125,0.5,-0.375,40.13,2493.8701171875,3585.14990234375,23.100000381469727,92.76000213623048,100.09,260.911,269.981,-160.821,198.3,117.243548302888,1114.910034,1117.1171350000002,1129.4773396666667,0.0
2020-11-15,0.25,0.0,0.125,0.5,-0.375,40.13,2493.8701171875,3585.14990234375,23.100000381469727,92.76000213623048,100.09,260.911,269.981,-160.821,198.3,117.243548302888,1114.910034,1116.0142819999999,1128.5033406333334,0.0
2020-11-16,0.25,0.0,0.125,0.5,-0.375,41.34,2543.030029296875,3626.909912109375,22.450000762939453,92.56999969482422,100.09,260.911,269.981,-160.821,198.3,117.243548302888,1107.76001,1114.1014228571428,1127.2910074666665,-0.6413095031845395
2020-11-17,0.25,0.0,0.125,0.5,-0.375,41.43,2539.14990234375,3609.530029296875,22.709999084472656,92.41999816894533,100.09,260.911,269.981,-160.821,198.3,117.243548302888,1106.089966,1112.3014264285714,1126.0230061666666,-0.1507586467216826
2020-11-18,0.25,0.0,0.125,0.5,-0.375,41.82,2545.639892578125,3567.7900390625,23.84000015258789,92.31999969482422,100.09,260.911,269.981,-160.821,198.3,117.243548302888,1104.949951,1110.7114257142857,1124.8153360666665,-0.10306711343948116
2020-11-19,0.25,0.0,0.125,0.5,-0.375,41.74,2547.419921875,3581.8701171875,23.11000061035156,92.29000091552734,100.09,260.911,269.981,-160.821,198.3,117.243548302888,1105.900024,1109.918579,1123.7786702,0.0859833514758046
2020-11-20,0.25,0.0,0.125,0.5,-0.375,42.15,2553.5,3557.5400390625,23.700000762939453,92.38999938964844,100.09,260.911,269.981,-160.821,198.3,117.243548302888,1114.140015,1109.8085762857143,1123.0500040333332,0.7450936631863136
2020-11-21,0.25,0.0,0.125,0.5,-0.375,42.15,2553.5,3557.5400390625,23.700000762939453,92.38999938964844,100.09,260.911,269.981,-160.821,198.3,117.243548302888,1114.140015,1109.6985735714284,1122.4536702333332,0.0
2020-11-22,0.25,0.0,0.125,0.5,-0.375,42.15,2553.5,3557.5400390625,23.700000762939453,92.38999938964844,100.09,260.911,269.981,-160.821,198.3,117.243548302888,1114.140015,1109.5885708571427,1121.7866699333333,0.0
2020-11-23,0.25,0.0,0.125,0.5,-0.375,43.06,2602.590087890625,3577.590087890625,22.65999984741211,92.51000213623048,100.09,260.911,269.981,-160.821,198.3,117.243548302888,1113.829956,1110.455706,1121.1093343333332,-0.027829446552996018
2020-11-24,0.25,0.0,0.125,0.5,-0.375,44.91,2617.760009765625,3635.409912109375,21.63999938964844,92.2300033569336,100.09,260.911,269.981,-160.821,198.3,117.243548302888,1113.079956,1111.454276,1120.4069987333335,-0.06733523335046288
2020-11-25,0.25,0.0,0.125,0.5,-0.375,45.71,2601.5400390625,3629.64990234375,21.25,91.98999786376952,100.09,260.911,269.981,-160.821,198.3,117.243548302888,1109.709961,1112.1342774285715,1119.8053304333334,-0.30276306583675305
2020-11-26,0.25,0.0,0.125,0.5,-0.375,45.71,2625.909912109375,3629.64990234375,21.25,91.98999786376952,100.09,260.911,269.981,-160.821,198.3,117.243548302888,1104.48999,1111.9328440000002,1118.9003296,-0.47039056901824194
2020-11-27,0.25,0.0,0.125,0.5,-0.375,45.53,2633.449951171875,3638.35009765625,20.84000015258789,91.79000091552734,100.09,260.911,269.981,-160.821,198.3,117.243548302888,1105.560059,1110.7071359999998,1118.1446655666666,0.09688353988612786
2020-11-28,0.25,0.0,0.125,0.5,-0.375,45.53,2633.449951171875,3638.35009765625,20.84000015258789,91.79000091552734,100.09,260.911,269.981,-160.821,198.3,117.243548302888,1105.560059,1109.481428,1117.1906657333334,0.0
2020-11-29,0.25,0.0,0.125,0.5,-0.375,45.53,2633.449951171875,3638.35009765625,20.84000015258789,91.79000091552734,100.09,260.911,269.981,-160.821,198.3,117.243548302888,1105.560059,1108.2557199999999,1116.3920003666667,0.0
2020-11-30,0.25,0.0,0.125,0.5,-0.375,45.34,2591.340087890625,3621.6298828125,20.56999969482422,91.87000274658205,100.09,260.911,269.981,-160.821,198.3,117.243548302888,1104.329956,1106.8985771428572,1115.5523315666665,-0.11126514475500171
2020-12-01,0.25,0.0,0.125,0.5,-0.375,44.55,2634.25,3662.449951171875,20.770000457763672,91.30999755859376,100.33,262.045,270.341,-161.71500000000003,200.5,117.243548302888,1108.51001,1106.2457277142857,1114.8519979,0.3785149517396613
2020-12-02,0.25,0.0,0.125,0.5,-0.375,45.28,2675.89990234375,3669.010009765625,21.170000076293945,91.12000274658205,100.33,262.045,270.341,-161.71500000000003,200.5,117.243548302888,1106.280029,1105.7557374285714,1113.8743327000002,-0.20116922534600956
2020-12-03,0.25,0.0,0.125,0.5,-0.375,45.64,2696.219970703125,3666.719970703125,21.280000686645508,90.70999908447266,100.33,262.045,270.341,-161.71500000000003,200.5,117.243548302888,1099.380005,1105.0257395714286,1112.7823323666667,-0.6237140524209872
2020-12-04,0.25,0.0,0.125,0.5,-0.375,46.26,2731.449951171875,3699.1201171875,20.790000915527344,90.6999969482422,100.33,262.045,270.341,-161.71500000000003,200.5,117.243548302888,1091.319946,1102.9914377142857,1111.4819987,-0.7331458606980812
2020-12-05,0.25,0.0,0.125,0.5,-0.375,46.26,2731.449951171875,3699.1201171875,20.790000915527344,90.6999969482422,100.33,262.045,270.341,-161.71500000000003,200.5,117.243548302888,1091.319946,1100.957135857143,1110.2013305666667,0.0
2020-12-06,0.25,0.0,0.125,0.5,-0.375,46.26,2731.449951171875,3699.1201171875,20.790000915527344,90.6999969482422,100.33,262.045,270.341,-161.71500000000003,200.5,117.243548302888,1091.319946,1098.9228340000002,1109.1576619333332,0.0
2020-12-07,0.25,0.0,0.125,0.5,-0.375,45.76,2745.43994140625,3691.9599609375,21.299999237060547,90.79000091552734,100.33,262.045,270.341,-161.71500000000003,200.5,117.243548302888,1083.780029,1095.9871301428573,1107.8626627333333,-0.6908988539645056
2020-12-08,0.25,0.0,0.125,0.5,-0.375,45.6,2700.929931640625,3702.25,20.68000030517578,90.97000122070312,100.33,262.045,270.341,-161.71500000000003,200.5,117.243548302888,1083.680054,1092.4399935714287,1106.5643310333332,-0.009224657894124633
2020-12-09,0.25,0.0,0.125,0.5,-0.375,45.52,2755.469970703125,3672.820068359375,22.270000457763672,91.08999633789062,100.33,262.045,270.341,-161.71500000000003,200.5,117.243548302888,1084.859985,1089.3799872857142,1105.3546630666667,0.10888186006976497
2020-12-10,0.25,0.0,0.125,0.5,-0.375,46.78,2746.4599609375,3668.10009765625,22.520000457763672,90.79000091552734,100.33,262.045,270.341,-161.71500000000003,200.5,117.243548302888,1086.359985,1087.5199844285714,1104.2769978666665,0.13826669070109432
2020-12-11,0.25,0.0,0.125,0.5,-0.375,46.57,2770.06005859375,3663.4599609375,23.309999465942383,90.9800033569336,100.33,262.045,270.341,-161.71500000000003,200.5,117.243548302888,1086.369995,1086.8128485714285,1103.2866658333332,0.0009214256911249663
2020-12-12,0.25,0.0,0.125,0.5,-0.375,46.57,2770.06005859375,3663.4599609375,23.309999465942383,90.9800033569336,100.33,262.045,270.341,-161.71500000000003,200.5,117.243548302888,1086.369995,1086.1057127142858,1102.4506673,0.0
2020-12-13,0.25,0.0,0.125,0.5,-0.375,46.57,2770.06005859375,3663.4599609375,23.309999465942383,90.9800033569336,100.33,262.045,270.341,-161.71500000000003,200.5,117.243548302888,1086.369995,1085.3985768571429,1101.4993326666668,0.0
2020-12-14,0.25,0.0,0.125,0.5,-0.375,46.99,2762.199951171875,3647.489990234375,24.71999931335449,90.70999908447266,100.33,262.045,270.341,-161.71500000000003,200.5,117.243548302888,1091.579956,1086.5128521428571,1100.7216634,0.47957519298018614
2020-12-15,0.25,0.0,0.125,0.5,-0.375,47.62,2756.820068359375,3694.6201171875,22.88999938964844,90.47000122070312,100.33,262.045,270.341,-161.71500000000003,200.5,117.243548302888,1092.060059,1087.7099957142857,1099.9599975666667,0.04398239426812722
2020-12-16,0.25,0.0,0.125,0.5,-0.375,47.82,2771.7900390625,3701.169921875,22.5,90.4499969482422,100.33,262.045,270.341,-161.71500000000003,200.5,117.243548302888,1088.209961,1088.1885637142857,1099.3083292666668,-0.35255368679314447
2020-12-17,0.25,0.0,0.125,0.5,-0.375,48.36,2770.429931640625,3722.47998046875,21.93000030517578,89.81999969482422,100.33,262.045,270.341,-161.71500000000003,200.5,117.243548302888,1091.650024,1088.9442835714285,1098.826997866667,0.3161212563096649
2020-12-18,0.25,0.0,0.125,0.5,-0.375,49.1,2772.179931640625,3709.409912109375,21.56999969482422,90.0199966430664,100.33,262.045,270.341,-161.71500000000003,200.5,117.243548302888,1092.160034,1089.771432,1098.4006673,0.04671918552534571
2020-12-19,0.25,0.0,0.125,0.5,-0.375,49.1,2772.179931640625,3709.409912109375,21.56999969482422,90.0199966430664,100.33,262.045,270.341,-161.71500000000003,200.5,117.243548302888,1092.160034,1090.5985804285715,1097.9426676333335,0.0
2020-12-20,0.25,0.0,0.125,0.5,-0.375,49.1,2772.179931640625,3709.409912109375,21.56999969482422,90.0199966430664,100.33,262.045,270.341,-161.71500000000003,200.5,117.243548302888,1092.160034,1091.4257288571428,1097.2100016,0.0
2020-12-21,0.25,0.0,0.125,0.5,-0.375,47.74,2778.64990234375,3694.919921875,25.15999984741211,90.04000091552734,100.33,262.045,270.341,-161.71500000000003,200.5,117.243548302888,1098.97998,1092.4828751428572,1096.7046670999998,0.6244456661742337
2020-12-22,0.25,0.0,0.125,0.5,-0.375,47.02,2733.679931640625,3687.260009765625,24.229999542236328,90.6500015258789,100.33,262.045,270.341,-161.71500000000003,200.5,117.243548302888,1101.859985,1093.8828645714286,1096.2953327666667,0.26206164374349417
2020-12-23,0.25,0.0,0.125,0.5,-0.375,48.12,2759.820068359375,3690.010009765625,23.309999465942383,90.41000366210938,100.33,262.045,270.341,-161.71500000000003,200.5,117.243548302888,1107.97998,1096.7071529999998,1096.1003335666667,0.555424017871009
2020-12-24,0.25,0.0,0.125,0.5,-0.375,48.23,2806.860107421875,3703.06005859375,21.530000686645508,90.33000183105467,100.33,262.045,270.341,-161.71500000000003,200.5,117.243548302888,1104.800049,1098.585728,1095.8243366666668,-0.28700256840381577
2020-12-25,0.25,0.0,0.125,0.5,-0.375,48.23,2806.860107421875,3703.06005859375,21.530000686645508,90.33000183105467,100.33,262.045,270.341,-161.71500000000003,200.5,117.243548302888,1099.910034,1099.692870857143,1095.4976724333333,-0.44261538587241356
2020-12-26,0.25,0.0,0.125,0.5,-0.375,48.23,2806.860107421875,3703.06005859375,21.530000686645508,90.33000183105467,100.33,262.045,270.341,-161.71500000000003,200.5,117.243548302888,1099.910034,1100.8000137142858,1095.3450072333333,0.0
2020-12-27,0.25,0.0,0.125,0.5,-0.375,48.23,2806.860107421875,3703.06005859375,21.530000686645508,90.33000183105467,100.33,262.045,270.341,-161.71500000000003,200.5,117.243548302888,1099.910034,1101.9071565714287,1095.1566730666668,0.0
2020-12-28,0.25,0.0,0.125,0.5,-0.375,47.62,2808.60009765625,3735.360107421875,21.700000762939453,90.33999633789062,100.33,262.045,270.341,-161.71500000000003,200.5,117.243548302888,1099.089966,1101.9228688571427,1094.9410033,-0.07455773423737933
2020-12-29,0.25,0.0,0.125,0.5,-0.375,48.0,2820.510009765625,3727.0400390625,23.07999992370605,90.01000213623047,100.33,262.045,270.341,-161.71500000000003,200.5,117.243548302888,1095.0,1100.942871,1094.5890013333335,-0.37212294957845726
2020-12-30,0.25,0.0,0.125,0.5,-0.375,48.4,2873.469970703125,3732.0400390625,22.770000457763672,89.62999725341797,100.33,262.045,270.341,-161.71500000000003,200.5,117.243548302888,1092.619995,1098.7485874285715,1094.1986693,-0.21735205479451736
2020-12-31,0.25,0.0,0.125,0.5,-0.375,48.52,2873.469970703125,3756.070068359375,22.75,89.94000244140625,100.33,262.045,270.341,-161.71500000000003,200.5,117.243548302888,1086.420044,1096.1228724285716,1093.4623371000002,-0.567438910908824
2021-01-01,0.25,0.0,0.125,0.5,-0.375,48.52,2873.469970703125,3756.070068359375,22.75,89.94000244140625,101.04,262.639,270.416,-161.599,204.8,138.64663248802,1084.650024,1093.942871,1092.7413369333333,-0.16292225182840125
2021-01-02,0.25,0.0,0.125,0.5,-0.375,48.52,2873.469970703125,3756.070068359375,22.75,89.94000244140625,101.04,262.639,270.416,-161.599,204.8,138.64663248802,1084.650024,1091.7628695714286,1092.2503375666668,0.0
2021-01-03,0.25,0.0,0.125,0.5,-0.375,48.52,2873.469970703125,3756.070068359375,22.75,89.94000244140625,101.04,262.639,270.416,-161.599,204.8,138.64663248802,1084.650024,1089.582868142857,1092.0280068333334,0.0
2021-01-04,0.25,0.0,0.125,0.5,-0.375,47.62,2944.449951171875,3700.64990234375,26.96999931335449,89.87999725341797,101.04,262.639,270.416,-161.599,204.8,138.64663248802,1084.72998,1087.5314415714286,1091.8083413,0.007371594360461309
2021-01-05,0.25,0.0,0.125,0.5,-0.375,49.93,2990.570068359375,3726.860107421875,25.34000015258789,89.44000244140625,101.04,262.639,270.416,-161.599,204.8,138.64663248802,1086.619995,1086.334298,1091.6516762666665,0.17423829292519954
2021-01-06,0.25,0.0,0.125,0.5,-0.375,50.63,2968.2099609375,3748.139892578125,25.06999969482422,89.52999877929688,101.04,262.639,270.416,-161.599,204.8,138.64663248802,1086.449951,1085.452863142857,1091.7406736666667,-0.015648892969244432
2021-01-07,0.25,0.0,0.125,0.5,-0.375,50.83,3031.679931640625,3803.7900390625,22.3700008392334,89.83000183105469,101.04,262.639,270.416,-161.599,204.8,138.64663248802,1086.949951,1085.528564142857,1091.8496702333334,0.046021448069444304
2021-01-08,0.25,0.0,0.125,0.5,-0.375,52.24,3152.179931640625,3824.679931640625,21.559999465942383,90.0999984741211,101.04,262.639,270.416,-161.599,204.8,138.64663248802,1093.069946,1086.7314101428572,1092.1233356,0.5630429436396467
2021-01-09,0.25,0.0,0.125,0.5,-0.375,52.24,3152.179931640625,3824.679931640625,21.559999465942383,90.0999984741211,101.04,262.639,270.416,-161.599,204.8,138.64663248802,1093.069946,1087.934256142857,1092.3470009666667,0.0
2021-01-10,0.25,0.0,0.125,0.5,-0.375,52.24,3152.179931640625,3824.679931640625,21.559999465942383,90.0999984741211,101.04,262.639,270.416,-161.599,204.8,138.64663248802,1093.069946,1089.1371021428572,1092.5703326666667,0.0
2021-01-11,0.25,0.0,0.125,0.5,-0.375,52.25,3148.449951171875,3799.610107421875,24.07999992370605,90.54000091552734,101.04,262.639,270.416,-161.599,204.8,138.64663248802,1092.819946,1090.2928115714287,1092.7853310333335,-0.022871363439713743
2021-01-12,0.25,0.0,0.125,0.5,-0.375,53.21,3125.949951171875,3801.18994140625,23.32999992370605,90.05000305175781,101.04,262.639,270.416,-161.599,204.8,138.64663248802,1096.449951,1091.697091,1093.1213295666666,0.33216862606568753
2021-01-13,0.25,0.0,0.125,0.5,-0.375,52.91,3148.2900390625,3809.840087890625,22.209999084472656,90.31999969482422,101.04,262.639,270.416,-161.599,204.8,138.64663248802,1093.540039,1092.7099607142857,1093.1866656666666,-0.26539396507302415
2021-01-14,0.25,0.0,0.125,0.5,-0.375,53.57,3149.929931640625,3795.5400390625,23.25,90.23999786376952,101.04,262.639,270.416,-161.599,204.8,138.64663248802,1097.109985,1094.1613941428573,1093.3549965333334,0.326457731100982
2021-01-15,0.25,0.0,0.125,0.5,-0.375,52.36,3085.89990234375,3768.25,24.34000015258789,90.77999877929688,101.04,262.639,270.416,-161.599,204.8,138.64663248802,1094.900024,1094.422833857143,1093.5779986333332,-0.20143477228493634
2021-01-16,0.25,0.0,0.125,0.5,-0.375,52.36,3085.89990234375,3768.25,24.34000015258789,90.77999877929688,101.04,262.639,270.416,-161.599,204.8,138.64663248802,1094.900024,1094.6842735714285,1093.6863319666668,0.0
2021-01-17,0.25,0.0,0.125,0.5,-0.375,52.36,3085.89990234375,3768.25,24.34000015258789,90.77999877929688,101.04,262.639,270.416,-161.599,204.8,138.64663248802,1094.900024,1094.9457132857144,1093.7776649666666,0.0
2021-01-18,0.25,0.0,0.125,0.5,-0.375,52.36,3013.929931640625,3768.25,24.34000015258789,90.77999877929688,101.04,262.639,270.416,-161.599,204.8,138.64663248802,1102.959961,1096.3942868571428,1094.1376625333332,0.736134516698117
2021-01-19,0.25,0.0,0.125,0.5,-0.375,52.98,3092.659912109375,3798.909912109375,23.239999771118164,90.5,101.04,262.639,270.416,-161.599,204.8,138.64663248802,1103.099976,1097.3442904285714,1094.5023272666665,0.012694477129793214
2021-01-20,0.25,0.0,0.125,0.5,-0.375,53.24,3114.550048828125,3851.85009765625,21.57999992370605,90.47000122070312,101.04,262.639,270.416,-161.599,204.8,138.64663248802,1100.98999,1098.4085691428572,1094.5693276,-0.19127785748405124
2021-01-21,0.25,0.0,0.125,0.5,-0.375,53.13,3160.840087890625,3853.070068359375,21.31999969482422,90.12999725341795,101.04,262.639,270.416,-161.599,204.8,138.64663248802,1096.25,1098.2857141428572,1094.3823281,-0.4305207170866354
2021-01-22,0.25,0.0,0.125,0.5,-0.375,52.27,3140.6298828125,3841.469970703125,21.90999984741211,90.23999786376952,101.04,262.639,270.416,-161.599,204.8,138.64663248802,1099.900024,1098.9999998571427,1094.1129962333332,0.332955438996585
2021-01-23,0.25,0.0,0.125,0.5,-0.375,52.27,3140.6298828125,3841.469970703125,21.90999984741211,90.23999786376952,101.04,262.639,270.416,-161.599,204.8,138.64663248802,1099.900024,1099.7142855714285,1093.9496620666666,0.0
2021-01-24,0.25,0.0,0.125,0.5,-0.375,52.27,3140.6298828125,3841.469970703125,21.90999984741211,90.23999786376952,101.04,262.639,270.416,-161.599,204.8,138.64663248802,1099.900024,1100.4285712857143,1093.9493284000002,0.0
2021-01-25,0.25,0.0,0.125,0.5,-0.375,52.77,3208.989990234375,3855.360107421875,23.190000534057617,90.38999938964844,101.04,262.639,270.416,-161.599,204.8,138.64663248802,1104.640015,1100.668579,1094.1069944333333,0.4309474403648039
2021-01-26,0.25,0.0,0.125,0.5,-0.375,52.61,3140.31005859375,3849.6201171875,23.020000457763672,90.16999816894533,101.04,262.639,270.416,-161.599,204.8,138.64663248802,1101.72998,1100.4728652857143,1094.1676593000002,-0.2634374058955169
2021-01-27,0.25,0.0,0.125,0.5,-0.375,52.85,3122.56005859375,3750.77001953125,37.209999084472656,90.6500015258789,101.04,262.639,270.416,-161.599,204.8,138.64663248802,1101.0,1100.4742952857143,1094.2313271,-0.06625761422958121
2021-01-28,0.25,0.0,0.125,0.5,-0.375,52.34,3069.050048828125,3787.3798828125,30.209999084472656,90.45999908447266,101.04,262.639,270.416,-161.599,204.8,138.64663248802,1107.5,1102.0814381428572,1094.6479937666668,0.5903723887375145
2021-01-29,0.25,0.0,0.125,0.5,-0.375,52.2,2976.2099609375,3714.239990234375,33.09000015258789,90.58000183105467,101.04,262.639,270.416,-161.599,204.8,138.64663248802,1112.290039,1103.8514402857143,1095.3036619000002,0.4325091647855439
2021-01-30,0.25,0.0,0.125,0.5,-0.375,52.2,2976.2099609375,3714.239990234375,33.09000015258789,90.58000183105467,101.04,262.639,270.416,-161.599,204.8,138.64663248802,1112.290039,1105.6214424285713,1096.1659950666667,0.0
2021-01-31,0.25,0.0,0.125,0.5,-0.375,52.2,2976.2099609375,3714.239990234375,33.09000015258789,90.58000183105467,101.04,262.639,270.416,-161.599,204.8,138.64663248802,1112.290039,1107.3914445714286,1097.0873289,0.0
2021-02-01,0.25,0.0,0.125,0.5,-0.375,53.55,3056.530029296875,3773.860107421875,30.239999771118164,91.0199966430664,101.58,263.573,270.776,-161.993,210.6,138.64663248802,1117.430054,1109.218593,1098.1799965666667,0.46211103397284514
2021-02-02,0.25,0.0,0.125,0.5,-0.375,54.76,3096.81005859375,3826.31005859375,25.559999465942383,91.1999969482422,101.58,263.573,270.776,-161.993,210.6,138.64663248802,1116.880005,1111.3828822857142,1099.2543292666667,-0.0492244680578402
2021-02-03,0.25,0.0,0.125,0.5,-0.375,55.69,3129.679931640625,3830.169921875,22.90999984741211,91.12000274658205,101.58,263.573,270.776,-161.993,210.6,138.64663248802,1113.609985,1113.1843087142856,1100.2169961000002,-0.29278167621954454
2021-02-04,0.25,0.0,0.125,0.5,-0.375,56.23,3087.550048828125,3871.739990234375,21.770000457763672,91.52999877929688,101.58,263.573,270.776,-161.993,210.6,138.64663248802,1113.150024,1113.9914549999999,1101.1013304,-0.04130359876397538
2021-02-05,0.25,0.0,0.125,0.5,-0.375,56.85,3120.6298828125,3886.830078125,20.8700008392334,91.04000091552734,101.58,263.573,270.776,-161.993,210.6,138.64663248802,1119.130005,1114.968593,1102.1906655333332,0.5372124934706957
2021-02-06,0.25,0.0,0.125,0.5,-0.375,56.85,3120.6298828125,3886.830078125,20.8700008392334,91.04000091552734,101.58,263.573,270.776,-161.993,210.6,138.64663248802,1119.130005,1115.945731,1103.263334,0.0
2021-02-07,0.25,0.0,0.125,0.5,-0.375,56.85,3120.6298828125,3886.830078125,20.8700008392334,91.04000091552734,101.58,263.573,270.776,-161.993,210.6,138.64663248802,1119.130005,1116.922869,1104.1320026333335,0.0
2021-02-08,0.25,0.0,0.125,0.5,-0.375,57.97,3091.239990234375,3915.590087890625,21.239999771118164,90.93000030517578,101.58,263.573,270.776,-161.993,210.6,138.64663248802,1116.849976,1116.8400007142857,1104.9246703,-0.20373227326704324
2021-02-09,0.25,0.0,0.125,0.5,-0.375,58.36,3084.669921875,3911.22998046875,21.6299991607666,90.44000244140624,101.58,263.573,270.776,-161.993,210.6,138.64663248802,1116.329956,1116.7614222857142,1105.7000039666668,-0.0465613118301178
2021-02-10,0.25,0.0,0.125,0.5,-0.375,58.68,3100.580078125,3909.8798828125,21.989999771118164,90.37000274658205,101.58,263.573,270.776,-161.993,210.6,138.64663248802,1110.0,1116.2457101428572,1106.2726724333334,-0.5670327098164951
2021-02-11,0.25,0.0,0.125,0.5,-0.375,58.24,3100.580078125,3916.3798828125,21.25,90.41999816894533,101.58,263.573,270.776,-161.993,210.6,138.64663248802,1103.97998,1114.935703857143,1106.5236734,-0.5423441441441357
2021-02-12,0.25,0.0,0.125,0.5,-0.375,59.47,3100.580078125,3934.830078125,19.96999931335449,90.4800033569336,101.58,263.573,270.776,-161.993,210.6,138.64663248802,1102.219971,1112.5199847142858,1106.8130044666666,-0.15942399607645763
2021-02-13,0.25,0.0,0.125,0.5,-0.375,59.47,3100.580078125,3934.830078125,19.96999931335449,90.4800033569336,101.58,263.573,270.776,-161.993,210.6,138.64663248802,1102.219971,1110.1042655714286,1106.9833373333336,0.0
2021-02-14,0.25,0.0,0.125,0.5,-0.375,59.47,3100.580078125,3934.830078125,19.96999931335449,90.4800033569336,101.58,263.573,270.776,-161.993,210.6,138.64663248802,1102.219971,1107.6885464285713,1107.2273355666666,0.0
2021-02-15,0.25,0.0,0.125,0.5,-0.375,59.47,3147.0,3934.830078125,19.96999931335449,90.4800033569336,101.58,263.573,270.776,-161.993,210.6,138.64663248802,1103.369995,1105.762834857143,1107.5096679333333,0.10433706794086284
2021-02-16,0.25,0.0,0.125,0.5,-0.375,60.05,3163.25,3932.590087890625,21.459999084472656,90.51000213623048,101.58,263.573,270.776,-161.993,210.6,138.64663248802,1102.23999,1103.7499825714287,1107.7543334666666,-0.10241396857996188
2021-02-17,0.25,0.0,0.125,0.5,-0.375,61.14,3133.72998046875,3931.330078125,21.5,90.9499969482422,101.58,263.573,270.776,-161.993,210.6,138.64663248802,1106.459961,1103.244262714286,1107.8710001333334,0.3828541005847619
2021-02-18,0.25,0.0,0.125,0.5,-0.375,60.52,3086.659912109375,3913.969970703125,22.489999771118164,90.58999633789062,101.58,263.573,270.776,-161.993,210.6,138.64663248802,1104.550049,1103.3257011428573,1107.9193358999999,-0.17261465098781237
2021-02-19,0.25,0.0,0.125,0.5,-0.375,59.24,3107.6201171875,3906.7099609375,22.049999237060547,90.36000061035156,101.58,263.573,270.776,-161.993,210.6,138.64663248802,1106.219971,1103.8971297142857,1108.0936686,0.15118572503907135
2021-02-20,0.25,0.0,0.125,0.5,-0.375,59.24,3107.6201171875,3906.7099609375,22.049999237060547,90.36000061035156,101.58,263.573,270.776,-161.993,210.6,138.64663248802,1106.219971,1104.4685582857142,1108.4260009666666,0.0
2021-02-21,0.25,0.0,0.125,0.5,-0.375,59.24,3107.6201171875,3906.7099609375,22.049999237060547,90.36000061035156,101.58,263.573,270.776,-161.993,210.6,138.64663248802,1106.219971,1105.0399868571428,1108.6366658666666,0.0
2021-02-22,0.25,0.0,0.125,0.5,-0.375,61.49,3079.75,3876.5,23.450000762939453,90.01000213623047,101.58,263.573,270.776,-161.993,210.6,138.64663248802,1103.939941,1105.1214077142856,1108.7713297666667,-0.2061100016065298
2021-02-23,0.25,0.0,0.125,0.5,-0.375,61.67,3070.090087890625,3881.3701171875,23.11000061035156,90.16999816894533,101.58,263.573,270.776,-161.993,210.6,138.64663248802,1110.670044,1106.3257011428573,1109.1303304333333,0.6096439443891599
2021-02-24,0.25,0.0,0.125,0.5,-0.375,63.22,2994.97998046875,3925.429931640625,21.34000015258789,90.18000030517578,101.58,263.573,270.776,-161.993,210.6,138.64663248802,1109.310059,1106.7328579999999,1109.2859985666666,-0.12244725671201051
2021-02-25,0.25,0.0,0.125,0.5,-0.375,63.53,3099.68994140625,3829.340087890625,28.88999938964844,90.12999725341795,101.58,263.573,270.776,-161.993,210.6,138.64663248802,1107.209961,1107.1128454285715,1109.4686646,-0.18931569068192378
2021-02-26,0.25,0.0,0.125,0.5,-0.375,61.5,3012.949951171875,3811.14990234375,27.950000762939453,90.93000030517578,101.58,263.573,270.776,-161.993,210.6,138.64663248802,1119.130005,1108.9571359999998,1110.0729981,1.0765838838041164
2021-02-27,0.25,0.0,0.125,0.5,-0.375,61.5,3012.949951171875,3811.14990234375,27.950000762939453,90.93000030517578,101.58,263.573,270.776,-161.993,210.6,138.64663248802,1119.130005,1110.8014265714285,1110.4606649333334,0.0
2021-02-28,0.25,0.0,0.125,0.5,-0.375,61.5,3012.949951171875,3811.14990234375,27.950000762939453,90.93000030517578,101.58,263.573,270.776,-161.993,210.6,138.64663248802,1119.130005,1112.6457171428572,1110.6886638,0.0
2021-03-01,0.25,0.0,0.125,0.5,-0.375,60.64,3012.949951171875,3901.820068359375,23.350000381469727,91.04000091552734,101.84,264.847,271.453,-163.00699999999998,215.0,138.64663248802,1123.369995,1115.4214391428573,1111.0579956666668,0.3788648308111542
2021-03-02,0.25,0.0,0.125,0.5,-0.375,59.75,3043.8701171875,3870.2900390625,24.100000381469727,90.79000091552734,101.84,264.847,271.453,-163.00699999999998,215.0,138.64663248802,1101.829956,1114.1585694285714,1110.7093262333333,-1.9174483114087426
2021-03-03,0.25,0.0,0.125,0.5,-0.375,61.28,3082.989990234375,3819.719970703125,26.670000076293945,90.9499969482422,101.84,264.847,271.453,-163.00699999999998,215.0,138.64663248802,1124.329956,1116.304269,1110.9393229666669,2.0420573862125035
2021-03-04,0.25,0.0,0.125,0.5,-0.375,63.83,3043.489990234375,3768.469970703125,28.56999969482422,91.62999725341795,101.84,264.847,271.453,-163.00699999999998,215.0,138.64663248802,1129.5,1119.4885602857141,1111.3599894666665,0.45983334095209827
2021-03-05,0.25,0.0,0.125,0.5,-0.375,66.09,3026.260009765625,3841.93994140625,24.65999984741211,91.9800033569336,101.84,264.847,271.453,-163.00699999999998,215.0,138.64663248802,1133.349976,1121.5199847142858,1112.0179891666667,0.34085666223993005
2021-03-06,0.25,0.0,0.125,0.5,-0.375,66.09,3026.260009765625,3841.93994140625,24.65999984741211,91.9800033569336,101.84,264.847,271.453,-163.00699999999998,215.0,138.64663248802,1133.349976,1123.5514091428572,1112.6913209000002,0.0
2021-03-07,0.25,0.0,0.125,0.5,-0.375,66.09,3026.260009765625,3841.93994140625,24.65999984741211,91.9800033569336,101.84,264.847,271.453,-163.00699999999998,215.0,138.64663248802,1133.349976,1125.5828335714284,1113.1653199333334,0.0
2021-03-08,0.25,0.0,0.125,0.5,-0.375,65.05,2996.110107421875,3821.35009765625,25.46999931335449,92.30999755859376,101.84,264.847,271.453,-163.00699999999998,215.0,138.64663248802,1127.48999,1126.1714042857143,1113.4439860999998,-0.5170499955081787
2021-03-09,0.25,0.0,0.125,0.5,-0.375,64.01,2976.1201171875,3875.43994140625,24.030000686645508,91.95999908447266,101.84,264.847,271.453,-163.00699999999998,215.0,138.64663248802,1140.22998,1131.657122,1114.1473186,1.1299426259207879
2021-03-10,0.25,0.0,0.125,0.5,-0.375,64.44,2958.1201171875,3898.81005859375,22.559999465942383,91.79000091552734,101.84,264.847,271.453,-163.00699999999998,215.0,138.64663248802,1134.910034,1133.168561714286,1114.7493205333333,-0.46656780590877966
2021-03-11,0.25,0.0,0.125,0.5,-0.375,66.02,3013.699951171875,3939.340087890625,21.90999984741211,91.41999816894533,101.84,264.847,271.453,-163.00699999999998,215.0,138.64663248802,1136.01001,1134.0985631428573,1115.4053223333333,0.09692186755307919
2021-03-12,0.25,0.0,0.125,0.5,-0.375,65.61,3054.389892578125,3943.340087890625,20.690000534057617,91.68000030517578,101.84,264.847,271.453,-163.00699999999998,215.0,138.64663248802,1129.640015,1133.5685687142857,1116.0599895,-0.56073405550362
2021-03-13,0.25,0.0,0.125,0.5,-0.375,65.61,3054.389892578125,3943.340087890625,20.690000534057617,91.68000030517578,101.84,264.847,271.453,-163.00699999999998,215.0,138.64663248802,1129.640015,1133.0385742857143,1116.915324,0.0
2021-03-14,0.25,0.0,0.125,0.5,-0.375,65.61,3054.389892578125,3943.340087890625,20.690000534057617,91.68000030517578,101.84,264.847,271.453,-163.00699999999998,215.0,138.64663248802,1129.640015,1132.5085798571429,1117.8293254666667,0.0
2021-03-15,0.25,0.0,0.125,0.5,-0.375,65.39,3045.7099609375,3968.93994140625,20.030000686645508,91.83000183105467,101.84,264.847,271.453,-163.00699999999998,215.0,138.64663248802,1134.5,1133.5100098571427,1118.9053264333334,0.4302242250156185
2021-03-16,0.25,0.0,0.125,0.5,-0.375,64.8,3067.169921875,3962.7099609375,19.790000915527344,91.87000274658205,101.84,264.847,271.453,-163.00699999999998,215.0,138.64663248802,1131.390015,1132.2471577142858,1119.8776612333336,-0.274128250330552
2021-03-17,0.25,0.0,0.125,0.5,-0.375,64.6,3047.5,3974.1201171875,19.229999542236328,91.4000015258789,101.84,264.847,271.453,-163.00699999999998,215.0,138.64663248802,1129.839966,1131.5228622857142,1120.7599936000001,-0.13700394907585345
2021-03-18,0.25,0.0,0.125,0.5,-0.375,60.0,3066.010009765625,3915.4599609375,21.57999992370605,91.8499984741211,101.84,264.847,271.453,-163.00699999999998,215.0,138.64663248802,1121.130005,1129.3971472857143,1121.3896607666668,-0.7709021863367194
2021-03-19,0.25,0.0,0.125,0.5,-0.375,61.42,3039.530029296875,3913.10009765625,20.950000762939453,91.91999816894533,101.84,264.847,271.453,-163.00699999999998,215.0,138.64663248802,1126.109985,1128.8928572857142,1122.0446615666665,0.44419291052690824
2021-03-20,0.25,0.0,0.125,0.5,-0.375,61.42,3039.530029296875,3913.10009765625,20.950000762939453,91.91999816894533,101.84,264.847,271.453,-163.00699999999998,215.0,138.64663248802,1126.109985,1128.3885672857143,1122.7633261,0.0
2021-03-21,0.25,0.0,0.125,0.5,-0.375,61.42,3039.530029296875,3913.10009765625,20.950000762939453,91.91999816894533,101.84,264.847,271.453,-163.00699999999998,215.0,138.64663248802,1126.109985,1127.8842772857142,1123.4263265666666,0.0
2021-03-22,0.25,0.0,0.125,0.5,-0.375,61.55,3035.4599609375,3940.590087890625,18.8799991607666,91.8000030517578,101.84,264.847,271.453,-163.00699999999998,215.0,138.64663248802,1127.47998,1126.8814172857144,1124.1349935333335,0.12165729975301964
2021-03-23,0.25,0.0,0.125,0.5,-0.375,57.76,3004.739990234375,3910.52001953125,20.299999237060547,92.33999633789062,101.84,264.847,271.453,-163.00699999999998,215.0,138.64663248802,1125.119995,1125.985700142857,1124.7649943333333,-0.20931502482199882
2021-03-24,0.25,0.0,0.125,0.5,-0.375,61.18,2996.35009765625,3889.139892578125,21.200000762939453,92.52999877929688,101.84,264.847,271.453,-163.00699999999998,215.0,138.64663248802,1133.199951,1126.465698,1125.740328,0.7181417125201817
2021-03-25,0.25,0.0,0.125,0.5,-0.375,58.56,3008.330078125,3909.52001953125,19.809999465942383,92.87999725341795,101.84,264.847,271.453,-163.00699999999998,215.0,138.64663248802,1134.47998,1128.3728372857145,1126.5339925333333,0.11295702924010165
2021-03-26,0.25,0.0,0.125,0.5,-0.375,60.97,3041.010009765625,3974.5400390625,18.86000061035156,92.7699966430664,101.84,264.847,271.453,-163.00699999999998,215.0,138.64663248802,1134.209961,1129.5299767142858,1127.3639892666665,-0.023801125163980252
2021-03-27,0.25,0.0,0.125,0.5,-0.375,60.97,3041.010009765625,3974.5400390625,18.86000061035156,92.7699966430664,101.84,264.847,271.453,-163.00699999999998,215.0,138.64663248802,1134.209961,1130.6871161428571,1128.2639892666666,0.0
2021-03-28,0.25,0.0,0.125,0.5,-0.375,60.97,3041.010009765625,3974.5400390625,18.86000061035156,92.7699966430664,101.84,264.847,271.453,-163.00699999999998,215.0,138.64663248802,1134.209961,1131.8442555714287,1128.7666544666668,0.0
2021-03-29,0.25,0.0,0.125,0.5,-0.375,61.56,3036.0400390625,3971.090087890625,20.739999771118164,92.94000244140624,101.84,264.847,271.453,-163.00699999999998,215.0,138.64663248802,1127.959961,1131.9128242857144,1129.0609863333334,-0.5510443581794644
2021-03-30,0.25,0.0,0.125,0.5,-0.375,60.55,3070.0,3958.550048828125,19.61000061035156,93.3000030517578,101.84,264.847,271.453,-163.00699999999998,215.0,138.64663248802,1131.650024,1132.8456855714287,1129.4783203000002,0.32714485687315165
2021-03-31,0.25,0.0,0.125,0.5,-0.375,59.16,3061.419921875,3972.889892578125,19.39999961853028,93.2300033569336,101.84,264.847,271.453,-163.00699999999998,215.0,138.64663248802,1132.319946,1132.7199705714286,1129.776652,0.05919869091965957
2021-04-01,0.25,0.0,0.125,0.5,-0.375,61.45,3087.39990234375,4019.8701171875,17.329999923706055,92.93000030517578,101.98,266.625,273.626,-164.64499999999998,217.9,153.732954581083,1127.199951,1131.6799664285716,1130.6223185000001,-0.4521685781555651
2021-04-02,0.25,0.0,0.125,0.5,-0.375,61.45,3112.800048828125,4019.8701171875,17.329999923706055,92.93000030517578,101.98,266.625,273.626,-164.64499999999998,217.9,153.732954581083,1128.060059,1130.801409,1130.7466552666665,0.07630482943481454
2021-04-03,0.25,0.0,0.125,0.5,-0.375,61.45,3112.800048828125,4019.8701171875,17.329999923706055,92.93000030517578,101.98,266.625,273.626,-164.64499999999998,217.9,153.732954581083,1128.060059,1129.9228515714285,1130.6986572333333,0.0
2021-04-04,0.25,0.0,0.125,0.5,-0.375,61.45,3112.800048828125,4019.8701171875,17.329999923706055,92.93000030517578,101.98,266.625,273.626,-164.64499999999998,217.9,153.732954581083,1128.060059,1129.044294142857,1130.5223266666667,0.0
2021-04-05,0.25,0.0,0.125,0.5,-0.375,58.65,3120.830078125,4077.909912109375,17.90999984741211,92.5999984741211,101.98,266.625,273.626,-164.64499999999998,217.9,153.732954581083,1128.790039,1129.1628767142856,1130.370328766667,0.06471109354293514
2021-04-06,0.25,0.0,0.125,0.5,-0.375,59.33,3127.080078125,4073.93994140625,18.1200008392334,92.33999633789062,101.98,266.625,273.626,-164.64499999999998,217.9,153.732954581083,1124.109985,1128.0857282857144,1130.0623290666665,-0.4146080172842459
2021-04-07,0.25,0.0,0.125,0.5,-0.375,59.77,3137.409912109375,4079.949951171875,17.15999984741211,92.45999908447266,101.98,266.625,273.626,-164.64499999999998,217.9,153.732954581083,1117.5,1125.9685931428571,1129.7293294,-0.5880194187582122
2021-04-08,0.25,0.0,0.125,0.5,-0.375,59.6,3143.260009765625,4097.169921875,16.950000762939453,92.05999755859376,101.98,266.625,273.626,-164.64499999999998,217.9,153.732954581083,1117.859985,1124.6343122857143,1128.9836629,0.03221342281880535
2021-04-09,0.25,0.0,0.125,0.5,-0.375,59.32,3131.8798828125,4128.7998046875,16.690000534057617,92.16000366210938,101.98,266.625,273.626,-164.64499999999998,217.9,153.732954581083,1115.839966,1122.8885847142858,1128.3479939666665,-0.180704115641106
2021-04-10,0.25,0.0,0.125,0.5,-0.375,59.32,3131.8798828125,4128.7998046875,16.690000534057617,92.16000366210938,101.98,266.625,273.626,-164.64499999999998,217.9,153.732954581083,1115.839966,1121.142857142857,1127.6756591666667,0.0
2021-04-11,0.25,0.0,0.125,0.5,-0.375,59.32,3131.8798828125,4128.7998046875,16.690000534057617,92.16000366210938,101.98,266.625,273.626,-164.64499999999998,217.9,153.732954581083,1115.839966,1119.3971295714286,1127.2156575333333,0.0
2021-04-12,0.25,0.0,0.125,0.5,-0.375,59.7,3135.590087890625,4127.990234375,16.90999984741211,92.13999938964844,101.98,266.625,273.626,-164.64499999999998,217.9,153.732954581083,1122.060059,1118.435703857143,1126.9629923333334,0.5574359396981698
2021-04-13,0.25,0.0,0.125,0.5,-0.375,60.18,3169.080078125,4141.58984375,16.649999618530273,91.8499984741211,101.98,266.625,273.626,-164.64499999999998,217.9,153.732954581083,1124.449951,1118.4842704285713,1126.7899902,0.2129914509326758
2021-04-14,0.25,0.0,0.125,0.5,-0.375,63.15,3182.3798828125,4124.66015625,16.989999771118164,91.69000244140624,101.98,266.625,273.626,-164.64499999999998,217.9,153.732954581083,1120.689941,1118.9399762857142,1126.3296549000002,-0.33438660357058003
2021-04-15,0.25,0.0,0.125,0.5,-0.375,63.46,3194.330078125,4170.419921875,16.56999969482422,91.66999816894533,101.98,266.625,273.626,-164.64499999999998,217.9,153.732954581083,1116.109985,1118.6899762857142,1125.8203205666666,-0.40867289269262974
2021-04-16,0.25,0.0,0.125,0.5,-0.375,63.13,3198.6201171875,4185.47021484375,16.25,91.55999755859376,101.98,266.625,273.626,-164.64499999999998,217.9,153.732954581083,1115.670044,1118.665701714286,1125.3479898333333,-0.03941735186610007
2021-04-17,0.25,0.0,0.125,0.5,-0.375,63.13,3198.6201171875,4185.47021484375,16.25,91.55999755859376,101.98,266.625,273.626,-164.64499999999998,217.9,153.732954581083,1115.670044,1118.641427142857,1125.1659911333334,0.0
2021-04-18,0.25,0.0,0.125,0.5,-0.375,63.13,3198.6201171875,4185.47021484375,16.25,91.55999755859376,101.98,266.625,273.626,-164.64499999999998,217.9,153.732954581083,1115.670044,1118.6171525714287,1124.8179931,0.0
2021-04-19,0.25,0.0,0.125,0.5,-0.375,63.38,3198.840087890625,4163.259765625,17.290000915527344,91.06999969482422,101.98,266.625,273.626,-164.64499999999998,217.9,153.732954581083,1115.650024,1117.7014332857143,1124.4693277333333,-0.0017944373524758639
2021-04-20,0.25,0.0,0.125,0.5,-0.375,62.44,3220.699951171875,4134.93994140625,18.68000030517578,91.23999786376952,101.98,266.625,273.626,-164.64499999999998,217.9,153.732954581083,1114.469971,1116.2757218571428,1124.0813272666667,-0.10577268629181624
2021-04-21,0.25,0.0,0.125,0.5,-0.375,61.35,3171.659912109375,4173.419921875,17.5,91.16000366210938,101.98,266.625,273.626,-164.64499999999998,217.9,153.732954581083,1116.109985,1115.6214424285715,1123.7023274333333,0.14715641001332713
2021-04-22,0.25,0.0,0.125,0.5,-0.375,61.43,3177.52001953125,4134.97998046875,18.709999084472656,91.33000183105467,101.98,266.625,273.626,-164.64499999999998,217.9,153.732954581083,1115.660034,1115.5571637142857,1123.3869954,-0.0403142168824977
2021-04-23,0.25,0.0,0.125,0.5,-0.375,62.14,3181.080078125,4180.169921875,17.329999923706055,90.86000061035156,101.98,266.625,273.626,-164.64499999999998,217.9,153.732954581083,1118.589966,1115.9742954285714,1122.8999959,0.26261871096118217
2021-04-24,0.25,0.0,0.125,0.5,-0.375,62.14,3181.080078125,4180.169921875,17.329999923706055,90.86000061035156,101.98,266.625,273.626,-164.64499999999998,217.9,153.732954581083,1118.589966,1116.391427142857,1122.370328766667,0.0
2021-04-25,0.25,0.0,0.125,0.5,-0.375,62.14,3181.080078125,4180.169921875,17.329999923706055,90.86000061035156,101.98,266.625,273.626,-164.64499999999998,217.9,153.732954581083,1118.589966,1116.8085588571428,1121.8496622666669,0.0
2021-04-26,0.25,0.0,0.125,0.5,-0.375,61.91,3217.530029296875,4187.6201171875,17.639999389648438,90.80999755859376,101.98,266.625,273.626,-164.64499999999998,217.9,153.732954581083,1114.130005,1116.5914132857142,1121.1803304,-0.3987127665688428
2021-04-27,0.25,0.0,0.125,0.5,-0.375,62.94,3215.419921875,4186.72021484375,17.559999465942383,90.91000366210938,101.98,266.625,273.626,-164.64499999999998,217.9,153.732954581083,1109.22998,1115.842843142857,1120.3476643666665,-0.4398072916095508
2021-04-28,0.25,0.0,0.125,0.5,-0.375,63.86,3181.469970703125,4183.18017578125,17.280000686645508,90.61000061035156,101.98,266.625,273.626,-164.64499999999998,217.9,153.732954581083,1112.150024,1115.2771344285716,1119.8206664666666,0.2632496463898182
2021-04-29,0.25,0.0,0.125,0.5,-0.375,65.01,3174.070068359375,4211.47021484375,17.610000610351562,90.61000061035156,101.98,266.625,273.626,-164.64499999999998,217.9,153.732954581083,1108.660034,1114.2771344285716,1119.0543334666665,-0.3138056849064097
2021-04-30,0.25,0.0,0.125,0.5,-0.375,63.58,3147.860107421875,4181.169921875,18.61000061035156,91.27999877929688,101.98,266.625,273.626,-164.64499999999998,217.9,153.732954581083,1106.630005,1112.5685685714286,1118.1980021000002,-0.18310653741848704
2021-05-01,0.25,0.0,0.125,0.5,-0.375,63.58,3147.860107421875,4181.169921875,18.61000061035156,91.27999877929688,102.05,268.404,275.457,-166.35399999999998,224.9,153.732954581083,1106.630005,1110.8600027142857,1117.5123372333333,0.0
2021-05-02,0.25,0.0,0.125,0.5,-0.375,63.58,3147.860107421875,4181.169921875,18.61000061035156,91.27999877929688,102.05,268.404,275.457,-166.35399999999998,224.9,153.732954581083,1106.630005,1109.151436857143,1116.7980021,0.0
2021-05-03,0.25,0.0,0.125,0.5,-0.375,64.49,3127.199951171875,4192.66015625,18.309999465942383,90.9499969482422,102.05,268.404,275.457,-166.35399999999998,224.9,153.732954581083,1116.76001,1109.5271518571428,1116.4213338,0.9153922227149502
2021-05-04,0.25,0.0,0.125,0.5,-0.375,65.69,3147.3701171875,4164.66015625,19.479999542236328,91.29000091552734,102.05,268.404,275.457,-166.35399999999998,224.9,153.732954581083,1120.400024,1111.1228724285713,1116.1659993,0.3259441569724686
2021-05-05,0.25,0.0,0.125,0.5,-0.375,65.63,3147.3701171875,4167.58984375,19.14999961853028,91.30999755859376,102.05,268.404,275.457,-166.35399999999998,224.9,153.732954581083,1124.910034,1112.945731,1116.0366658,0.4025356929124868
2021-05-06,0.25,0.0,0.125,0.5,-0.375,64.71,3160.429931640625,4201.6201171875,18.38999938964844,90.9499969482422,102.05,268.404,275.457,-166.35399999999998,224.9,153.732954581083,1123.98999,1115.1357247142857,1116.0326659666666,-0.0817882294754213
2021-05-07,0.25,0.0,0.125,0.5,-0.375,64.9,3197.199951171875,4232.60009765625,16.690000534057617,90.2300033569336,102.05,268.404,275.457,-166.35399999999998,224.9,153.732954581083,1119.390015,1116.9585832857142,1116.0956664666667,-0.40925408953153
2021-05-08,0.25,0.0,0.125,0.5,-0.375,64.9,3197.199951171875,4232.60009765625,16.690000534057617,90.2300033569336,102.05,268.404,275.457,-166.35399999999998,224.9,153.732954581083,1119.390015,1118.781441857143,1116.1466674666667,0.0
2021-05-09,0.25,0.0,0.125,0.5,-0.375,64.9,3197.199951171875,4232.60009765625,16.690000534057617,90.2300033569336,102.05,268.404,275.457,-166.35399999999998,224.9,153.732954581083,1119.390015,1120.6043004285714,1116.2650024333334,0.0
2021-05-10,0.25,0.0,0.125,0.5,-0.375,64.92,3249.300048828125,4188.43017578125,19.65999984741211,90.20999908447266,102.05,268.404,275.457,-166.35399999999998,224.9,153.732954581083,1111.969971,1119.9200091428572,1116.1360026,-0.6628649443509604
2021-05-11,0.25,0.0,0.125,0.5,-0.375,65.28,3209.429931640625,4152.10009765625,21.84000015258789,90.13999938964844,102.05,268.404,275.457,-166.35399999999998,224.9,153.732954581083,1115.540039,1119.2257255714285,1116.1260050333333,0.32105795058381403
2021-05-12,0.25,0.0,0.125,0.5,-0.375,66.08,3161.659912109375,4063.0400390625,27.59000015258789,90.70999908447266,102.05,268.404,275.457,-166.35399999999998,224.9,153.732954581083,1118.22998,1118.271432142857,1115.9983357333333,0.24113352331229798
2021-05-13,0.25,0.0,0.125,0.5,-0.375,63.82,3122.110107421875,4112.5,23.1299991607666,90.75,102.05,268.404,275.457,-166.35399999999998,224.9,153.732954581083,1131.599976,1119.358573,1116.2366699000002,1.1956392011596595
2021-05-14,0.25,0.0,0.125,0.5,-0.375,65.37,3153.320068359375,4173.85009765625,18.809999465942383,90.31999969482422,102.05,268.404,275.457,-166.35399999999998,224.9,153.732954581083,1125.699951,1120.2599924285714,1116.4036702333333,-0.5213878689583784
2021-05-15,0.25,0.0,0.125,0.5,-0.375,65.37,3153.320068359375,4173.85009765625,18.809999465942383,90.31999969482422,102.05,268.404,275.457,-166.35399999999998,224.9,153.732954581083,1125.699951,1121.1614118571429,1116.7233357666667,0.0
2021-05-16,0.25,0.0,0.125,0.5,-0.375,65.37,3153.320068359375,4173.85009765625,18.809999465942383,90.31999969482422,102.05,268.404,275.457,-166.35399999999998,224.9,153.732954581083,1125.699951,1122.0628312857145,1117.0576660000002,0.0
2021-05-17,0.25,0.0,0.125,0.5,-0.375,66.27,3134.52001953125,4163.2900390625,19.71999931335449,90.22000122070312,102.05,268.404,275.457,-166.35399999999998,224.9,153.732954581083,1125.530029,1123.9999824285715,1117.3863321666665,-0.015094786123881487
2021-05-18,0.25,0.0,0.125,0.5,-0.375,65.49,3173.050048828125,4127.830078125,21.34000015258789,89.75,102.05,268.404,275.457,-166.35399999999998,224.9,153.732954581083,1135.51001,1126.8528354285716,1118.0476643666666,0.8866916690678517
2021-05-19,0.25,0.0,0.125,0.5,-0.375,63.36,3173.050048828125,4115.68017578125,22.18000030517578,90.19000244140624,102.05,268.404,275.457,-166.35399999999998,224.9,153.732954581083,1127.140015,1128.1256975714286,1118.4306640666666,-0.7371132730040864
2021-05-20,0.25,0.0,0.125,0.5,-0.375,62.05,3162.280029296875,4159.1201171875,20.670000076293945,89.80999755859375,102.05,268.404,275.457,-166.35399999999998,224.9,153.732954581083,1130.369995,1127.949986,1118.9606648666665,0.2865642206838048
2021-05-21,0.25,0.0,0.125,0.5,-0.375,63.58,3156.419921875,4155.85986328125,20.14999961853028,90.0199966430664,102.05,268.404,275.457,-166.35399999999998,224.9,153.732954581083,1127.050049,1128.142857142857,1119.3253336666667,-0.2937043635876102
2021-05-22,0.25,0.0,0.125,0.5,-0.375,63.58,3156.419921875,4155.85986328125,20.14999961853028,90.0199966430664,102.05,268.404,275.457,-166.35399999999998,224.9,153.732954581083,1127.050049,1128.3357282857144,1119.705000833333,0.0
2021-05-23,0.25,0.0,0.125,0.5,-0.375,63.58,3156.419921875,4155.85986328125,20.14999961853028,90.0199966430664,102.05,268.404,275.457,-166.35399999999998,224.9,153.732954581083,1127.050049,1128.5285994285714,1119.9870036,0.0
2021-05-24,0.25,0.0,0.125,0.5,-0.375,66.05,3144.300048828125,4197.0498046875,18.39999961853028,89.83000183105469,102.05,268.404,275.457,-166.35399999999998,224.9,153.732954581083,1126.790039,1128.7086008571428,1120.2603393666666,-0.023069960400667888
2021-05-25,0.25,0.0,0.125,0.5,-0.375,66.07,3171.320068359375,4188.1298828125,18.84000015258789,89.63999938964844,102.05,268.404,275.457,-166.35399999999998,224.9,153.732954581083,1122.189941,1126.805733857143,1120.3803385333333,-0.40824801789003384
2021-05-26,0.25,0.0,0.125,0.5,-0.375,66.21,3168.429931640625,4195.990234375,17.360000610351562,90.04000091552734,102.05,268.404,275.457,-166.35399999999998,224.9,153.732954581083,1121.380005,1125.9828752857143,1120.6220051999999,-0.07217459098576295
2021-05-27,0.25,0.0,0.125,0.5,-0.375,66.85,3165.510009765625,4200.8798828125,16.739999771118164,89.97000122070312,102.05,268.404,275.457,-166.35399999999998,224.9,153.732954581083,1115.52002,1123.8614502857142,1120.8316731999998,-0.5225690643556713
2021-05-28,0.25,0.0,0.125,0.5,-0.375,66.32,3188.72998046875,4204.10986328125,16.760000228881836,90.02999877929688,102.05,268.404,275.457,-166.35399999999998,224.9,153.732954581083,1117.300049,1122.4685931428571,1121.0033407,0.15956943560726522
2021-05-29,0.25,0.0,0.125,0.5,-0.375,66.32,3188.72998046875,4204.10986328125,16.760000228881836,90.02999877929688,102.05,268.404,275.457,-166.35399999999998,224.9,153.732954581083,1117.300049,1121.075736,1121.2913412,0.0
2021-05-30,0.25,0.0,0.125,0.5,-0.375,66.32,3188.72998046875,4204.10986328125,16.760000228881836,90.02999877929688,102.05,268.404,275.457,-166.35399999999998,224.9,153.732954581083,1117.300049,1119.682878857143,1121.6470093333332,0.0
2021-05-31,0.25,0.0,0.125,0.5,-0.375,66.32,3203.919921875,4204.10986328125,16.760000228881836,90.02999877929688,102.05,268.404,275.457,-166.35399999999998,224.9,153.732954581083,1112.849976,1117.6914412857143,1121.8543417,-0.3982880877865247
2021-06-01,0.25,0.0,0.125,0.5,-0.375,67.72,3221.8701171875,4202.0400390625,17.899999618530273,89.83000183105469,102.05,270.71,277.608,-168.65999999999997,228.9,153.732954581083,1106.97998,1115.5185897142856,1121.8660075333332,-0.5274741543418893
2021-06-02,0.25,0.0,0.125,0.5,-0.375,68.83,3224.22998046875,4208.1201171875,17.479999542236328,89.9000015258789,102.05,270.71,277.608,-168.65999999999997,228.9,153.732954581083,1107.209961,1113.4942977142857,1121.5476725666667,0.02077553380865904
2021-06-03,0.25,0.0,0.125,0.5,-0.375,68.81,3247.429931640625,4192.85009765625,18.040000915527344,90.5,102.05,270.71,277.608,-168.65999999999997,228.9,153.732954581083,1109.880005,1112.6885812857142,1121.1970052666666,0.2411506483908754
2021-06-04,0.25,0.0,0.125,0.5,-0.375,69.62,3240.080078125,4229.89013671875,16.420000076293945,90.13999938964844,102.05,270.71,277.608,-168.65999999999997,228.9,153.732954581083,1115.439941,1112.4228515714287,1120.8813355,0.5009492895585721
2021-06-05,0.25,0.0,0.125,0.5,-0.375,69.62,3240.080078125,4229.89013671875,16.420000076293945,90.13999938964844,102.05,270.71,277.608,-168.65999999999997,228.9,153.732954581083,1115.439941,1112.157121857143,1120.5963338666666,0.0
2021-06-06,0.25,0.0,0.125,0.5,-0.375,69.62,3240.080078125,4229.89013671875,16.420000076293945,90.13999938964844,102.05,270.71,277.608,-168.65999999999997,228.9,153.732954581083,1115.439941,1111.8913921428573,1120.4646647333334,0.0
2021-06-07,0.25,0.0,0.125,0.5,-0.375,69.23,3252.1201171875,4226.52001953125,16.420000076293945,89.94999694824219,102.05,270.71,277.608,-168.65999999999997,228.9,153.732954581083,1109.680054,1111.4385461428571,1120.1409993666666,-0.5163780485425651
2021-06-08,0.25,0.0,0.125,0.5,-0.375,70.05,3247.830078125,4227.259765625,17.06999969482422,90.08000183105467,102.05,270.71,277.608,-168.65999999999997,228.9,153.732954581083,1109.319946,1111.772827,1119.8053304,-0.032451515975417955
2021-06-09,0.25,0.0,0.125,0.5,-0.375,69.96,3216.179931640625,4219.5498046875,17.889999389648438,90.12000274658205,102.05,270.71,277.608,-168.65999999999997,228.9,153.732954581083,1116.890015,1113.1556918571428,1119.9693318666666,0.6824062820916632
2021-06-10,0.25,0.0,0.125,0.5,-0.375,70.29,3224.639892578125,4239.18017578125,16.100000381469727,90.08000183105467,102.05,270.71,277.608,-168.65999999999997,228.9,153.732954581083,1116.410034,1114.088553142857,1119.9983317,-0.04297477760153434
2021-06-11,0.25,0.0,0.125,0.5,-0.375,70.91,3249.320068359375,4247.43994140625,15.649999618530272,90.55999755859376,102.05,270.71,277.608,-168.65999999999997,228.9,153.732954581083,1111.26001,1113.4914201428571,1119.7659993666668,-0.4613021957127983
2021-06-12,0.25,0.0,0.125,0.5,-0.375,70.91,3249.320068359375,4247.43994140625,15.649999618530272,90.55999755859376,102.05,270.71,277.608,-168.65999999999997,228.9,153.732954581083,1111.26001,1112.8942871428571,1119.0880005,0.0
2021-06-13,0.25,0.0,0.125,0.5,-0.375,70.91,3249.320068359375,4247.43994140625,15.649999618530272,90.55999755859376,102.05,270.71,277.608,-168.65999999999997,228.9,153.732954581083,1111.26001,1112.2971541428572,1118.6066691333333,0.0
2021-06-14,0.25,0.0,0.125,0.5,-0.375,70.88,3252.1298828125,4255.14990234375,16.389999389648438,90.5199966430664,102.05,270.71,277.608,-168.65999999999997,228.9,153.732954581083,1115.550049,1113.1357248571428,1118.2683390666666,0.3860517755875925
2021-06-15,0.25,0.0,0.125,0.5,-0.375,72.12,3258.6298828125,4246.58984375,17.020000457763672,90.54000091552734,102.05,270.71,277.608,-168.65999999999997,228.9,153.732954581083,1116.319946,1114.1357248571428,1117.9556722333334,0.06901501198357529
2021-06-16,0.25,0.0,0.125,0.5,-0.375,72.15,3278.679931640625,4223.7001953125,18.14999961853028,91.12999725341795,102.05,270.71,277.608,-168.65999999999997,228.9,153.732954581083,1116.030029,1114.0128697142857,1117.6390055666666,-0.025970780244399805
2021-06-17,0.25,0.0,0.125,0.5,-0.375,71.04,3264.9599609375,4221.85986328125,17.75,91.88999938964844,102.05,270.71,277.608,-168.65999999999997,228.9,153.732954581083,1131.949951,1116.2328578571428,1117.5203369333333,1.4264779249949733
2021-06-18,0.25,0.0,0.125,0.5,-0.375,71.64,3267.929931640625,4166.4501953125,20.700000762939453,92.2300033569336,102.05,270.71,277.608,-168.65999999999997,228.9,153.732954581083,1133.540039,1119.4157191428571,1117.7336710666668,0.14047334854294657
2021-06-19,0.25,0.0,0.125,0.5,-0.375,71.64,3267.929931640625,4166.4501953125,20.700000762939453,92.2300033569336,102.05,270.71,277.608,-168.65999999999997,228.9,153.732954581083,1133.540039,1122.5985804285715,1117.8393392,0.0
2021-06-20,0.25,0.0,0.125,0.5,-0.375,71.64,3267.929931640625,4166.4501953125,20.700000762939453,92.2300033569336,102.05,270.71,277.608,-168.65999999999997,228.9,153.732954581083,1133.540039,1125.7814417142856,1118.0556722000001,0.0
2021-06-21,0.25,0.0,0.125,0.5,-0.375,73.66,3240.7900390625,4224.7900390625,17.889999389648438,91.86000061035156,102.05,270.71,277.608,-168.65999999999997,228.9,153.732954581083,1134.25,1128.4528632857143,1118.2956705666666,0.06263219432693923
2021-06-22,0.25,0.0,0.125,0.5,-0.375,73.06,3263.8798828125,4246.43994140625,16.65999984741211,91.7300033569336,102.05,270.71,277.608,-168.65999999999997,228.9,153.732954581083,1130.339966,1130.4557232857144,1118.4053344666668,-0.3447241789728883
2021-06-23,0.25,0.0,0.125,0.5,-0.375,73.08,3276.18994140625,4241.83984375,16.31999969482422,91.8000030517578,102.05,270.71,277.608,-168.65999999999997,228.9,153.732954581083,1132.51001,1132.8100062857143,1118.5960001666667,0.19198153345663105
2021-06-24,0.25,0.0,0.125,0.5,-0.375,73.3,3286.10009765625,4266.490234375,15.970000267028809,91.81999969482422,102.05,270.71,277.608,-168.65999999999997,228.9,153.732954581083,1132.609985,1132.9042968571428,1118.9433349666665,0.008827736542493803
2021-06-25,0.25,0.0,0.125,0.5,-0.375,74.05,3302.840087890625,4280.7001953125,15.619999885559082,91.80999755859376,102.05,270.71,277.608,-168.65999999999997,228.9,153.732954581083,1130.800049,1132.5128697142857,1119.2573364333332,-0.1598022288316736
2021-06-26,0.25,0.0,0.125,0.5,-0.375,74.05,3302.840087890625,4280.7001953125,15.619999885559082,91.80999755859376,102.05,270.71,277.608,-168.65999999999997,228.9,153.732954581083,1130.800049,1132.1214425714286,1119.7666707333333,0.0
2021-06-27,0.25,0.0,0.125,0.5,-0.375,74.05,3302.840087890625,4280.7001953125,15.619999885559082,91.80999755859376,102.05,270.71,277.608,-168.65999999999997,228.9,153.732954581083,1130.800049,1131.7300154285713,1120.2166707333336,0.0
2021-06-28,0.25,0.0,0.125,0.5,-0.375,72.91,3301.889892578125,4290.60986328125,15.760000228881836,91.87999725341795,102.05,270.71,277.608,-168.65999999999997,228.9,153.732954581083,1125.339966,1130.4571534285712,1120.4846679666666,-0.48285132325811553
2021-06-29,0.25,0.0,0.125,0.5,-0.375,72.98,3286.679931640625,4291.7998046875,16.020000457763672,92.0500030517578,102.05,270.71,277.608,-168.65999999999997,228.9,153.732954581083,1129.040039,1130.2714495714285,1120.8760009666667,0.32879601825142046
2021-06-30,0.25,0.0,0.125,0.5,-0.375,73.47,3296.679931640625,4297.5,15.829999923706056,92.44000244140624,102.05,270.71,277.608,-168.65999999999997,228.9,153.732954581083,1130.51001,1129.9857352857143,1121.4646687666668,0.13019653415498045
2021-07-01,0.25,0.0,0.125,0.5,-0.375,75.23,3282.06005859375,4319.93994140625,15.479999542236328,92.5999984741211,102.26,271.965,278.639,-169.70499999999998,231.85,166.525646648667,1129.599976,1129.555734,1122.2186686333334,-0.08049765079036764
2021-07-02,0.25,0.0,0.125,0.5,-0.375,75.16,3281.780029296875,4352.33984375,15.06999969482422,92.2300033569336,102.26,271.965,278.639,-169.70499999999998,231.85,166.525646648667,1132.410034,1129.7857318571428,1123.0586710666669,0.24876576307575338
2021-07-03,0.25,0.0,0.125,0.5,-0.375,75.16,3281.780029296875,4352.33984375,15.06999969482422,92.2300033569336,102.26,271.965,278.639,-169.70499999999998,231.85,166.525646648667,1132.410034,1130.0157297142857,1123.8096720333335,0.0
2021-07-04,0.25,0.0,0.125,0.5,-0.375,75.16,3281.780029296875,4352.33984375,15.06999969482422,92.2300033569336,102.26,271.965,278.639,-169.70499999999998,231.85,166.525646648667,1132.410034,1130.2457275714285,1124.3753418000001,0.0
2021-07-05,0.25,0.0,0.125,0.5,-0.375,75.16,3293.2099609375,4352.33984375,15.06999969482422,92.2300033569336,102.26,271.965,278.639,-169.70499999999998,231.85,166.525646648667,1129.77002,1130.8785924285714,1124.8530111,-0.2331323390587392
2021-07-06,0.25,0.0,0.125,0.5,-0.375,73.37,3305.2099609375,4343.5400390625,16.440000534057617,92.5500030517578,102.26,271.965,278.639,-169.70499999999998,231.85,166.525646648667,1129.439941,1130.9357212857144,1125.3196777666667,-0.029216477172921973
2021-07-07,0.25,0.0,0.125,0.5,-0.375,72.2,3285.340087890625,4358.1298828125,16.200000762939453,92.63999938964844,102.26,271.965,278.639,-169.70499999999998,231.85,166.525646648667,1135.47998,1131.6457169999999,1126.1796753,0.5347817781839792
2021-07-08,0.25,0.0,0.125,0.5,-0.375,72.94,3252.679931640625,4320.81982421875,19.0,92.36000061035156,102.26,271.965,278.639,-169.70499999999998,231.85,166.525646648667,1140.52002,1133.2057232857144,1127.2196777666666,0.4438686800977143
2021-07-09,0.25,0.0,0.125,0.5,-0.375,74.56,3217.949951171875,4369.5498046875,16.18000030517578,92.12999725341795,102.26,271.965,278.639,-169.70499999999998,231.85,166.525646648667,1146.280029,1135.187151142857,1128.1993449,0.5050335723173038
2021-07-10,0.25,0.0,0.125,0.5,-0.375,74.56,3217.949951171875,4369.5498046875,16.18000030517578,92.12999725341795,102.26,271.965,278.639,-169.70499999999998,231.85,166.525646648667,1146.280029,1137.168579,1129.1950113999999,0.0
2021-07-11,0.25,0.0,0.125,0.5,-0.375,74.56,3217.949951171875,4369.5498046875,16.18000030517578,92.12999725341795,102.26,271.965,278.639,-169.70499999999998,231.85,166.525646648667,1146.280029,1139.1500068571427,1130.3623453666667,0.0
2021-07-12,0.25,0.0,0.125,0.5,-0.375,74.1,3246.469970703125,4384.6298828125,16.170000076293945,92.2300033569336,102.26,271.965,278.639,-169.70499999999998,231.85,166.525646648667,1144.310059,1141.2271552857142,1131.464013666667,-0.1718576569565311
2021-07-13,0.25,0.0,0.125,0.5,-0.375,75.25,3271.3798828125,4369.2099609375,17.1200008392334,92.75,102.26,271.965,278.639,-169.70499999999998,231.85,166.525646648667,1141.099976,1142.8928745714286,1132.4586792,-0.2805256298109571
2021-07-14,0.25,0.0,0.125,0.5,-0.375,73.13,3264.81005859375,4374.2998046875,16.329999923706055,92.41000366210938,102.26,271.965,278.639,-169.70499999999998,231.85,166.525646648667,1148.699951,1144.781441857143,1133.5636759333331,0.6660218350578617
2021-07-15,0.25,0.0,0.125,0.5,-0.375,71.65,3286.219970703125,4360.02978515625,17.010000228881836,92.62000274658205,102.26,271.965,278.639,-169.70499999999998,231.85,166.525646648667,1143.410034,1145.194301,1134.4666788666664,-0.46051338257609986
2021-07-16,0.25,0.0,0.125,0.5,-0.375,71.81,3276.909912109375,4327.16015625,18.450000762939453,92.69000244140624,102.26,271.965,278.639,-169.70499999999998,231.85,166.525646648667,1140.119995,1144.314296142857,1135.2696777333333,-0.2877392100968712
2021-07-17,0.25,0.0,0.125,0.5,-0.375,71.81,3276.909912109375,4327.16015625,18.450000762939453,92.69000244140624,102.26,271.965,278.639,-169.70499999999998,231.85,166.525646648667,1140.119995,1143.4342912857142,1135.5420125333333,0.0
2021-07-18,0.25,0.0,0.125,0.5,-0.375,71.81,3276.909912109375,4327.16015625,18.450000762939453,92.69000244140624,102.26,271.965,278.639,-169.70499999999998,231.85,166.525646648667,1140.119995,1142.5542864285715,1135.7613444,0.0
2021-07-19,0.25,0.0,0.125,0.5,-0.375,66.42,3244.0400390625,4258.490234375,22.5,92.88999938964844,102.26,271.965,278.639,-169.70499999999998,231.85,166.525646648667,1141.5,1142.1528494285715,1136.0266764333333,0.12104032961899325
2021-07-20,0.25,0.0,0.125,0.5,-0.375,67.42,3232.699951171875,4323.06005859375,19.729999542236328,92.97000122070312,102.26,271.965,278.639,-169.70499999999998,231.85,166.525646648667,1150.069946,1143.4342737142858,1136.5776733333335,0.7507618046430187
2021-07-21,0.25,0.0,0.125,0.5,-0.375,70.3,3215.909912109375,4358.68994140625,17.90999984741211,92.75,102.26,271.965,278.639,-169.70499999999998,231.85,166.525646648667,1147.47998,1143.259992142857,1137.0186726666666,-0.22520073748627523
2021-07-22,0.25,0.0,0.125,0.5,-0.375,71.91,3250.2099609375,4367.47998046875,17.690000534057617,92.81999969482422,102.26,271.965,278.639,-169.70499999999998,231.85,166.525646648667,1148.689941,1144.0142645714288,1137.6303385,0.10544506406116039
2021-07-23,0.25,0.0,0.125,0.5,-0.375,72.07,3254.419921875,4411.7900390625,17.200000762939453,92.91000366210938,102.26,271.965,278.639,-169.70499999999998,231.85,166.525646648667,1149.910034,1145.4128415714285,1138.2103393000002,0.10621604285467878
2021-07-24,0.25,0.0,0.125,0.5,-0.375,72.07,3254.419921875,4411.7900390625,17.200000762939453,92.91000366210938,102.26,271.965,278.639,-169.70499999999998,231.85,166.525646648667,1149.910034,1146.8114185714287,1138.7870076,0.0
2021-07-25,0.25,0.0,0.125,0.5,-0.375,72.07,3254.419921875,4411.7900390625,17.200000762939453,92.91000366210938,102.26,271.965,278.639,-169.70499999999998,231.85,166.525646648667,1149.910034,1148.2099955714286,1139.4240071,0.0
2021-07-26,0.25,0.0,0.125,0.5,-0.375,71.91,3224.949951171875,4422.2998046875,17.579999923706055,92.6500015258789,102.26,271.965,278.639,-169.70499999999998,231.85,166.525646648667,1151.119995,1149.5842805714285,1140.1013386333332,0.1052222316724416
2021-07-27,0.25,0.0,0.125,0.5,-0.375,71.65,3232.530029296875,4401.4599609375,19.36000061035156,92.43000030517578,102.26,271.965,278.639,-169.70499999999998,231.85,166.525646648667,1151.76001,1149.8257182857144,1140.800004,0.055599329590294566
2021-07-28,0.25,0.0,0.125,0.5,-0.375,72.39,3236.860107421875,4400.64013671875,18.309999465942383,92.31999969482422,102.26,271.965,278.639,-169.70499999999998,231.85,166.525646648667,1153.560059,1150.694301,1141.7406737666668,0.15628681186803384
2021-07-29,0.25,0.0,0.125,0.5,-0.375,73.62,3242.64990234375,4419.14990234375,17.700000762939453,91.86000061035156,102.26,271.965,278.639,-169.70499999999998,231.85,166.525646648667,1149.410034,1150.7971714285713,1142.4196736000001,-0.3597580349303575
2021-07-30,0.25,0.0,0.125,0.5,-0.375,73.95,3202.320068359375,4395.259765625,18.239999771118164,92.16999816894533,102.26,271.965,278.639,-169.70499999999998,231.85,166.525646648667,1142.119995,1149.6843087142856,1142.8066731000001,-0.6342418096551894
2021-07-31,0.25,0.0,0.125,0.5,-0.375,73.95,3202.320068359375,4395.259765625,18.239999771118164,92.16999816894533,102.26,271.965,278.639,-169.70499999999998,231.85,166.525646648667,1142.119995,1148.5714460000002,1143.2240070666667,0.0
2021-08-01,0.25,0.0,0.125,0.5,-0.375,73.95,3202.320068359375,4395.259765625,18.239999771118164,92.16999816894533,102.75,272.752,279.021,-170.002,233.415,166.525646648667,1142.119995,1147.4585832857142,1143.5476724333334,0.0
2021-08-02,0.25,0.0,0.125,0.5,-0.375,71.26,3223.0400390625,4387.16015625,19.459999084472656,92.0500030517578,102.75,272.752,279.021,-170.002,233.415,166.525646648667,1150.930054,1147.4314488571429,1144.1650064333332,0.7713777044941583
2021-08-03,0.25,0.0,0.125,0.5,-0.375,70.56,3237.139892578125,4423.14990234375,18.040000915527344,92.08000183105467,102.75,272.752,279.021,-170.002,233.415,166.525646648667,1149.560059,1147.117170142857,1144.7366739333333,-0.11903373234878334
2021-08-04,0.25,0.0,0.125,0.5,-0.375,68.15,3280.3798828125,4402.66015625,17.969999313354492,92.2699966430664,102.75,272.752,279.021,-170.002,233.415,166.525646648667,1148.579956,1146.4057268571428,1145.3636718,-0.08525896427303836
2021-08-05,0.25,0.0,0.125,0.5,-0.375,69.09,3276.1298828125,4429.10009765625,17.280000686645508,92.23999786376952,102.75,272.752,279.021,-170.002,233.415,166.525646648667,1144.060059,1145.6414447142856,1145.8510090666666,-0.39352044900217154
2021-08-06,0.25,0.0,0.125,0.5,-0.375,68.28,3270.360107421875,4436.52001953125,16.149999618530273,92.8000030517578,102.75,272.752,279.021,-170.002,233.415,166.525646648667,1143.119995,1145.7843018571427,1146.1056762333333,-0.08216911276682781
2021-08-07,0.25,0.0,0.125,0.5,-0.375,68.28,3270.360107421875,4436.52001953125,16.149999618530273,92.8000030517578,102.75,272.752,279.021,-170.002,233.415,166.525646648667,1143.119995,1145.927159,1146.192342066667,0.0
2021-08-08,0.25,0.0,0.125,0.5,-0.375,68.28,3270.360107421875,4436.52001953125,16.149999618530273,92.8000030517578,102.75,272.752,279.021,-170.002,233.415,166.525646648667,1143.119995,1146.0700161428572,1146.0870076,0.0
2021-08-09,0.25,0.0,0.125,0.5,-0.375,66.48,3260.419921875,4432.35009765625,16.719999313354492,92.9499969482422,102.75,272.752,279.021,-170.002,233.415,166.525646648667,1144.920044,1145.2114432857143,1146.0416747666668,0.15746807053269585
2021-08-10,0.25,0.0,0.125,0.5,-0.375,68.29,3243.18994140625,4436.75,16.790000915527344,93.05999755859376,102.75,272.752,279.021,-170.002,233.415,166.525646648667,1145.890015,1144.6871512857142,1146.0286743,0.0847195404677592
2021-08-11,0.25,0.0,0.125,0.5,-0.375,69.25,3220.6201171875,4442.41015625,16.170000076293945,92.91000366210938,102.75,272.752,279.021,-170.002,233.415,166.525646648667,1152.47998,1145.2442975714287,1146.3010050000003,0.5750957695534353
2021-08-12,0.25,0.0,0.125,0.5,-0.375,69.09,3208.3798828125,4460.830078125,15.59000015258789,93.04000091552734,102.75,272.752,279.021,-170.002,233.415,166.525646648667,1152.849976,1146.5,1146.6926716666667,0.032104332085647336
2021-08-13,0.25,0.0,0.125,0.5,-0.375,68.44,3171.2900390625,4468.0,15.449999809265137,92.5199966430664,102.75,272.752,279.021,-170.002,233.415,166.525646648667,1162.060059,1149.2057234285714,1147.1380086000001,0.7988969242950228
2021-08-14,0.25,0.0,0.125,0.5,-0.375,68.44,3171.2900390625,4468.0,15.449999809265137,92.5199966430664,102.75,272.752,279.021,-170.002,233.415,166.525646648667,1162.060059,1151.911446857143,1147.7596761,0.0
2021-08-15,0.25,0.0,0.125,0.5,-0.375,68.44,3171.2900390625,4468.0,15.449999809265137,92.5199966430664,102.75,272.752,279.021,-170.002,233.415,166.525646648667,1162.060059,1154.617170285714,1148.4910115666669,0.0
2021-08-16,0.25,0.0,0.125,0.5,-0.375,67.29,3171.2900390625,4479.7099609375,16.1200008392334,92.62999725341795,102.75,272.752,279.021,-170.002,233.415,166.525646648667,1161.380005,1156.9685932857142,1149.1996785666668,-0.05852141588835735
2021-08-17,0.25,0.0,0.125,0.5,-0.375,66.59,3143.090087890625,4448.080078125,17.90999984741211,93.12999725341795,102.75,272.752,279.021,-170.002,233.415,166.525646648667,1164.5,1159.6271625714287,1150.0123454,0.2686454895527435
2021-08-18,0.25,0.0,0.125,0.5,-0.375,65.46,3158.929931640625,4400.27001953125,21.56999969482422,93.13999938964844,102.75,272.752,279.021,-170.002,233.415,166.525646648667,1176.449951,1163.0514441428572,1151.1773437666668,1.0261872906827119
2021-08-19,0.25,0.0,0.125,0.5,-0.375,63.69,3097.830078125,4405.7998046875,21.670000076293945,93.56999969482422,102.75,272.752,279.021,-170.002,233.415,166.525646648667,1169.680054,1165.455741,1151.8310140333333,-0.5754513393659955
2021-08-20,0.25,0.0,0.125,0.5,-0.375,62.32,3060.510009765625,4441.669921875,18.559999465942383,93.5,102.75,272.752,279.021,-170.002,233.415,166.525646648667,1175.390015,1167.3600204285715,1152.7613485333334,0.4881643472053332
2021-08-21,0.25,0.0,0.125,0.5,-0.375,62.32,3060.510009765625,4441.669921875,18.559999465942383,93.5,102.75,272.752,279.021,-170.002,233.415,166.525646648667,1175.390015,1169.2642998571428,1153.651351,0.0
2021-08-22,0.25,0.0,0.125,0.5,-0.375,62.32,3060.510009765625,4441.669921875,18.559999465942383,93.5,102.75,272.752,279.021,-170.002,233.415,166.525646648667,1175.390015,1171.1685792857145,1154.5006836999999,0.0
2021-08-23,0.25,0.0,0.125,0.5,-0.375,65.64,3090.2099609375,4479.52978515625,17.149999618530273,92.95999908447266,102.75,272.752,279.021,-170.002,233.415,166.525646648667,1174.23999,1173.0057199999999,1155.3116822333334,-0.0978419916218165
2021-08-24,0.25,0.0,0.125,0.5,-0.375,67.54,3138.300048828125,4486.22998046875,17.219999313354492,92.88999938964844,102.75,272.752,279.021,-170.002,233.415,166.525646648667,1167.609985,1173.4500035714284,1155.9016806,-0.5646209511226075
2021-08-25,0.25,0.0,0.125,0.5,-0.375,68.36,3146.81005859375,4496.18994140625,16.790000915527344,92.83000183105467,102.75,272.752,279.021,-170.002,233.415,166.525646648667,1163.469971,1171.5957207142856,1156.3133464666669,-0.3545716509096186
2021-08-26,0.25,0.0,0.125,0.75,-0.625,67.42,3128.530029296875,4470.0,18.84000015258789,93.05999755859376,102.75,272.752,279.021,-170.002,233.415,166.525646648667,1163.329956,1170.6885638571428,1156.6990113333331,-0.012034259885507215
2021-08-27,0.25,0.0,0.125,0.75,-0.625,68.74,3133.89990234375,4509.3701171875,16.389999389648438,92.69000244140624,102.75,272.752,279.021,-170.002,233.415,166.525646648667,1170.0,1169.918561714286,1157.2470093666666,0.5733578823100327
2021-08-28,0.25,0.0,0.125,0.75,-0.625,68.74,3133.89990234375,4509.3701171875,16.389999389648438,92.69000244140624,102.75,272.752,279.021,-170.002,233.415,166.525646648667,1170.0,1169.1485595714287,1157.9333415666665,0.0
2021-08-29,0.25,0.0,0.125,0.75,-0.625,68.74,3133.89990234375,4509.3701171875,16.389999389648438,92.69000244140624,102.75,272.752,279.021,-170.002,233.415,166.525646648667,1170.0,1168.3785574285716,1158.8626750666665,0.0
2021-08-30,0.25,0.0,0.125,0.75,-0.625,69.21,3144.18994140625,4528.7900390625,16.190000534057617,92.6500015258789,102.75,272.752,279.021,-170.002,233.415,166.525646648667,1161.329956,1166.534266857143,1159.5030070999999,-0.7410294017094032
2021-08-31,0.25,0.0,0.125,0.75,-0.625,68.5,3199.27001953125,4522.68017578125,16.479999542236328,92.62999725341795,102.75,272.752,279.021,-170.002,233.415,166.525646648667,1165.51001,1166.2342704285713,1160.2826742666666,0.35993681024102386
2021-09-01,0.25,0.0,0.125,0.75,-0.625,68.59,3207.02001953125,4524.08984375,16.110000610351562,92.4499969482422,103.17,273.942,279.727,-170.772,235.678,166.525646648667,1158.410034,1165.5114222857142,1160.5320069333332,-0.6091733180395353
2021-09-02,0.25,0.0,0.125,0.75,-0.625,69.99,3175.85009765625,4536.9501953125,16.40999984741211,92.2300033569336,103.17,273.942,279.727,-170.772,235.678,166.525646648667,1155.280029,1164.3614327142857,1160.7226726,-0.2701983674288533
2021-09-03,0.25,0.0,0.125,0.75,-0.625,69.29,3201.06005859375,4535.43017578125,16.40999984741211,92.04000091552734,103.17,273.942,279.727,-170.772,235.678,166.525646648667,1157.130005,1162.522862,1161.0076742333333,0.16013225828903632
2021-09-04,0.25,0.0,0.125,0.75,-0.625,69.29,3201.06005859375,4535.43017578125,16.40999984741211,92.04000091552734,103.17,273.942,279.727,-170.772,235.678,166.525646648667,1157.130005,1160.6842912857144,1161.4433390999998,0.0
2021-09-05,0.25,0.0,0.125,0.75,-0.625,69.29,3201.06005859375,4535.43017578125,16.40999984741211,92.04000091552734,103.17,273.942,279.727,-170.772,235.678,166.525646648667,1157.130005,1158.8457205714285,1161.9103394333333,0.0
2021-09-06,0.25,0.0,0.125,0.75,-0.625,69.29,3203.330078125,4535.43017578125,16.40999984741211,92.04000091552734,103.17,273.942,279.727,-170.772,235.678,166.525646648667,1154.75,1157.9057268571428,1162.2980062666668,-0.20568172890823577
2021-09-07,0.25,0.0,0.125,0.75,-0.625,68.35,3187.419921875,4520.02978515625,18.13999938964844,92.5199966430664,103.17,273.942,279.727,-170.772,235.678,166.525646648667,1155.540039,1156.4814452857142,1162.7120077333334,0.0684164537778642
2021-09-08,0.25,0.0,0.125,0.75,-0.625,69.3,3162.989990234375,4514.06982421875,17.959999084472656,92.6500015258789,103.17,273.942,279.727,-170.772,235.678,166.525646648667,1161.0,1156.8514404285713,1163.2480062666666,0.472502969669919
2021-09-09,0.25,0.0,0.125,0.75,-0.625,68.14,3114.699951171875,4493.27978515625,18.799999237060547,92.4800033569336,103.17,273.942,279.727,-170.772,235.678,166.525646648667,1166.48999,1158.4528634285714,1163.9346721,0.472867355727824
2021-09-10,0.25,0.0,0.125,0.75,-0.625,69.72,3125.760009765625,4458.580078125,20.950000762939453,92.58000183105467,103.17,273.942,279.727,-170.772,235.678,166.525646648667,1169.130005,1160.1671491428572,1164.4896729333334,0.22632127344701658
2021-09-11,0.25,0.0,0.125,0.75,-0.625,69.72,3125.760009765625,4458.580078125,20.950000762939453,92.58000183105467,103.17,273.942,279.727,-170.772,235.678,166.525646648667,1169.130005,1161.881434857143,1165.0323405666668,0.0
2021-09-12,0.25,0.0,0.125,0.75,-0.625,69.72,3125.760009765625,4458.580078125,20.950000762939453,92.58000183105467,103.17,273.942,279.727,-170.772,235.678,166.525646648667,1169.130005,1163.5957205714287,1165.2680054333332,0.0
2021-09-13,0.25,0.0,0.125,0.75,-0.625,70.45,3127.860107421875,4468.72998046875,19.3700008392334,92.62000274658205,103.17,273.942,279.727,-170.772,235.678,166.525646648667,1169.380005,1165.6857212857142,1165.5120036333333,0.0213834217692499
2021-09-14,0.25,0.0,0.125,0.75,-0.625,70.46,3148.830078125,4443.0498046875,19.459999084472656,92.6500015258789,103.17,273.942,279.727,-170.772,235.678,166.525646648667,1171.109985,1167.9099992857143,1165.8136678333333,0.14793993334956124
2021-09-15,0.25,0.0,0.125,0.75,-0.625,72.61,3153.39990234375,4480.7001953125,18.18000030517578,92.48999786376952,103.17,273.942,279.727,-170.772,235.678,166.525646648667,1170.800049,1169.3100062857143,1166.1276693,-0.026465148787890858
2021-09-16,0.25,0.0,0.125,0.75,-0.625,72.61,3130.090087890625,4473.75,18.690000534057617,92.86000061035156,103.17,273.942,279.727,-170.772,235.678,166.525646648667,1165.219971,1169.1285750000002,1166.1516683333332,-0.4766038406614381
2021-09-17,0.25,0.0,0.125,0.75,-0.625,71.97,3140.510009765625,4432.990234375,20.809999465942383,93.1999969482422,103.17,273.942,279.727,-170.772,235.678,166.525646648667,1174.420044,1169.8842948571428,1166.0840047666668,0.7895567557175021
2021-09-18,0.25,0.0,0.125,0.75,-0.625,71.97,3140.510009765625,4432.990234375,20.809999465942383,93.1999969482422,103.17,273.942,279.727,-170.772,235.678,166.525646648667,1174.420044,1170.6400147142856,1166.2420044333332,0.0
2021-09-19,0.25,0.0,0.125,0.75,-0.625,71.97,3140.510009765625,4432.990234375,20.809999465942383,93.1999969482422,103.17,273.942,279.727,-170.772,235.678,166.525646648667,1174.420044,1171.3957345714286,1166.2096720666668,0.0
2021-09-20,0.25,0.0,0.125,0.75,-0.625,70.29,3140.510009765625,4357.72998046875,25.709999084472656,93.23999786376952,103.17,273.942,279.727,-170.772,235.678,166.525646648667,1181.109985,1173.071446,1166.4003377333331,0.569637842454962
2021-09-21,0.25,0.0,0.125,0.75,-0.625,70.56,3140.510009765625,4354.18994140625,24.36000061035156,93.1999969482422,103.17,273.942,279.727,-170.772,235.678,166.525646648667,1186.319946,1175.2442975714287,1166.7646687666668,0.4411071844422798
2021-09-22,0.25,0.0,0.125,0.75,-0.625,72.23,3140.510009765625,4395.64013671875,20.8700008392334,93.45999908447266,103.17,273.942,279.727,-170.772,235.678,166.525646648667,1182.920044,1176.9757254285712,1167.0540039,-0.2865923321498376
2021-09-23,0.25,0.0,0.125,0.75,-0.625,73.3,3127.580078125,4448.97998046875,18.6299991607666,93.0999984741211,103.17,273.942,279.727,-170.772,235.678,166.525646648667,1181.030029,1179.2343051428572,1167.5013387000001,-0.15977538038910444
2021-09-24,0.25,0.0,0.125,0.75,-0.625,73.98,3125.239990234375,4455.47998046875,17.75,93.33000183105467,103.17,273.942,279.727,-170.772,235.678,166.525646648667,1174.699951,1179.2742918571428,1167.8756713666667,-0.5359794285129005
2021-09-25,0.25,0.0,0.125,0.75,-0.625,73.98,3125.239990234375,4455.47998046875,17.75,93.33000183105467,103.17,273.942,279.727,-170.772,235.678,166.525646648667,1174.699951,1179.3142785714285,1168.2546712,0.0
2021-09-26,0.25,0.0,0.125,0.75,-0.625,73.98,3125.239990234375,4455.47998046875,17.75,93.33000183105467,103.17,273.942,279.727,-170.772,235.678,166.525646648667,1174.699951,1179.3542652857143,1168.4113362333335,0.0
2021-09-27,0.25,0.0,0.125,0.75,-0.625,75.45,3133.639892578125,4443.10986328125,18.76000022888184,93.37999725341795,103.17,273.942,279.727,-170.772,235.678,166.525646648667,1179.199951,1179.0814032857143,1168.718001266667,0.38307654615710174
2021-09-28,0.25,0.0,0.125,0.75,-0.625,75.29,3097.919921875,4352.6298828125,23.25,93.7699966430664,103.17,273.942,279.727,-170.772,235.678,166.525646648667,1176.959961,1177.7442625714286,1168.9499999666668,-0.18995845429780056
2021-09-29,0.25,0.0,0.125,0.75,-0.625,74.83,3060.27001953125,4359.4599609375,22.559999465942383,94.33999633789062,103.17,273.942,279.727,-170.772,235.678,166.525646648667,1186.890015,1178.3114012857145,1169.8020019333335,0.8437036372556772
2021-09-30,0.25,0.0,0.125,0.75,-0.625,75.03,3068.820068359375,4307.5400390625,23.13999938964844,94.25,103.17,273.942,279.727,-170.772,235.678,166.525646648667,1187.430054,1179.2256905714287,1170.5326700666667,0.045500340652870896
2021-10-01,0.25,0.0,0.125,0.75,-0.625,75.88,3019.179931640625,4357.0400390625,21.100000381469727,94.04000091552734,103.35,276.528,281.649,-173.17800000000005,240.465,187.093663900572,1183.719971,1180.514264857143,1171.3763346333333,-0.31244644579292435
2021-10-02,0.25,0.0,0.125,0.75,-0.625,75.88,3019.179931640625,4357.0400390625,21.100000381469727,94.04000091552734,103.35,276.528,281.649,-173.17800000000005,240.465,187.093663900572,1183.719971,1181.8028391428572,1172.3243327000002,0.0
2021-10-03,0.25,0.0,0.125,0.75,-0.625,75.88,3019.179931640625,4357.0400390625,21.100000381469727,94.04000091552734,103.35,276.528,281.649,-173.17800000000005,240.465,187.093663900572,1183.719971,1183.0914134285715,1173.2106649000002,0.0
2021-10-04,0.25,0.0,0.125,0.75,-0.625,77.62,3019.179931640625,4300.4599609375,22.959999084472656,93.80999755859376,103.35,276.528,281.649,-173.17800000000005,240.465,187.093663900572,1180.0,1183.205706142857,1173.9729980666666,-0.31426106605748627
2021-10-05,0.25,0.0,0.125,0.75,-0.625,78.93,2962.169921875,4345.72021484375,21.299999237060547,93.9800033569336,103.35,276.528,281.649,-173.17800000000005,240.465,187.093663900572,1183.780029,1184.1800015714286,1174.8613321999999,0.32034144067796255
2021-10-06,0.25,0.0,0.125,0.75,-0.625,77.43,2908.31005859375,4363.5498046875,21.0,94.2699966430664,103.35,276.528,281.649,-173.17800000000005,240.465,187.093663900572,1187.170044,1184.2200057142857,1175.9420003333332,0.28637203846593184
2021-10-07,0.25,0.0,0.125,0.75,-0.625,78.3,2959.4599609375,4399.759765625,19.540000915527344,94.22000122070312,103.35,276.528,281.649,-173.17800000000005,240.465,187.093663900572,1191.380005,1184.7842844285713,1177.1366658666666,0.35462156590602145
2021-10-08,0.25,0.0,0.125,0.75,-0.625,79.35,2956.300048828125,4391.33984375,18.770000457763672,94.06999969482422,103.35,276.528,281.649,-173.17800000000005,240.465,187.093663900572,1191.150024,1185.8457205714287,1178.1416666666667,-0.019303748513044283
2021-10-09,0.25,0.0,0.125,0.75,-0.625,79.35,2956.300048828125,4391.33984375,18.770000457763672,94.06999969482422,103.35,276.528,281.649,-173.17800000000005,240.465,187.093663900572,1191.150024,1186.9071567142855,1178.9636678,0.0
2021-10-10,0.25,0.0,0.125,0.75,-0.625,79.35,2956.300048828125,4391.33984375,18.770000457763672,94.06999969482422,103.35,276.528,281.649,-173.17800000000005,240.465,187.093663900572,1191.150024,1187.968592857143,1179.6976684333333,0.0
2021-10-11,0.25,0.0,0.125,0.75,-0.625,80.52,2956.300048828125,4361.18994140625,20.0,94.31999969482422,103.35,276.528,281.649,-173.17800000000005,240.465,187.093663900572,1195.579956,1190.194300857143,1180.5793334666666,0.37190378296125814
2021-10-12,0.25,0.0,0.125,0.75,-0.625,80.64,2916.3798828125,4350.64990234375,19.850000381469727,94.5199966430664,103.35,276.528,281.649,-173.17800000000005,240.465,187.093663900572,1195.800049,1191.9114465714285,1181.4683349333332,0.018408890086796248
2021-10-13,0.25,0.0,0.125,0.75,-0.625,80.44,2944.409912109375,4363.7998046875,18.63999938964844,94.08000183105467,103.35,276.528,281.649,-173.17800000000005,240.465,187.093663900572,1196.890015,1193.3000138571429,1182.3853352666667,0.09114951959665607
2021-10-14,0.25,0.0,0.125,0.75,-0.625,81.31,2988.639892578125,4438.259765625,16.860000610351562,93.95999908447266,103.35,276.528,281.649,-173.17800000000005,240.465,187.093663900572,1186.709961,1192.6328647142857,1182.9053344666668,-0.8505421444258587
2021-10-15,0.25,0.0,0.125,0.75,-0.625,82.28,3015.06005859375,4471.3701171875,16.299999237060547,93.94000244140624,103.35,276.528,281.649,-173.17800000000005,240.465,187.093663900572,1182.130005,1191.3442905714287,1183.2829996666667,-0.3859372677836648
2021-10-16,0.25,0.0,0.125,0.75,-0.625,82.28,3015.06005859375,4471.3701171875,16.299999237060547,93.94000244140624,103.35,276.528,281.649,-173.17800000000005,240.465,187.093663900572,1182.130005,1190.0557164285715,1183.8466674666668,0.0
2021-10-17,0.25,0.0,0.125,0.75,-0.625,82.28,3015.06005859375,4471.3701171875,16.299999237060547,93.94000244140624,103.35,276.528,281.649,-173.17800000000005,240.465,187.093663900572,1182.130005,1188.7671422857143,1184.1036661666667,0.0
2021-10-18,0.25,0.0,0.125,0.75,-0.625,82.44,3006.679931640625,4486.4599609375,16.309999465942383,93.9499969482422,103.35,276.528,281.649,-173.17800000000005,240.465,187.093663900572,1181.790039,1186.7971541428572,1184.349332666667,-0.028758765834724365
2021-10-19,0.25,0.0,0.125,0.75,-0.625,82.96,3029.0400390625,4519.6298828125,15.699999809265137,93.79000091552734,103.35,276.528,281.649,-173.17800000000005,240.465,187.093663900572,1185.680054,1185.3514405714286,1184.724666333333,0.32916295379266103
2021-10-20,0.25,0.0,0.125,0.75,-0.625,83.87,3013.1298828125,4536.18994140625,15.489999771118164,93.55999755859376,103.35,276.528,281.649,-173.17800000000005,240.465,187.093663900572,1175.650024,1182.3171561428571,1184.5426676333334,-0.8459305666956851
2021-10-21,0.25,0.0,0.125,0.75,-0.625,82.5,3007.330078125,4549.77978515625,15.010000228881836,93.7699966430664,103.35,276.528,281.649,-173.17800000000005,240.465,187.093663900572,1174.589966,1180.5857282857141,1184.1516683,-0.09016782021518122
2021-10-22,0.25,0.0,0.125,0.75,-0.625,83.76,3006.159912109375,4544.89990234375,15.43000030517578,93.61000061035156,103.35,276.528,281.649,-173.17800000000005,240.465,187.093663900572,1176.550049,1179.7885917142855,1183.9393351333333,0.16687380760409543
2021-10-23,0.25,0.0,0.125,0.75,-0.625,83.76,3006.159912109375,4544.89990234375,15.43000030517578,93.61000061035156,103.35,276.528,281.649,-173.17800000000005,240.465,187.093663900572,1176.550049,1178.9914551428571,1183.7900024666667,0.0
2021-10-24,0.25,0.0,0.125,0.75,-0.625,83.76,3006.159912109375,4544.89990234375,15.43000030517578,93.61000061035156,103.35,276.528,281.649,-173.17800000000005,240.465,187.093663900572,1176.550049,1178.1943185714285,1183.8516724,0.0
2021-10-25,0.25,0.0,0.125,0.75,-0.625,83.76,3020.5400390625,4566.47998046875,15.239999771118164,93.80999755859376,103.35,276.528,281.649,-173.17800000000005,240.465,187.093663900572,1176.540039,1177.4443185714285,1183.9130086666667,-0.0008507925360667912
2021-10-26,0.25,0.0,0.125,0.75,-0.625,84.65,3049.080078125,4574.7900390625,15.979999542236328,93.9499969482422,103.35,276.528,281.649,-173.17800000000005,240.465,187.093663900572,1167.060059,1174.7843192857142,1183.6583456,-0.8057507339960579
2021-10-27,0.25,0.0,0.125,0.75,-0.625,82.66,3025.489990234375,4551.68017578125,16.979999542236328,93.86000061035156,103.35,276.528,281.649,-173.17800000000005,240.465,187.093663900572,1167.329956,1173.5957381428573,1183.2626790999998,0.023126230558467853
2021-10-28,0.25,0.0,0.125,0.75,-0.625,82.81,3009.550048828125,4596.419921875,16.530000686645508,93.3499984741211,103.35,276.528,281.649,-173.17800000000005,240.465,187.093663900572,1172.170044,1173.2500349999998,1183.1030151999998,0.4146289551743454
2021-10-29,0.25,0.0,0.125,0.75,-0.625,83.57,2970.679931640625,4605.3798828125,16.260000228881836,94.12000274658205,103.35,276.528,281.649,-173.17800000000005,240.465,187.093663900572,1167.369995,1171.9385987142857,1182.4523478666667,-0.40950108088583237
2021-10-30,0.25,0.0,0.125,0.75,-0.625,83.57,2970.679931640625,4605.3798828125,16.260000228881836,94.12000274658205,103.35,276.528,281.649,-173.17800000000005,240.465,187.093663900572,1167.369995,1170.6271624285714,1181.7836792333333,0.0
2021-10-31,0.25,0.0,0.125,0.75,-0.625,83.57,2970.679931640625,4605.3798828125,16.260000228881836,94.12000274658205,103.35,276.528,281.649,-173.17800000000005,240.465,187.093663900572,1167.369995,1169.315726142857,1181.2386800333334,0.0
2021-11-01,0.25,0.0,0.125,0.75,-0.625,84.05,2978.93994140625,4613.669921875,16.40999984741211,93.87999725341795,103.87,278.824,283.411,-174.954,243.287,187.093663900572,1174.380005,1169.0071498571428,1180.9273478333332,0.6004959892771611
2021-11-02,0.25,0.0,0.125,0.75,-0.625,83.91,3013.489990234375,4630.64990234375,16.030000686645508,94.08999633789062,103.87,278.824,283.411,-174.954,243.287,187.093663900572,1176.569946,1170.3657051428575,1180.6890136666666,0.18647635268620455
2021-11-03,0.25,0.0,0.125,0.75,-0.625,80.86,2975.7099609375,4660.56982421875,15.100000381469728,93.86000061035156,103.87,278.824,283.411,-174.954,243.287,187.093663900572,1178.040039,1171.8957169999999,1180.6236816333333,0.12494735268377966
2021-11-04,0.25,0.0,0.125,0.75,-0.625,78.81,2983.219970703125,4680.06005859375,15.4399995803833,94.3499984741211,103.87,278.824,283.411,-174.954,243.287,187.093663900572,1179.339966,1172.9199915714287,1180.4756795333333,0.11034658899229388
2021-11-05,0.25,0.0,0.125,0.75,-0.625,81.27,2969.27001953125,4697.52978515625,16.479999542236328,94.31999969482422,103.87,278.824,283.411,-174.954,243.287,187.093663900572,1185.829956,1175.557128857143,1180.4310099333334,0.5503069672108563
2021-11-06,0.25,0.0,0.125,0.75,-0.625,81.27,2969.27001953125,4697.52978515625,16.479999542236328,94.31999969482422,103.87,278.824,283.411,-174.954,243.287,187.093663900572,1185.829956,1178.194266142857,1180.2460083,0.0
2021-11-07,0.25,0.0,0.125,0.75,-0.625,81.27,2969.27001953125,4697.52978515625,16.479999542236328,94.31999969482422,103.87,278.824,283.411,-174.954,243.287,187.093663900572,1185.829956,1180.8314034285715,1180.0686727,0.0
2021-11-08,0.25,0.0,0.125,0.75,-0.625,81.93,2960.199951171875,4701.7001953125,17.219999313354492,94.0500030517578,103.87,278.824,283.411,-174.954,243.287,187.093663900572,1180.5,1181.7056884285714,1179.7136719000002,-0.4494705141349975
2021-11-09,0.25,0.0,0.125,0.75,-0.625,84.15,2962.4599609375,4685.25,17.780000686645508,93.95999908447266,103.87,278.824,283.411,-174.954,243.287,187.093663900572,1199.859985,1185.032836857143,1180.0040039333333,1.6399817873782307
2021-11-10,0.25,0.0,0.125,0.75,-0.625,81.34,2930.169921875,4646.7099609375,18.729999542236328,94.8499984741211,103.87,278.824,283.411,-174.954,243.287,187.093663900572,1177.5,1184.9556884285716,1179.4013387333332,-1.8635495207384611
2021-11-11,0.25,0.0,0.125,0.75,-0.625,81.59,2924.919921875,4649.27001953125,17.65999984741211,95.18000030517578,103.87,278.824,283.411,-174.954,243.287,187.093663900572,1184.140015,1185.6414097142858,1179.0126709333335,0.5639078556263222
2021-11-12,0.25,0.0,0.125,0.75,-0.625,80.79,2968.800048828125,4682.85009765625,16.290000915527344,95.12999725341795,103.87,278.824,283.411,-174.954,243.287,187.093663900572,1183.109985,1185.2528424285715,1178.5533365999997,-0.08698549047849724
2021-11-13,0.25,0.0,0.125,0.75,-0.625,80.79,2968.800048828125,4682.85009765625,16.290000915527344,95.12999725341795,103.87,278.824,283.411,-174.954,243.287,187.093663900572,1183.109985,1184.8642751428572,1178.4333374,0.0
2021-11-14,0.25,0.0,0.125,0.75,-0.625,80.79,2968.800048828125,4682.85009765625,16.290000915527344,95.12999725341795,103.87,278.824,283.411,-174.954,243.287,187.093663900572,1183.109985,1184.475707857143,1178.4660033999999,0.0
2021-11-15,0.25,0.0,0.125,0.75,-0.625,80.88,2999.52001953125,4682.7998046875,16.489999771118164,95.41000366210938,103.87,278.824,283.411,-174.954,243.287,187.093663900572,1179.109985,1184.2771342857143,1178.3653360666665,-0.33809198220907666
2021-11-16,0.25,0.0,0.125,0.75,-0.625,80.76,2997.2099609375,4700.89990234375,16.3700008392334,95.91999816894533,103.87,278.824,283.411,-174.954,243.287,187.093663900572,1183.51001,1181.9414235714285,1178.4113362333333,0.37316493422789865
2021-11-17,0.25,0.0,0.125,0.75,-0.625,78.36,2962.419921875,4688.669921875,17.110000610351562,95.83000183105467,103.87,278.824,283.411,-174.954,243.287,187.093663900572,1184.050049,1182.8771448571429,1178.4866699000002,0.0456302857970714
2021-11-18,0.25,0.0,0.125,0.75,-0.625,79.01,2947.3798828125,4704.5400390625,17.59000015258789,95.54000091552734,103.87,278.824,283.411,-174.954,243.287,187.093663900572,1181.22998,1182.4614255714284,1178.3383341,-0.2381714356062603
2021-11-19,0.25,0.0,0.125,0.75,-0.625,76.1,2971.02001953125,4697.9599609375,17.90999984741211,96.06999969482422,103.87,278.824,283.411,-174.954,243.287,187.093663900572,1182.900024,1182.431431142857,1178.5800007666667,0.14138178240277188
2021-11-20,0.25,0.0,0.125,0.75,-0.625,76.1,2971.02001953125,4697.9599609375,17.90999984741211,96.06999969482422,103.87,278.824,283.411,-174.954,243.287,187.093663900572,1182.900024,1182.4014367142859,1178.8570026999998,0.0
2021-11-21,0.25,0.0,0.125,0.75,-0.625,76.1,2971.02001953125,4697.9599609375,17.90999984741211,96.06999969482422,103.87,278.824,283.411,-174.954,243.287,187.093663900572,1182.900024,1182.3714422857142,1179.0686685333335,0.0
2021-11-22,0.25,0.0,0.125,0.75,-0.625,76.75,3013.25,4682.93994140625,19.170000076293945,96.5,103.87,278.824,283.411,-174.954,243.287,187.093663900572,1191.630005,1184.1600165714285,1179.5713337333332,0.7380151173282945
2021-11-23,0.25,0.0,0.125,0.75,-0.625,78.5,2997.330078125,4690.7001953125,19.3799991607666,96.48999786376952,103.87,278.824,283.411,-174.954,243.287,187.093663900572,1189.5,1185.0157294285714,1180.0029987666667,-0.17874717748483926
2021-11-24,0.25,0.0,0.125,0.75,-0.625,78.39,2994.2900390625,4701.4599609375,18.57999992370605,96.83999633789062,103.87,278.824,283.411,-174.954,243.287,187.093663900572,1189.949951,1185.8585725714288,1180.4499958333333,0.03782690205968997
2021-11-25,0.25,0.0,0.125,1.0,-0.875,78.39,2980.27001953125,4701.4599609375,18.57999992370605,96.83999633789062,103.87,278.824,283.411,-174.954,243.287,187.093663900572,1187.880005,1186.8085761428572,1181.1439940333332,-0.17395235810216958
2021-11-26,0.25,0.0,0.125,1.0,-0.875,68.15,2936.43994140625,4594.6201171875,28.6200008392334,96.08999633789062,103.87,278.824,283.411,-174.954,243.287,187.093663900572,1190.219971,1187.8542828571428,1181.906994533333,0.1969867318374563
2021-11-27,0.25,0.0,0.125,1.0,-0.875,68.15,2936.43994140625,4594.6201171875,28.6200008392334,96.08999633789062,103.87,278.824,283.411,-174.954,243.287,187.093663900572,1190.219971,1188.8999895714285,1182.5086587666665,0.0
2021-11-28,0.25,0.0,0.125,1.0,-0.875,68.15,2936.43994140625,4594.6201171875,28.6200008392334,96.08999633789062,103.87,278.824,283.411,-174.954,243.287,187.093663900572,1190.219971,1189.9456962857143,1183.2703246333333,0.0
2021-11-29,0.25,0.0,0.125,1.0,-0.875,69.95,2909.320068359375,4655.27001953125,22.959999084472656,96.33999633789062,103.87,278.824,283.411,-174.954,243.287,187.093663900572,1194.609985,1190.3714077142856,1184.1783243,0.36884055947334904
2021-11-30,0.25,0.0,0.125,1.0,-0.875,66.18,2839.010009765625,4567.0,27.190000534057617,95.98999786376952,103.87,278.824,283.411,-174.954,243.287,187.093663900572,1190.73999,1190.5485491428572,1184.9573241333335,-0.32395468383766834
2021-12-01,0.25,0.0,0.125,1.0,-0.875,65.57,2899.719970703125,4513.0400390625,31.1200008392334,96.0500030517578,104.04,280.806,285.221,-176.76599999999996,241.338,187.093663900572,1182.859985,1189.535696857143,1185.2399901333335,-0.6617737764900267
2021-12-02,0.25,0.0,0.125,1.0,-0.875,66.5,2945.27001953125,4577.10009765625,27.950000762939453,96.12999725341795,104.04,280.806,285.221,-176.76599999999996,241.338,187.093663900572,1177.109985,1187.9971225714287,1185.2579914333332,-0.4861099430969462
2021-12-03,0.25,0.0,0.125,1.0,-0.875,66.26,2968.330078125,4538.43017578125,30.670000076293945,96.12000274658205,104.04,280.806,285.221,-176.76599999999996,241.338,187.093663900572,1176.77002,1186.075701,1185.2156574666667,-0.028881328366281434
2021-12-04,0.25,0.0,0.125,1.0,-0.875,66.26,2968.330078125,4538.43017578125,30.670000076293945,96.12000274658205,104.04,280.806,285.221,-176.76599999999996,241.338,187.093663900572,1176.77002,1184.1542794285713,1185.1299926,0.0
2021-12-05,0.25,0.0,0.125,1.0,-0.875,66.26,2968.330078125,4538.43017578125,30.670000076293945,96.12000274658205,104.04,280.806,285.221,-176.76599999999996,241.338,187.093663900572,1176.77002,1182.2328578571428,1184.8279947333333,0.0
2021-12-06,0.25,0.0,0.125,1.0,-0.875,69.49,2973.25,4591.669921875,27.18000030517578,96.29000091552734,104.04,280.806,285.221,-176.76599999999996,241.338,187.093663900572,1183.140015,1180.5942907142858,1184.7383300333333,0.5413118019440999
2021-12-07,0.25,0.0,0.125,1.0,-0.875,72.05,2991.719970703125,4686.75,21.88999938964844,96.37000274658205,104.04,280.806,285.221,-176.76599999999996,241.338,187.093663900572,1180.560059,1179.140014857143,1184.5626668,-0.218060074656512
2021-12-08,0.25,0.0,0.125,1.0,-0.875,72.36,3001.800048828125,4701.2099609375,19.89999961853028,95.88999938964844,104.04,280.806,285.221,-176.76599999999996,241.338,187.093663900572,1176.839966,1178.280012142857,1184.4406656666665,-0.3151125579456737
2021-12-09,0.25,0.0,0.125,1.0,-0.875,70.94,3029.570068359375,4667.4501953125,21.57999992370605,96.2699966430664,104.04,280.806,285.221,-176.76599999999996,241.338,187.093663900572,1172.560059,1177.6300227142856,1183.5306681333334,-0.3636779106463539
2021-12-10,0.25,0.0,0.125,1.0,-0.875,71.67,3010.22998046875,4712.02001953125,18.690000534057617,96.0500030517578,104.04,280.806,285.221,-176.76599999999996,241.338,187.093663900572,1177.329956,1177.7100135714286,1183.525,0.40679340588047896
2021-12-11,0.25,0.0,0.125,1.0,-0.875,71.67,3010.22998046875,4712.02001953125,18.690000534057617,96.0500030517578,104.04,280.806,285.221,-176.76599999999996,241.338,187.093663900572,1177.329956,1177.7900044285714,1183.2979980333332,0.0
2021-12-12,0.25,0.0,0.125,1.0,-0.875,71.67,3010.22998046875,4712.02001953125,18.690000534057617,96.0500030517578,104.04,280.806,285.221,-176.76599999999996,241.338,187.093663900572,1177.329956,1177.8699952857144,1183.1053304000002,0.0
2021-12-13,0.25,0.0,0.125,1.0,-0.875,71.29,3001.659912109375,4668.97021484375,20.309999465942383,96.31999969482422,104.04,280.806,285.221,-176.76599999999996,241.338,187.093663900572,1178.969971,1177.2742747142856,1182.9673299333333,0.13929952190905315
2021-12-14,0.25,0.0,0.125,1.0,-0.875,70.73,2987.949951171875,4634.08984375,21.88999938964844,96.56999969482422,104.04,280.806,285.221,-176.76599999999996,241.338,187.093663900572,1185.099976,1177.9228342857143,1183.0336629666667,0.5199458129370838
2021-12-15,0.25,0.0,0.125,1.0,-0.875,70.87,2989.389892578125,4709.85009765625,19.290000915527344,96.51000213623048,104.04,280.806,285.221,-176.76599999999996,241.338,187.093663900572,1184.22998,1178.9785505714285,1183.2043294666666,-0.07341119041588406
2021-12-16,0.25,0.0,0.125,1.0,-0.875,72.38,3006.409912109375,4668.669921875,20.56999969482422,96.04000091552734,104.04,280.806,285.221,-176.76599999999996,241.338,187.093663900572,1184.400024,1180.669974142857,1183.2339966,0.014359035227262673
2021-12-17,0.25,0.0,0.125,1.0,-0.875,70.86,3017.72998046875,4620.64013671875,21.56999969482422,96.56999969482422,104.04,280.806,285.221,-176.76599999999996,241.338,187.093663900572,1186.150024,1181.9299838571428,1183.3039957666665,0.1477541341218247
2021-12-18,0.25,0.0,0.125,1.0,-0.875,70.86,3017.72998046875,4620.64013671875,21.56999969482422,96.56999969482422,104.04,280.806,285.221,-176.76599999999996,241.338,187.093663900572,1186.150024,1183.1899935714287,1183.4679972333333,0.0
2021-12-19,0.25,0.0,0.125,1.0,-0.875,70.86,3017.72998046875,4620.64013671875,21.56999969482422,96.56999969482422,104.04,280.806,285.221,-176.76599999999996,241.338,187.093663900572,1186.150024,1184.4500032857143,1183.5763305666667,0.0
2021-12-20,0.25,0.0,0.125,1.0,-0.875,68.23,2963.0,4568.02001953125,22.8700008392334,96.5500030517578,104.04,280.806,285.221,-176.76599999999996,241.338,187.093663900572,1186.390015,1185.5100095714286,1183.6926635999998,0.02023276947638042
2021-12-21,0.25,0.0,0.125,1.0,-0.875,71.12,2975.030029296875,4649.22998046875,21.01000022888184,96.48999786376952,104.04,280.806,285.221,-176.76599999999996,241.338,187.093663900572,1190.119995,1186.227155142857,1183.9333293000002,0.31439745385921647
2021-12-22,0.25,0.0,0.125,1.0,-0.875,72.76,2984.47998046875,4696.56005859375,18.6299991607666,96.08000183105467,104.04,280.806,285.221,-176.76599999999996,241.338,187.093663900572,1191.27002,1187.2328751428572,1183.9213298,0.09663101240475758
2021-12-23,0.25,0.0,0.125,1.0,-0.875,73.79,2998.169921875,4725.7900390625,17.959999084472656,96.0199966430664,104.04,280.806,285.221,-176.76599999999996,241.338,187.093663900572,1187.77002,1187.714303142857,1183.8636638,-0.2938040864992164
2021-12-24,0.25,0.0,0.125,1.0,-0.875,73.79,3012.429931640625,4725.7900390625,17.959999084472656,96.0199966430664,104.04,280.806,285.221,-176.76599999999996,241.338,187.093663900572,1185.5,1187.6214425714284,1183.7153321,-0.19111612195767957
2021-12-25,0.25,0.0,0.125,1.0,-0.875,73.79,3012.429931640625,4725.7900390625,17.959999084472656,96.0199966430664,104.04,280.806,285.221,-176.76599999999996,241.338,187.093663900572,1185.5,1187.5285820000001,1183.6359986,0.0
2021-12-26,0.25,0.0,0.125,1.0,-0.875,73.79,3012.429931640625,4725.7900390625,17.959999084472656,96.0199966430664,104.04,280.806,285.221,-176.76599999999996,241.338,187.093663900572,1185.5,1187.4357214285715,1183.4786662333333,0.0
2021-12-27,0.25,0.0,0.125,1.0,-0.875,75.57,2999.550048828125,4791.18994140625,17.68000030517578,96.08999633789062,104.04,280.806,285.221,-176.76599999999996,241.338,187.093663900572,1185.920044,1187.3685827142856,1183.3353353333334,0.03543180092786535
2021-12-28,0.25,0.0,0.125,1.0,-0.875,75.98,3020.239990234375,4786.35009765625,17.540000915527344,96.1999969482422,104.04,280.806,285.221,-176.76599999999996,241.338,187.093663900572,1185.650024,1186.7300154285713,1183.1830037666666,-0.02276881998630742
2021-12-29,0.25,0.0,0.125,1.0,-0.875,76.56,2993.2900390625,4793.06005859375,16.950000762939453,95.93000030517578,104.04,280.806,285.221,-176.76599999999996,241.338,187.093663900572,1187.849976,1186.2414377142854,1182.9576701333333,0.18554817656715183
2021-12-30,0.25,0.0,0.125,1.0,-0.875,76.99,2977.64990234375,4778.72998046875,17.329999923706055,95.97000122070312,104.04,280.806,285.221,-176.76599999999996,241.338,187.093663900572,1183.670044,1185.6557268571428,1182.7220052666667,-0.3518905656820115
2021-12-31,0.25,0.0,0.125,1.0,-0.875,75.21,2977.64990234375,4766.18017578125,17.219999313354492,95.66999816894533,104.04,280.806,285.221,-176.76599999999996,241.338,187.093663900572,1189.890015,1186.282871857143,1182.9563396,0.5254818292926178
2022-01-01,0.25,0.0,0.125,1.0,-0.875,75.21,2977.64990234375,4766.18017578125,17.219999313354492,95.66999816894533,104.85,282.542,286.799,-177.69199999999998,246.453,211.872594329841,1189.890015,1186.9100168571426,1183.3823406000001,0.0
2022-01-02,0.25,0.0,0.125,1.0,-0.875,75.21,2977.64990234375,4766.18017578125,17.219999313354492,95.66999816894533,104.85,282.542,286.799,-177.69199999999998,246.453,211.872594329841,1189.890015,1187.5371618571428,1183.8196737666665,0.0
2022-01-03,0.25,0.0,0.125,1.0,-0.875,76.08,2977.64990234375,4796.56005859375,16.600000381469727,96.23999786376952,104.85,282.542,286.799,-177.69199999999998,246.453,211.872594329841,1187.780029,1187.8028739999997,1184.1866740666667,-0.17732613715562007
2022-01-04,0.25,0.0,0.125,1.0,-0.875,76.99,2989.239990234375,4793.5400390625,16.90999984741211,96.29000091552734,104.85,282.542,286.799,-177.69199999999998,246.453,211.872594329841,1194.680054,1189.092878285714,1184.7836752,0.5809177483653283
2022-01-05,0.25,0.0,0.125,1.0,-0.875,77.85,2953.969970703125,4700.580078125,19.729999542236328,96.19000244140624,104.85,282.542,286.799,-177.69199999999998,246.453,211.872594329841,1196.5,1190.3285959999998,1185.2290080333335,0.15233752282937107
2022-01-06,0.25,0.0,0.125,1.0,-0.875,79.46,2920.530029296875,4696.0498046875,19.61000061035156,96.25,104.85,282.542,286.799,-177.69199999999998,246.453,211.872594329841,1199.25,1192.5543039999998,1185.8520060666667,0.22983702465524392
2022-01-07,0.25,0.0,0.125,1.0,-0.875,78.9,2954.889892578125,4677.02978515625,18.76000022888184,95.73999786376952,104.85,282.542,286.799,-177.69199999999998,246.453,211.872594329841,1205.780029,1194.8243060000002,1186.816674833333,0.5445094017094032
2022-01-08,0.25,0.0,0.125,1.0,-0.875,78.9,2954.889892578125,4677.02978515625,18.76000022888184,95.73999786376952,104.85,282.542,286.799,-177.69199999999998,246.453,211.872594329841,1205.780029,1197.094308,1187.9240071666668,0.0
2022-01-09,0.25,0.0,0.125,1.0,-0.875,78.9,2954.889892578125,4677.02978515625,18.76000022888184,95.73999786376952,104.85,282.542,286.799,-177.69199999999998,246.453,211.872594329841,1205.780029,1199.3643100000002,1188.8723429333334,0.0
2022-01-10,0.25,0.0,0.125,1.0,-0.875,78.23,2926.719970703125,4670.2900390625,19.39999961853028,95.98999786376952,104.85,282.542,286.799,-177.69199999999998,246.453,211.872594329841,1196.880005,1200.6643065714286,1189.5240112333333,-0.7381134026063774
2022-01-11,0.25,0.0,0.125,1.0,-0.875,81.22,2927.3798828125,4713.06982421875,18.40999984741211,95.62000274658205,104.85,282.542,286.799,-177.69199999999998,246.453,211.872594329841,1198.089966,1201.1514368571427,1190.2160115666666,0.10109292451585539
2022-01-12,0.25,0.0,0.125,1.0,-0.875,82.64,2972.47998046875,4726.35009765625,17.6200008392334,95.0,104.85,282.542,286.799,-177.69199999999998,246.453,211.872594329841,1189.430054,1200.1414445714286,1190.564681,-0.7228098261195304
2022-01-13,0.25,0.0,0.125,1.0,-0.875,82.12,2962.090087890625,4659.02978515625,20.309999465942383,94.79000091552734,104.85,282.542,286.799,-177.69199999999998,246.453,211.872594329841,1185.880005,1198.231445285714,1190.5906819666668,-0.2984663947292465
2022-01-14,0.25,0.0,0.125,1.25,-1.125,83.82,2921.919921875,4662.85009765625,19.190000534057617,95.16999816894533,104.85,282.542,286.799,-177.69199999999998,246.453,211.872594329841,1186.609985,1195.4928675714286,1190.6700154666664,0.061555975049953915
2022-01-15,0.25,0.0,0.125,1.25,-1.125,83.82,2921.919921875,4662.85009765625,19.190000534057617,95.16999816894533,104.85,282.542,286.799,-177.69199999999998,246.453,211.872594329841,1186.609985,1192.754289857143,1190.7436808333334,0.0
2022-01-16,0.25,0.0,0.125,1.25,-1.125,83.82,2921.919921875,4662.85009765625,19.190000534057617,95.16999816894533,104.85,282.542,286.799,-177.69199999999998,246.453,211.872594329841,1186.609985,1190.015712142857,1190.7590128666668,0.0
2022-01-17,0.25,0.0,0.125,1.25,-1.125,83.82,2890.10009765625,4662.85009765625,19.190000534057617,95.16999816894533,104.85,282.542,286.799,-177.69199999999998,246.453,211.872594329841,1188.959961,1188.8842772857145,1190.8526774333334,0.19804114491754898
2022-01-18,0.25,0.0,0.125,1.25,-1.125,85.43,2864.239990234375,4577.10986328125,22.790000915527344,95.7300033569336,104.85,282.542,286.799,-177.69199999999998,246.453,211.872594329841,1190.060059,1187.7371477142858,1190.9830119333333,0.09252607624183895
2022-01-19,0.25,0.0,0.125,1.25,-1.125,86.96,2842.280029296875,4532.759765625,23.850000381469727,95.51000213623048,104.85,282.542,286.799,-177.69199999999998,246.453,211.872594329841,1192.97998,1188.2442800000001,1191.2026774333333,0.2453591293916535
2022-01-20,0.25,0.0,0.125,1.25,-1.125,86.9,2862.679931640625,4482.72998046875,25.59000015258789,95.73999786376952,104.85,282.542,286.799,-177.69199999999998,246.453,211.872594329841,1188.160034,1188.5699984285714,1191.1373454,-0.40402572388515967
2022-01-21,0.25,0.0,0.125,1.25,-1.125,85.14,2834.2900390625,4397.93994140625,28.850000381469727,95.63999938964844,104.85,282.542,286.799,-177.69199999999998,246.453,211.872594329841,1192.430054,1189.4014368571427,1191.1760132000002,0.359380881178506
2022-01-22,0.25,0.0,0.125,1.25,-1.125,85.14,2834.2900390625,4397.93994140625,28.850000381469727,95.63999938964844,104.85,282.542,286.799,-177.69199999999998,246.453,211.872594329841,1192.430054,1190.2328752857143,1191.3313476666665,0.0
2022-01-23,0.25,0.0,0.125,1.25,-1.125,85.14,2834.2900390625,4397.93994140625,28.850000381469727,95.63999938964844,104.85,282.542,286.799,-177.69199999999998,246.453,211.872594329841,1192.430054,1191.0643137142856,1191.5623494666665,0.0
2022-01-24,0.25,0.0,0.125,1.25,-1.125,83.31,2792.0,4410.1298828125,29.89999961853028,95.91999816894533,104.85,282.542,286.799,-177.69199999999998,246.453,211.872594329841,1191.5,1191.4271764285713,1191.7623494666666,-0.07799652456594863
2022-01-25,0.25,0.0,0.125,1.25,-1.125,85.6,2720.389892578125,4356.4501953125,31.15999984741211,95.9499969482422,104.85,282.542,286.799,-177.69199999999998,246.453,211.872594329841,1195.660034,1192.227172857143,1192.1010172666668,0.3491425933697112
2022-01-26,0.25,0.0,0.125,1.25,-1.125,87.35,2709.239990234375,4349.93017578125,31.959999084472656,96.48999786376952,104.85,282.542,286.799,-177.69199999999998,246.453,211.872594329841,1196.099976,1192.6728865714285,1192.4403483333333,0.036794907205206506
2022-01-27,0.25,0.0,0.125,1.25,-1.125,86.61,2614.489990234375,4326.509765625,30.489999771118164,97.26000213623048,104.85,282.542,286.799,-177.69199999999998,246.453,211.872594329841,1200.630005,1194.4543109999997,1192.9396810333333,0.37873330749067513
2022-01-28,0.25,0.0,0.125,1.25,-1.125,86.82,2663.340087890625,4431.85009765625,27.65999984741211,97.2699966430664,104.85,282.542,286.799,-177.69199999999998,246.453,211.872594329841,1203.459961,1196.030012,1193.4600138666667,0.23570592007651214
2022-01-29,0.25,0.0,0.125,1.25,-1.125,86.82,2663.340087890625,4431.85009765625,27.65999984741211,97.2699966430664,104.85,282.542,286.799,-177.69199999999998,246.453,211.872594329841,1203.459961,1197.6057129999997,1194.1196777666667,0.0
2022-01-30,0.25,0.0,0.125,1.25,-1.125,86.82,2663.340087890625,4431.85009765625,27.65999984741211,97.2699966430664,104.85,282.542,286.799,-177.69199999999998,246.453,211.872594329841,1203.459961,1199.1814140000001,1194.5720092999998,0.0
2022-01-31,0.25,0.0,0.125,1.25,-1.125,88.15,2663.340087890625,4515.5498046875,24.82999992370605,96.54000091552734,104.85,282.542,286.799,-177.69199999999998,246.453,211.872594329841,1207.709961,1201.4971227142855,1195.1660075,0.3531484334940771
2022-02-01,0.25,0.0,0.125,1.25,-1.125,88.2,2663.340087890625,4546.5400390625,21.959999084472656,96.38999938964844,105.42,284.525,288.256,-179.10499999999996,252.66,211.872594329841,1205.119995,1202.8485457142856,1195.6736735000002,-0.2144526487018017
2022-02-02,0.25,0.0,0.125,1.25,-1.125,88.26,2663.340087890625,4589.3798828125,22.09000015258789,95.94000244140624,105.42,284.525,288.256,-179.10499999999996,252.66,211.872594329841,1202.5,1203.762834857143,1196.1643392,-0.21740532153398107
2022-02-03,0.25,0.0,0.125,1.25,-1.125,90.27,2707.820068359375,4477.43994140625,24.350000381469727,95.37999725341795,105.42,284.525,288.256,-179.10499999999996,252.66,211.872594329841,1199.959961,1203.6671142857142,1196.3403360999998,-0.2112298544698521
2022-02-04,0.25,0.0,0.125,1.25,-1.125,92.31,2750.260009765625,4500.52978515625,23.21999931335449,95.4800033569336,105.42,284.525,288.256,-179.10499999999996,252.66,211.872594329841,1200.329956,1203.2199707142859,1196.4680013,0.030833945466945956
2022-02-05,0.25,0.0,0.125,1.25,-1.125,92.31,2750.260009765625,4500.52978515625,23.21999931335449,95.4800033569336,105.42,284.525,288.256,-179.10499999999996,252.66,211.872594329841,1200.329956,1202.772827142857,1196.5039998333332,0.0
2022-02-06,0.25,0.0,0.125,1.25,-1.125,92.31,2750.260009765625,4500.52978515625,23.21999931335449,95.4800033569336,105.42,284.525,288.256,-179.10499999999996,252.66,211.872594329841,1200.329956,1202.3256835714285,1196.3223307333333,0.0
2022-02-07,0.25,0.0,0.125,1.25,-1.125,91.32,2745.06005859375,4483.8701171875,22.86000061035156,95.4000015258789,105.42,284.525,288.256,-179.10499999999996,252.66,211.872594329841,1197.089966,1200.8085414285713,1196.0326619666666,-0.26992494720343707
2022-02-08,0.25,0.0,0.125,1.25,-1.125,89.36,2746.469970703125,4521.5400390625,21.440000534057617,95.63999938964844,105.42,284.525,288.256,-179.10499999999996,252.66,211.872594329841,1196.849976,1199.6271101428572,1195.7349935333334,-0.02004778310873423
2022-02-09,0.25,0.0,0.125,1.25,-1.125,89.66,2768.85009765625,4587.18017578125,19.959999084472656,95.48999786376952,105.42,284.525,288.256,-179.10499999999996,252.66,211.872594329841,1196.359985,1198.7499651428573,1195.7176595333333,-0.04094005178807425
2022-02-10,0.25,0.0,0.125,1.25,-1.125,89.88,2771.929931640625,4504.080078125,23.90999984741211,95.5500030517578,105.42,284.525,288.256,-179.10499999999996,252.66,211.872594329841,1194.030029,1197.902832,1195.5823283,-0.1947537554927492
2022-02-11,0.25,0.0,0.125,1.25,-1.125,93.1,2747.7099609375,4418.64013671875,27.36000061035156,96.08000183105467,105.42,284.525,288.256,-179.10499999999996,252.66,211.872594329841,1199.349976,1197.762834857143,1195.9129923666665,0.445545494735633
2022-02-12,0.25,0.0,0.125,1.25,-1.125,93.1,2747.7099609375,4418.64013671875,27.36000061035156,96.08000183105467,105.42,284.525,288.256,-179.10499999999996,252.66,211.872594329841,1199.349976,1197.6228377142857,1196.3619914,0.0
2022-02-13,0.25,0.0,0.125,1.25,-1.125,93.1,2747.7099609375,4418.64013671875,27.36000061035156,96.08000183105467,105.42,284.525,288.256,-179.10499999999996,252.66,211.872594329841,1199.349976,1197.4828405714286,1196.7866577666668,0.0
2022-02-14,0.25,0.0,0.125,1.25,-1.125,95.46,2704.47998046875,4401.669921875,28.32999992370605,96.37000274658205,105.42,284.525,288.256,-179.10499999999996,252.66,211.872594329841,1199.23999,1197.7899868571428,1197.2076579333334,-0.009170467519981074
2022-02-15,0.25,0.0,0.125,1.25,-1.125,92.07,2676.5400390625,4471.06982421875,25.700000762939453,95.98999786376952,105.42,284.525,288.256,-179.10499999999996,252.66,211.872594329841,1197.359985,1197.8628452857142,1197.5659912666665,-0.15676637000738847
2022-02-16,0.25,0.0,0.125,1.25,-1.125,93.66,2729.679931640625,4475.009765625,24.290000915527344,95.6999969482422,105.42,284.525,288.256,-179.10499999999996,252.66,211.872594329841,1196.829956,1197.929984,1197.8283244333331,-0.044266470120934986
2022-02-17,0.25,0.0,0.125,1.25,-1.125,91.76,2744.090087890625,4380.259765625,28.11000061035156,95.8000030517578,105.42,284.525,288.256,-179.10499999999996,252.66,211.872594329841,1196.75,1198.3185512857144,1198.0513224666668,-0.0066806482908576825
2022-02-18,0.25,0.0,0.125,1.25,-1.125,91.07,2744.52001953125,4348.8701171875,27.75,96.04000091552734,105.42,284.525,288.256,-179.10499999999996,252.66,211.872594329841,1198.660034,1198.2199881428571,1198.2406575999998,0.15960175475244753
2022-02-19,0.25,0.0,0.125,1.25,-1.125,91.07,2744.52001953125,4348.8701171875,27.75,96.04000091552734,105.42,284.525,288.256,-179.10499999999996,252.66,211.872594329841,1198.660034,1198.121425,1198.5906576,0.0
2022-02-20,0.25,0.0,0.125,1.25,-1.125,91.07,2744.52001953125,4348.8701171875,27.75,96.04000091552734,105.42,284.525,288.256,-179.10499999999996,252.66,211.872594329841,1198.660034,1198.022861857143,1198.7983236,0.0
2022-02-21,0.25,0.0,0.125,1.25,-1.125,91.07,2743.800048828125,4348.8701171875,27.75,96.04000091552734,105.42,284.525,288.256,-179.10499999999996,252.66,211.872594329841,1195.069946,1197.4271412857142,1198.8863200000003,-0.2995084426081651
2022-02-22,0.25,0.0,0.125,1.25,-1.125,92.35,2706.7900390625,4304.759765625,28.809999465942383,96.02999877929688,105.42,284.525,288.256,-179.10499999999996,252.66,211.872594329841,1194.680054,1197.0442939999998,1198.96132,-0.03262503599099631
2022-02-23,0.25,0.0,0.125,1.25,-1.125,92.1,2719.530029296875,4225.5,31.020000457763672,96.19000244140624,105.42,284.525,288.256,-179.10499999999996,252.66,211.872594329841,1192.680054,1196.4514508571428,1199.000655133333,-0.16740883831647402
2022-02-24,0.25,0.0,0.125,1.25,-1.125,92.81,2648.800048828125,4288.7001953125,30.31999969482422,97.13999938964844,105.42,284.525,288.256,-179.10499999999996,252.66,211.872594329841,1192.400024,1195.8300257142857,1198.8919881333334,-0.023479054509278896
2022-02-25,0.25,0.0,0.125,1.25,-1.125,91.59,2676.760009765625,4384.64990234375,27.59000015258789,96.62000274658205,105.42,284.525,288.256,-179.10499999999996,252.66,211.872594329841,1206.0,1196.8785922857144,1199.2219889333333,1.140554824410156
2022-02-26,0.25,0.0,0.125,1.25,-1.125,91.59,2676.760009765625,4384.64990234375,27.59000015258789,96.62000274658205,105.42,284.525,288.256,-179.10499999999996,252.66,211.872594329841,1206.0,1197.9271588571428,1199.4009887666666,0.0
2022-02-27,0.25,0.0,0.125,1.25,-1.125,91.59,2676.760009765625,4384.64990234375,27.59000015258789,96.62000274658205,105.42,284.525,288.256,-179.10499999999996,252.66,211.872594329841,1206.0,1198.9757254285712,1199.4856567333334,0.0
2022-02-28,0.25,0.0,0.125,1.25,-1.125,95.72,2699.179931640625,4373.93994140625,30.14999961853028,96.70999908447266,105.42,284.525,288.256,-179.10499999999996,252.66,211.872594329841,1197.589966,1199.3357282857144,1199.2899902333334,-0.6973494195688268
2022-03-01,0.25,0.0,0.125,1.25,-1.125,103.41,2699.179931640625,4306.259765625,33.31999969482422,97.41000366210938,106.1,287.467,289.044,-181.367,260.014,211.872594329841,1200.930054,1200.2285854285713,1199.20566,0.2789008003428739
2022-03-02,0.25,0.0,0.125,1.25,-1.125,110.6,2703.52001953125,4386.5400390625,30.739999771118164,97.38999938964844,106.1,287.467,289.044,-181.367,260.014,211.872594329841,1205.369995,1202.041434142857,1199.1276611333335,0.36970854257596386
2022-03-03,0.25,0.0,0.125,1.25,-1.125,107.67,2747.080078125,4363.490234375,30.479999542236328,97.79000091552734,106.1,287.467,289.044,-181.367,260.014,211.872594329841,1203.150024,1203.5771484285713,1199.0619954333333,-0.18417340809947502
2022-03-04,0.25,0.0,0.125,1.25,-1.125,115.68,2713.429931640625,4328.8701171875,31.979999542236328,98.6500015258789,106.1,287.467,289.044,-181.367,260.014,211.872594329841,1205.98999,1203.5757184285715,1199.1783284333333,0.23604421255449815
2022-03-05,0.25,0.0,0.125,1.25,-1.125,115.68,2713.429931640625,4328.8701171875,31.979999542236328,98.6500015258789,106.1,287.467,289.044,-181.367,260.014,211.872594329841,1205.98999,1203.5742884285714,1199.3793294,0.0
2022-03-06,0.25,0.0,0.125,1.25,-1.125,115.68,2713.429931640625,4328.8701171875,31.979999542236328,98.6500015258789,106.1,287.467,289.044,-181.367,260.014,211.872594329841,1205.98999,1203.5728584285714,1199.5679971999998,0.0
2022-03-07,0.25,0.0,0.125,1.25,-1.125,119.4,2651.31005859375,4201.08984375,36.45000076293945,99.29000091552734,106.1,287.467,289.044,-181.367,260.014,211.872594329841,1216.709961,1206.3042862857144,1200.1139973666666,0.8888938622119147
2022-03-08,0.25,0.0,0.125,1.25,-1.125,123.7,2622.39990234375,4170.7001953125,35.130001068115234,99.05999755859376,106.1,287.467,289.044,-181.367,260.014,211.872594329841,1232.300049,1210.7857141428572,1201.1796671333334,1.281331500498828
2022-03-09,0.25,0.0,0.125,1.25,-1.125,108.7,2622.39990234375,4277.8798828125,32.45000076293945,97.97000122070312,106.1,287.467,289.044,-181.367,260.014,211.872594329841,1233.109985,1214.748569857143,1202.3803344333332,0.06572555122896784
2022-03-10,0.25,0.0,0.125,1.25,-1.125,106.02,2680.320068359375,4259.52001953125,30.229999542236328,98.51000213623048,106.1,287.467,289.044,-181.367,260.014,211.872594329841,1223.22998,1217.617135,1203.2596679,-0.8012265832070153
2022-03-11,0.25,0.0,0.125,1.25,-1.125,109.33,2661.280029296875,4204.31005859375,30.75,99.12000274658205,106.1,287.467,289.044,-181.367,260.014,211.872594329841,1228.599976,1220.8471329999998,1204.3343342666667,0.43900133971535027
2022-03-12,0.25,0.0,0.125,1.25,-1.125,109.33,2661.280029296875,4204.31005859375,30.75,99.12000274658205,106.1,287.467,289.044,-181.367,260.014,211.872594329841,1228.599976,1224.077131,1205.4866658333333,0.0
2022-03-13,0.25,0.0,0.125,1.25,-1.125,109.33,2661.280029296875,4204.31005859375,30.75,99.12000274658205,106.1,287.467,289.044,-181.367,260.014,211.872594329841,1228.599976,1227.307129,1206.4616658333334,0.0
2022-03-14,0.25,0.0,0.125,1.25,-1.125,103.01,2645.64990234375,4173.10986328125,31.770000457763672,99.05999755859376,106.1,287.467,289.044,-181.367,260.014,211.872594329841,1236.890015,1230.1899938571428,1207.7130004666665,0.6747549374850337
2022-03-15,0.25,0.0,0.125,1.25,-1.125,96.44,2621.530029296875,4262.4501953125,29.82999992370605,99.06999969482422,106.1,287.467,289.044,-181.367,260.014,211.872594329841,1242.050049,1231.582851,1209.1363362333332,0.4171780786830892
2022-03-16,0.25,0.0,0.125,1.25,-1.125,95.04,2659.22998046875,4357.85986328125,26.670000076293945,98.37999725341795,106.1,287.467,289.044,-181.367,260.014,211.872594329841,1241.680054,1232.8071465714286,1210.5510050333332,-0.02978905723629577
2022-03-17,0.5,0.25,0.375,1.25,-0.875,102.98,2694.510009765625,4411.669921875,25.670000076293945,98.01000213623048,106.1,287.467,289.044,-181.367,260.014,211.872594329841,1223.0,1232.7742922857142,1211.4056722,-1.5044176589470992
2022-03-18,0.5,0.25,0.375,1.25,-0.875,104.7,2707.02001953125,4463.1201171875,23.8700008392334,98.2300033569336,106.1,287.467,289.044,-181.367,260.014,211.872594329841,1210.329956,1230.1642894285712,1211.8556722,-1.0359807031888768
2022-03-19,0.5,0.25,0.375,1.25,-0.875,104.7,2707.02001953125,4463.1201171875,23.8700008392334,98.2300033569336,106.1,287.467,289.044,-181.367,260.014,211.872594329841,1210.329956,1227.5542865714285,1212.3083374,0.0
2022-03-20,0.5,0.25,0.375,1.25,-0.875,104.7,2707.02001953125,4463.1201171875,23.8700008392334,98.2300033569336,106.1,287.467,289.044,-181.367,260.014,211.872594329841,1210.329956,1224.9442837142856,1212.6973348,0.0
2022-03-21,0.5,0.25,0.375,1.25,-0.875,112.12,2686.050048828125,4461.18017578125,23.530000686645508,98.5,106.1,287.467,289.044,-181.367,260.014,211.872594329841,1210.369995,1221.1557094285713,1213.0876668333333,0.003308106173971481
2022-03-22,0.5,0.25,0.375,1.25,-0.875,111.76,2710.0,4511.60986328125,22.940000534057617,98.48999786376952,106.1,287.467,289.044,-181.367,260.014,211.872594329841,1219.780029,1217.974278,1213.7916666666667,0.7774510305834204
2022-03-23,0.5,0.25,0.375,1.25,-0.875,114.93,2735.050048828125,4456.240234375,23.56999969482422,98.62000274658205,106.1,287.467,289.044,-181.367,260.014,211.872594329841,1214.949951,1214.1556918571428,1214.4543335,-0.39597942950089227
2022-03-24,0.5,0.25,0.375,1.25,-0.875,112.34,2729.659912109375,4520.16015625,21.670000076293945,98.79000091552734,106.1,287.467,289.044,-181.367,260.014,211.872594329841,1218.01001,1213.442836142857,1215.2319987,0.2518670828770553
2022-03-25,0.5,0.25,0.375,1.25,-0.875,113.9,2729.97998046875,4543.06005859375,20.809999465942383,98.80999755859376,106.1,287.467,289.044,-181.367,260.014,211.872594329841,1217.550049,1214.474278,1216.0609985333333,-0.03776331854612458
2022-03-26,0.5,0.25,0.375,1.25,-0.875,113.9,2729.97998046875,4543.06005859375,20.809999465942383,98.80999755859376,106.1,287.467,289.044,-181.367,260.014,211.872594329841,1217.550049,1215.5057198571428,1216.8993327,0.0
2022-03-27,0.5,0.25,0.375,1.25,-0.875,113.9,2729.97998046875,4543.06005859375,20.809999465942383,98.80999755859376,106.1,287.467,289.044,-181.367,260.014,211.872594329841,1217.550049,1216.5371617142857,1217.2843343333334,0.0
2022-03-28,0.5,0.25,0.375,1.25,-0.875,105.96,2729.56005859375,4575.52001953125,19.6299991607666,99.08999633789062,106.1,287.467,289.044,-181.367,260.014,211.872594329841,1224.380005,1218.5385917142855,1217.8970011666668,0.5609589524151026
2022-03-29,0.5,0.25,0.375,1.25,-0.875,104.24,2741.070068359375,4631.60009765625,18.89999961853028,98.4000015258789,106.1,287.467,289.044,-181.367,260.014,211.872594329841,1223.660034,1219.0928781428572,1218.4856689666667,-0.05880290408695199
2022-03-30,0.5,0.25,0.375,1.25,-0.875,107.82,2746.739990234375,4602.4501953125,19.32999992370605,97.79000091552734,106.1,287.467,289.044,-181.367,260.014,211.872594329841,1209.130005,1218.2614572857142,1218.8703369333334,-1.1874236794759963
2022-03-31,0.5,0.25,0.375,1.25,-0.875,100.28,2757.64990234375,4530.41015625,20.559999465942383,98.30999755859376,106.1,287.467,289.044,-181.367,260.014,211.872594329841,1210.439941,1217.1800188571428,1219.1873331666668,0.10833706835355894
2022-04-01,0.5,0.25,0.375,1.25,-0.875,99.27,2739.85009765625,4545.85986328125,19.6299991607666,98.62999725341795,106.83,288.582,290.474,-181.752,265.31,228.73523262177,1214.5,1216.7442975714287,1219.4916666666666,0.3354201115212563
2022-04-02,0.5,0.25,0.375,1.25,-0.875,99.27,2739.85009765625,4545.85986328125,19.6299991607666,98.62999725341795,106.83,288.582,290.474,-181.752,265.31,228.73523262177,1214.5,1216.3085762857143,1219.8699992,0.0
2022-04-03,0.5,0.25,0.375,1.25,-0.875,99.27,2739.85009765625,4545.85986328125,19.6299991607666,98.62999725341795,106.83,288.582,290.474,-181.752,265.31,228.73523262177,1214.5,1215.8728549999998,1220.1536661999999,0.0
2022-04-04,0.5,0.25,0.375,1.25,-0.875,103.28,2757.89990234375,4582.64013671875,18.56999969482422,98.98999786376952,106.83,288.582,290.474,-181.752,265.31,228.73523262177,1218.780029,1215.0728584285714,1220.580000833333,0.352410786331836
2022-04-05,0.5,0.25,0.375,1.25,-0.875,101.96,2759.199951171875,4525.1201171875,21.030000686645508,99.47000122070312,106.83,288.582,290.474,-181.752,265.31,228.73523262177,1213.900024,1213.6785712857143,1220.8436686333334,-0.4004008011194604
2022-04-06,0.5,0.25,0.375,1.25,-0.875,96.23,2735.030029296875,4481.14990234375,22.100000381469727,99.5999984741211,106.83,288.582,290.474,-181.752,265.31,228.73523262177,1218.75,1215.0528562857144,1220.9116699333333,0.3995366919936627
2022-04-07,0.5,0.25,0.375,1.25,-0.875,96.03,2695.860107421875,4500.2099609375,21.549999237060547,99.75,106.83,288.582,290.474,-181.752,265.31,228.73523262177,1217.599976,1216.0757184285715,1220.4216674999998,-0.09436094358974412
2022-04-08,0.5,0.25,0.375,1.25,-0.875,98.26,2700.389892578125,4488.27978515625,21.15999984741211,99.8000030517578,106.83,288.582,290.474,-181.752,265.31,228.73523262177,1222.660034,1217.2414375714286,1220.0733358,0.4155763879548635
2022-04-09,0.5,0.25,0.375,1.25,-0.875,98.26,2700.389892578125,4488.27978515625,21.15999984741211,99.8000030517578,106.83,288.582,290.474,-181.752,265.31,228.73523262177,1222.660034,1218.4071567142857,1220.0543375999998,0.0
2022-04-10,0.5,0.25,0.375,1.25,-0.875,98.26,2700.389892578125,4488.27978515625,21.15999984741211,99.8000030517578,106.83,288.582,290.474,-181.752,265.31,228.73523262177,1222.660034,1219.5728758571427,1219.8563395333333,0.0
2022-04-11,0.5,0.25,0.375,1.25,-0.875,94.29,2693.10009765625,4412.52978515625,24.3700008392334,99.93000030517578,106.83,288.582,290.474,-181.752,265.31,228.73523262177,1228.23999,1220.9242988571427,1219.84434,0.4563783754135464
2022-04-12,0.5,0.25,0.375,1.25,-0.875,100.6,2666.760009765625,4397.4501953125,24.26000022888184,100.29000091552734,106.83,288.582,290.474,-181.752,265.31,228.73523262177,1235.050049,1223.945731,1220.0593424333333,0.5544567067873984
2022-04-13,0.5,0.25,0.375,1.25,-0.875,104.25,2716.489990234375,4446.58984375,21.81999969482422,99.87999725341795,106.83,288.582,290.474,-181.752,265.31,228.73523262177,1228.599976,1225.3528704285714,1219.7830078,-0.5222519528842118
2022-04-14,0.5,0.25,0.375,1.5,-1.125,106.95,2716.7099609375,4392.58984375,22.700000762939453,100.31999969482422,106.83,288.582,290.474,-181.752,265.31,228.73523262177,1223.119995,1226.1414445714286,1219.152006,-0.4460346009318106
2022-04-15,0.5,0.25,0.375,1.5,-1.125,106.95,2696.06005859375,4392.58984375,22.700000762939453,100.31999969482422,106.83,288.582,290.474,-181.752,265.31,228.73523262177,1230.099976,1227.2042934285714,1218.7660034,0.5706701736978737
2022-04-16,0.5,0.25,0.375,1.5,-1.125,106.95,2696.06005859375,4392.58984375,22.700000762939453,100.31999969482422,106.83,288.582,290.474,-181.752,265.31,228.73523262177,1230.099976,1228.2671422857143,1219.0026692666665,0.0
2022-04-17,0.5,0.25,0.375,1.5,-1.125,106.95,2696.06005859375,4392.58984375,22.700000762939453,100.31999969482422,106.83,288.582,290.474,-181.752,265.31,228.73523262177,1230.099976,1229.3299911428571,1219.661669933333,0.0
2022-04-18,0.5,0.25,0.375,1.5,-1.125,108.21,2693.2099609375,4391.68994140625,22.170000076293945,100.77999877929688,106.83,288.582,290.474,-181.752,265.31,228.73523262177,1228.089966,1229.3085591428571,1220.2536702666664,-0.16340216561389065
2022-04-19,0.5,0.25,0.375,1.5,-1.125,102.56,2718.889892578125,4462.2099609375,21.3700008392334,100.95999908447266,106.83,288.582,290.474,-181.752,265.31,228.73523262177,1235.349976,1229.351405857143,1221.0876709333336,0.5911627161686361
2022-04-20,0.5,0.25,0.375,1.5,-1.125,102.75,2718.68994140625,4459.4501953125,20.31999969482422,100.38999938964844,106.83,288.582,290.474,-181.752,265.31,228.73523262177,1239.599976,1230.9228344285714,1222.0620036333335,0.3440320623764759
2022-04-21,0.5,0.25,0.375,1.5,-1.125,103.79,2728.2099609375,4393.66015625,22.68000030517578,100.58000183105467,106.83,288.582,290.474,-181.752,265.31,228.73523262177,1234.089966,1232.4899731428573,1222.5390015333332,-0.44449904055177125
2022-04-22,0.5,0.25,0.375,1.5,-1.125,102.07,2704.7099609375,4271.77978515625,28.209999084472656,101.22000122070312,106.83,288.582,290.474,-181.752,265.31,228.73523262177,1242.48999,1234.2599751428572,1223.4570028333333,0.6806654483405783
2022-04-23,0.5,0.25,0.375,1.5,-1.125,102.07,2704.7099609375,4271.77978515625,28.209999084472656,101.22000122070312,106.83,288.582,290.474,-181.752,265.31,228.73523262177,1242.48999,1236.029977142857,1224.2730021666669,0.0
2022-04-24,0.5,0.25,0.375,1.5,-1.125,102.07,2704.7099609375,4271.77978515625,28.209999084472656,101.22000122070312,106.83,288.582,290.474,-181.752,265.31,228.73523262177,1242.48999,1237.7999791428572,1225.1043335333334,0.0
2022-04-25,0.5,0.25,0.375,1.5,-1.125,98.54,2657.1298828125,4296.1201171875,27.020000457763672,101.75,106.83,288.582,290.474,-181.752,265.31,228.73523262177,1243.160034,1239.9528460000001,1225.9579996999998,0.05392751695327824
2022-04-26,0.5,0.25,0.375,1.5,-1.125,101.7,2668.31005859375,4175.2001953125,33.52000045776367,102.3000030517578,106.83,288.582,290.474,-181.752,265.31,228.73523262177,1249.209961,1241.9328438571429,1227.0133300999998,0.48665713460347426
2022-04-27,0.5,0.25,0.375,1.5,-1.125,102.02,2639.06005859375,4183.9599609375,31.600000381469727,102.9499969482422,106.83,288.582,290.474,-181.752,265.31,228.73523262177,1260.709961,1244.9485559999998,1228.2243286333332,0.9205818364427909
2022-04-28,0.5,0.25,0.375,1.5,-1.125,105.36,2667.489990234375,4287.5,29.989999771118164,103.62000274658205,106.83,288.582,290.474,-181.752,265.31,228.73523262177,1266.280029,1249.5471364285715,1229.6449951333334,0.44181994053429374
2022-04-29,0.5,0.25,0.375,1.5,-1.125,104.69,2695.050048828125,4131.93017578125,33.400001525878906,102.95999908447266,106.83,288.582,290.474,-181.752,265.31,228.73523262177,1272.290039,1253.8042862857144,1231.7503296,0.4746193466184767
2022-04-30,0.5,0.25,0.375,1.5,-1.125,104.69,2695.050048828125,4131.93017578125,33.400001525878906,102.95999908447266,106.83,288.582,290.474,-181.752,265.31,228.73523262177,1272.290039,1258.0614361428572,1233.8119995333332,0.0
2022-05-01,0.5,0.25,0.375,1.5,-1.125,104.69,2695.050048828125,4131.93017578125,33.400001525878906,102.95999908447266,107.5,291.299,292.039,-183.799,273.251,228.73523262177,1272.290039,1262.318586,1235.7383341666666,0.0
2022-05-02,0.5,0.25,0.375,1.5,-1.125,105.17,2687.449951171875,4155.3798828125,32.34000015258789,103.73999786376952,107.5,291.299,292.039,-183.799,273.251,228.73523262177,1262.530029,1265.0857281428573,1237.3393351333332,-0.7671214660826209
2022-05-03,0.5,0.25,0.375,1.5,-1.125,102.41,2680.4599609375,4175.47998046875,29.25,103.47000122070312,107.5,291.299,292.039,-183.799,273.251,228.73523262177,1266.75,1267.591448,1239.0810018,0.3342471785279022
2022-05-04,0.5,0.25,0.375,1.5,-1.125,107.81,2677.570068359375,4300.169921875,25.420000076293945,102.58999633789062,107.5,291.299,292.039,-183.799,273.251,228.73523262177,1261.060059,1267.641462,1240.4903361333336,-0.4491763173475549
2022-05-05,1.0,0.75,0.875,1.5,-0.625,108.26,2677.570068359375,4146.8701171875,31.200000762939453,103.75,107.5,291.299,292.039,-183.799,273.251,228.73523262177,1251.5,1265.5300292857141,1241.7436686666667,-0.758097041593786
2022-05-06,1.0,0.75,0.875,1.5,-0.625,109.77,2644.510009765625,4123.33984375,30.190000534057617,103.66000366210938,107.5,291.299,292.039,-183.799,273.251,228.73523262177,1268.699951,1265.0171595714287,1243.4086670333334,1.3743468637634981
2022-05-07,1.0,0.75,0.875,1.5,-0.625,109.77,2644.510009765625,4123.33984375,30.190000534057617,103.66000366210938,107.5,291.299,292.039,-183.799,273.251,228.73523262177,1268.699951,1264.504289857143,1245.1119995333333,0.0
2022-05-08,1.0,0.75,0.875,1.5,-0.625,109.77,2644.510009765625,4123.33984375,30.190000534057617,103.66000366210938,107.5,291.299,292.039,-183.799,273.251,228.73523262177,1268.699951,1263.9914201428571,1246.6466634333335,0.0
2022-05-09,1.0,0.75,0.875,1.5,-0.625,103.09,2644.510009765625,3991.239990234375,34.75,103.6500015258789,107.5,291.299,292.039,-183.799,273.251,228.73523262177,1270.130005,1265.077131,1248.2289958000001,0.11271806220791714
2022-05-10,1.0,0.75,0.875,1.5,-0.625,99.76,2596.56005859375,4001.050048828125,32.9900016784668,103.91999816894533,107.5,291.299,292.039,-183.799,273.251,228.73523262177,1274.859985,1266.2357002857145,1249.9689941666666,0.37240124879973635
2022-05-11,1.0,0.75,0.875,1.5,-0.625,105.71,2592.27001953125,3935.179931640625,32.560001373291016,103.8499984741211,107.5,291.299,292.039,-183.799,273.251,228.73523262177,1276.550049,1268.4485559999998,1251.5793294666666,0.13256859732717619
2022-05-12,1.0,0.75,0.875,1.5,-0.625,106.13,2550.080078125,3930.080078125,31.770000457763672,104.8499984741211,107.5,291.299,292.039,-183.799,273.251,228.73523262177,1278.150024,1272.2557022857143,1253.0159953,0.12533586139089614
2022-05-13,1.0,0.75,0.875,1.5,-0.625,110.49,2604.239990234375,4023.889892578125,28.8700008392334,104.55999755859376,107.5,291.299,292.039,-183.799,273.251,228.73523262177,1290.75,1275.4057092857142,1255.0876627666667,0.9857978925328359
2022-05-14,1.0,0.75,0.875,1.5,-0.625,110.49,2604.239990234375,4023.889892578125,28.8700008392334,104.55999755859376,107.5,291.299,292.039,-183.799,273.251,228.73523262177,1290.75,1278.5557162857144,1257.3419962666667,0.0
2022-05-15,1.0,0.75,0.875,1.5,-0.625,110.49,2604.239990234375,4023.889892578125,28.8700008392334,104.55999755859376,107.5,291.299,292.039,-183.799,273.251,228.73523262177,1290.75,1281.7057232857144,1259.3636637333332,0.0
2022-05-16,1.0,0.75,0.875,1.5,-0.625,114.2,2596.580078125,4008.010009765625,27.46999931335449,104.19000244140624,107.5,291.299,292.039,-183.799,273.251,228.73523262177,1277.569946,1282.7685720000002,1260.9459960666668,-1.0211159403447523
2022-05-17,1.0,0.75,0.875,1.5,-0.625,112.4,2620.43994140625,4088.85009765625,26.100000381469727,103.36000061035156,107.5,291.299,292.039,-183.799,273.251,228.73523262177,1279.849976,1283.4814278571428,1262.6043294,0.17846615812611155
2022-05-18,1.0,0.75,0.875,1.5,-0.625,109.59,2625.97998046875,3923.679931640625,30.959999084472656,103.80999755859376,107.5,291.299,292.039,-183.799,273.251,228.73523262177,1266.660034,1282.0685685714286,1263.8899983333333,-1.0305850097542923
2022-05-19,1.0,0.75,0.875,1.5,-0.625,112.21,2592.340087890625,3900.7900390625,29.350000381469727,102.72000122070312,107.5,291.299,292.039,-183.799,273.251,228.73523262177,1275.579956,1281.7014159999999,1265.2309976666666,0.7042080558768093
2022-05-20,1.0,0.75,0.875,1.5,-0.625,113.23,2639.2900390625,3901.360107421875,29.43000030517578,103.1500015258789,107.5,291.299,292.039,-183.799,273.251,228.73523262177,1263.550049,1277.8157087142858,1266.0293334333332,-0.9430931352765848
2022-05-21,1.0,0.75,0.875,1.5,-0.625,113.23,2639.2900390625,3901.360107421875,29.43000030517578,103.1500015258789,107.5,291.299,292.039,-183.799,273.251,228.73523262177,1263.550049,1273.9300014285714,1267.0113362000002,0.0
2022-05-22,1.0,0.75,0.875,1.5,-0.625,113.23,2639.2900390625,3901.360107421875,29.43000030517578,103.1500015258789,107.5,291.299,292.039,-183.799,273.251,228.73523262177,1263.550049,1270.044294142857,1267.7133381666667,0.0
2022-05-23,1.0,0.75,0.875,1.5,-0.625,110.29,2647.3798828125,3973.75,28.479999542236328,102.08000183105467,107.5,291.299,292.039,-183.799,273.251,228.73523262177,1273.209961,1269.4214391428573,1268.7373372,0.7645056883694545
2022-05-24,1.0,0.75,0.875,1.5,-0.625,109.77,2605.8701171875,3941.47998046875,29.450000762939453,101.86000061035156,107.5,291.299,292.039,-183.799,273.251,228.73523262177,1258.819946,1266.4171491428572,1269.2816690666666,-1.1302153957936212
2022-05-25,1.0,0.75,0.875,1.5,-0.625,110.33,2617.219970703125,3978.72998046875,28.3700008392334,102.05999755859376,107.5,291.299,292.039,-183.799,273.251,228.73523262177,1260.98999,1265.607142857143,1269.8760009333334,0.17238716362062423
2022-05-26,1.0,0.75,0.875,1.75,-0.875,114.09,2612.449951171875,4057.840087890625,27.5,101.83000183105467,107.5,291.299,292.039,-183.799,273.251,228.73523262177,1266.599976,1264.3242885714285,1270.4556681,0.44488743324599955
2022-05-27,1.0,0.75,0.875,1.75,-0.875,115.07,2638.050048828125,4158.240234375,25.71999931335449,101.66999816894533,107.5,291.299,292.039,-183.799,273.251,228.73523262177,1258.890015,1263.6585694285714,1270.3950032333335,-0.6087131806482904
2022-05-28,1.0,0.75,0.875,1.75,-0.875,115.07,2638.050048828125,4158.240234375,25.71999931335449,101.66999816894533,107.5,291.299,292.039,-183.799,273.251,228.73523262177,1258.890015,1262.9928502857144,1270.1486694333332,0.0
2022-05-29,1.0,0.75,0.875,1.75,-0.875,115.07,2638.050048828125,4158.240234375,25.71999931335449,101.66999816894533,107.5,291.299,292.039,-183.799,273.251,228.73523262177,1258.890015,1262.3271311428573,1269.7020019666668,0.0
2022-05-30,1.0,0.75,0.875,1.75,-0.875,115.07,2669.659912109375,4158.240234375,25.71999931335449,101.66999816894533,107.5,291.299,292.039,-183.799,273.251,228.73523262177,1251.589966,1259.2385604285714,1269.0119995333334,-0.5798798078480272
2022-05-31,1.0,0.75,0.875,1.75,-0.875,114.67,2685.89990234375,4132.14990234375,26.190000534057617,101.75,107.5,291.299,292.039,-183.799,273.251,228.73523262177,1236.170044,1256.0028601428571,1267.8079997,-1.2320266556052006
2022-06-01,1.0,0.75,0.875,1.75,-0.875,115.26,2685.89990234375,4101.22998046875,25.690000534057617,102.5500030517578,108.21,295.072,294.009,-186.862,280.251,228.73523262177,1241.73999,1253.2528601428571,1267.1149984,0.4505808911188902
2022-06-02,1.0,0.75,0.875,1.75,-0.875,116.87,2658.989990234375,4176.81982421875,24.71999931335449,101.7699966430664,108.21,295.072,294.009,-186.862,280.251,228.73523262177,1246.949951,1250.4457137142858,1266.4549967666667,0.4195693979381243
2022-06-03,1.0,0.75,0.875,1.75,-0.875,118.87,2670.64990234375,4108.5400390625,24.790000915527344,102.13999938964844,108.21,295.072,294.009,-186.862,280.251,228.73523262177,1240.839966,1247.8671352857143,1265.7809936666667,-0.48999440555734797
2022-06-04,1.0,0.75,0.875,1.75,-0.875,118.87,2670.64990234375,4108.5400390625,24.790000915527344,102.13999938964844,108.21,295.072,294.009,-186.862,280.251,228.73523262177,1240.839966,1245.288556857143,1265.4256592,0.0
2022-06-05,1.0,0.75,0.875,1.75,-0.875,118.87,2670.64990234375,4108.5400390625,24.790000915527344,102.13999938964844,108.21,295.072,294.009,-186.862,280.251,228.73523262177,1240.839966,1242.7099784285713,1264.4969930333332,0.0
2022-06-06,1.0,0.75,0.875,1.75,-0.875,118.5,2670.64990234375,4121.43017578125,25.06999969482422,102.44000244140624,108.21,295.072,294.009,-186.862,280.251,228.73523262177,1250.530029,1242.5585588571428,1263.8913289666666,0.7809276994225955
2022-06-07,1.0,0.75,0.875,1.75,-0.875,119.41,2626.340087890625,4160.68017578125,24.020000457763672,102.31999969482422,108.21,295.072,294.009,-186.862,280.251,228.73523262177,1254.47998,1245.174264,1263.4173299333333,0.3158621471216261
2022-06-08,1.0,0.75,0.875,1.75,-0.875,122.11,2626.14990234375,4115.77001953125,23.959999084472656,102.54000091552734,108.21,295.072,294.009,-186.862,280.251,228.73523262177,1254.579956,1247.0085448571429,1262.8989949666668,0.00796951737722651
2022-06-09,1.0,0.75,0.875,1.75,-0.875,121.51,2625.43994140625,4017.820068359375,26.09000015258789,103.22000122070312,108.21,295.072,294.009,-186.862,280.251,228.73523262177,1256.73999,1248.4071218571428,1262.2949951333333,0.1721718882618628
2022-06-10,1.0,0.75,0.875,1.75,-0.875,120.67,2595.8701171875,3900.860107421875,27.75,104.1500015258789,108.21,295.072,294.009,-186.862,280.251,228.73523262177,1264.02002,1251.718558142857,1261.8773274999999,0.5792789326294789
2022-06-11,1.0,0.75,0.875,1.75,-0.875,120.67,2595.8701171875,3900.860107421875,27.75,104.1500015258789,108.21,295.072,294.009,-186.862,280.251,228.73523262177,1264.02002,1255.0299944285714,1261.4063273666666,0.0
2022-06-12,1.0,0.75,0.875,1.75,-0.875,120.67,2595.8701171875,3900.860107421875,27.75,104.1500015258789,108.21,295.072,294.009,-186.862,280.251,228.73523262177,1264.02002,1258.341430714286,1260.5153280333334,0.0
2022-06-13,1.0,0.75,0.875,1.75,-0.875,120.93,2504.510009765625,3749.6298828125,34.02000045776367,105.08000183105467,108.21,295.072,294.009,-186.862,280.251,228.73523262177,1278.280029,1262.3057164285715,1260.0996623333335,1.1281474007033498
2022-06-14,1.0,0.75,0.875,1.75,-0.875,118.93,2492.969970703125,3735.47998046875,32.689998626708984,105.5199966430664,108.21,295.072,294.009,-186.862,280.251,228.73523262177,1291.800049,1267.6371548571428,1260.1346639666667,1.057672786343744
2022-06-15,1.0,0.75,0.875,1.75,-0.875,115.31,2447.3798828125,3789.989990234375,29.6200008392334,105.16000366210938,108.21,295.072,294.009,-186.862,280.251,228.73523262177,1289.47998,1272.6228725714286,1260.5316650999998,-0.17959969902431316
2022-06-16,1.75,1.5,1.625,1.75,-0.125,117.59,2451.409912109375,3666.77001953125,32.95000076293945,103.62999725341795,108.21,295.072,294.009,-186.862,280.251,228.73523262177,1278.160034,1275.6828788571427,1260.4753337,-0.8778690771143349
2022-06-17,1.75,1.5,1.625,1.75,-0.125,109.56,2440.929931640625,3674.840087890625,31.1299991607666,104.6999969482422,108.21,295.072,294.009,-186.862,280.251,228.73523262177,1288.180054,1279.1343122857143,1261.1926677000001,0.7839409568019651
2022-06-18,1.75,1.5,1.625,1.75,-0.125,109.56,2440.929931640625,3674.840087890625,31.1299991607666,104.6999969482422,108.21,295.072,294.009,-186.862,280.251,228.73523262177,1288.180054,1282.5857457142858,1261.6126709666667,0.0
2022-06-19,1.75,1.5,1.625,1.75,-0.125,109.56,2440.929931640625,3674.840087890625,31.1299991607666,104.6999969482422,108.21,295.072,294.009,-186.862,280.251,228.73523262177,1288.180054,1286.0371791428572,1262.4336711333335,0.0
2022-06-20,1.75,1.5,1.625,1.75,-0.125,109.56,2391.030029296875,3674.840087890625,31.1299991607666,104.6999969482422,108.21,295.072,294.009,-186.862,280.251,228.73523262177,1290.5,1287.7828892857142,1263.3320028333333,0.18009485496970346
2022-06-21,1.75,1.5,1.625,1.75,-0.125,110.65,2408.929931640625,3764.7900390625,30.190000534057617,104.44000244140624,108.21,295.072,294.009,-186.862,280.251,228.73523262177,1292.380005,1287.8657401428572,1264.2930013666667,0.14568035645099453
2022-06-22,1.75,1.5,1.625,1.75,-0.125,106.19,2342.81005859375,3759.889892578125,28.950000762939453,104.1999969482422,108.21,295.072,294.009,-186.862,280.251,228.73523262177,1291.599976,1288.1685967142857,1264.9060018666667,-0.06035600960879739
2022-06-23,1.75,1.5,1.625,1.75,-0.125,104.27,2314.320068359375,3795.72998046875,29.049999237060547,104.43000030517578,108.21,295.072,294.009,-186.862,280.251,228.73523262177,1297.680054,1290.957171,1266.2013388000003,0.47074002113483004
2022-06-24,1.75,1.5,1.625,1.75,-0.125,107.62,2366.60009765625,3911.739990234375,27.229999542236328,104.19000244140624,108.21,295.072,294.009,-186.862,280.251,228.73523262177,1299.810059,1292.6186002857141,1267.4953411,0.16413945744442326
2022-06-25,1.75,1.5,1.625,1.75,-0.125,107.62,2366.60009765625,3911.739990234375,27.229999542236328,104.19000244140624,108.21,295.072,294.009,-186.862,280.251,228.73523262177,1299.810059,1294.2800295714285,1268.6023438666668,0.0
2022-06-26,1.75,1.5,1.625,1.75,-0.125,107.62,2366.60009765625,3911.739990234375,27.229999542236328,104.19000244140624,108.21,295.072,294.009,-186.862,280.251,228.73523262177,1299.810059,1295.9414588571428,1269.9663453333333,0.0
2022-06-27,1.75,1.5,1.625,1.75,-0.125,109.57,2401.919921875,3900.110107421875,26.950000762939453,103.94000244140624,108.21,295.072,294.009,-186.862,280.251,228.73523262177,1288.290039,1295.625750142857,1270.9463461333332,-0.8862848783354416
2022-06-28,1.75,1.5,1.625,1.75,-0.125,111.76,2422.090087890625,3821.550048828125,28.36000061035156,104.51000213623048,108.21,295.072,294.009,-186.862,280.251,228.73523262177,1286.199951,1294.7428852857142,1271.8566773333332,-0.16223737952847372
2022-06-29,1.75,1.5,1.625,1.75,-0.125,109.78,2377.989990234375,3818.830078125,28.15999984741211,105.11000061035156,108.21,295.072,294.009,-186.862,280.251,228.73523262177,1292.030029,1294.8043214285715,1273.2046794333332,0.4532792895433735
2022-06-30,1.75,1.5,1.625,1.75,-0.125,105.76,2332.639892578125,3785.3798828125,28.709999084472656,104.69000244140624,108.21,295.072,294.009,-186.862,280.251,228.73523262177,1301.72998,1295.3828822857142,1275.3900106333333,0.7507527520476787
2022-07-01,1.75,1.5,1.625,1.75,-0.125,108.43,2305.419921875,3825.330078125,26.700000762939453,105.13999938964844,108.73,294.94,295.08,-186.21,272.274,230.461208164273,1287.709961,1293.6542968571428,1276.9223429999997,-1.0770297385330307
2022-07-02,1.75,1.5,1.625,1.75,-0.125,108.43,2305.419921875,3825.330078125,26.700000762939453,105.13999938964844,108.73,294.94,295.08,-186.21,272.274,230.461208164273,1287.709961,1291.9257114285715,1278.28101,0.0
2022-07-03,1.75,1.5,1.625,1.75,-0.125,108.43,2305.419921875,3825.330078125,26.700000762939453,105.13999938964844,108.73,294.94,295.08,-186.21,272.274,230.461208164273,1287.709961,1290.1971260000003,1279.8433431666667,0.0
2022-07-04,1.75,1.5,1.625,1.75,-0.125,108.43,2300.340087890625,3825.330078125,26.700000762939453,105.13999938964844,108.73,294.94,295.08,-186.21,272.274,230.461208164273,1297.890015,1291.5685511428571,1281.745011466667,0.7905548848977206
2022-07-05,1.75,1.5,1.625,1.75,-0.125,99.5,2341.780029296875,3831.389892578125,27.540000915527344,106.5,108.73,294.94,295.08,-186.21,272.274,230.461208164273,1295.680054,1292.9228515714287,1283.5730144000001,-0.17027336480434085
2022-07-06,1.75,1.5,1.625,1.75,-0.125,98.53,2292.010009765625,3845.080078125,26.729999542236328,107.0999984741211,108.73,294.94,295.08,-186.21,272.274,230.461208164273,1308.660034,1295.2985665714284,1285.5106812333333,1.0017889802292235
2022-07-07,1.75,1.5,1.625,1.75,-0.125,102.73,2334.27001953125,3902.6201171875,26.07999992370605,107.12999725341795,108.73,294.94,295.08,-186.21,272.274,230.461208164273,1304.849976,1295.7442802857145,1287.1896811,-0.29114192387723614
2022-07-08,1.75,1.5,1.625,1.75,-0.125,104.79,2350.610107421875,3899.3798828125,24.63999938964844,107.01000213623048,108.73,294.94,295.08,-186.21,272.274,230.461208164273,1297.650024,1297.1642892857142,1288.6253500333332,-0.5517838933538743
2022-07-09,1.75,1.5,1.625,1.75,-0.125,104.79,2350.610107421875,3899.3798828125,24.63999938964844,107.01000213623048,108.73,294.94,295.08,-186.21,272.274,230.461208164273,1297.650024,1298.584298285714,1289.9890178333335,0.0
2022-07-10,1.75,1.5,1.625,1.75,-0.125,104.79,2350.610107421875,3899.3798828125,24.63999938964844,107.01000213623048,108.73,294.94,295.08,-186.21,272.274,230.461208164273,1297.650024,1300.004307285714,1291.1100179666666,0.0
2022-07-11,1.75,1.5,1.625,1.75,-0.125,104.09,2340.27001953125,3854.429931640625,26.170000076293945,108.0199966430664,108.73,294.94,295.08,-186.21,272.274,230.461208164273,1293.790039,1299.4185964285714,1292.1023519333332,-0.29745963307592493
2022-07-12,1.75,1.5,1.625,1.75,-0.125,95.84,2317.760009765625,3818.800048828125,27.290000915527344,108.06999969482422,108.73,294.94,295.08,-186.21,272.274,230.461208164273,1310.859985,1301.587158,1293.6636841,1.3193752838902562
2022-07-13,1.75,1.5,1.625,2.25,-0.625,96.3,2328.610107421875,3801.780029296875,26.81999969482422,107.95999908447266,108.73,294.94,295.08,-186.21,272.274,230.461208164273,1305.829956,1301.1828611428573,1294.582015,-0.38371977614375385
2022-07-14,1.75,1.5,1.625,2.25,-0.625,95.78,2322.320068359375,3790.3798828125,26.39999961853028,108.54000091552734,108.73,294.94,295.08,-186.21,272.274,230.461208164273,1304.849976,1301.1828611428573,1295.0170125666666,-0.07504652466404638
2022-07-15,1.75,1.5,1.625,2.25,-0.625,97.59,2330.97998046875,3863.159912109375,24.229999542236328,108.05999755859376,108.73,294.94,295.08,-186.21,272.274,230.461208164273,1316.180054,1303.8300082857143,1295.9070150333334,0.8683050318728736
2022-07-16,1.75,1.5,1.625,2.25,-0.625,97.59,2330.97998046875,3863.159912109375,24.229999542236328,108.05999755859376,108.73,294.94,295.08,-186.21,272.274,230.461208164273,1316.180054,1306.4771554285712,1297.1743490333333,0.0
2022-07-17,1.75,1.5,1.625,2.25,-0.625,97.59,2330.97998046875,3863.159912109375,24.229999542236328,108.05999755859376,108.73,294.94,295.08,-186.21,272.274,230.461208164273,1316.180054,1309.1243025714284,1298.1076823666665,0.0
2022-07-18,1.75,1.5,1.625,2.25,-0.625,102.6,2375.25,3830.85009765625,25.299999237060547,107.37000274658205,108.73,294.94,295.08,-186.21,272.274,230.461208164273,1318.119995,1312.6000105714286,1299.1056804,0.14739176407547738
2022-07-19,1.75,1.5,1.625,2.25,-0.625,104.22,2370.969970703125,3936.68994140625,24.5,106.68000030517578,108.73,294.94,295.08,-186.21,272.274,230.461208164273,1318.910034,1313.7500175714285,1300.1300130666666,0.05993680416023217
2022-07-20,1.75,1.5,1.625,2.25,-0.625,102.26,2386.85009765625,3959.89990234375,23.8799991607666,107.08000183105467,108.73,294.94,295.08,-186.21,272.274,230.461208164273,1305.5,1313.702881,1300.6300130666666,-1.0167512305088722
2022-07-21,1.75,1.5,1.625,2.25,-0.625,96.35,2409.159912109375,3998.949951171875,23.11000061035156,106.91000366210938,108.73,294.94,295.08,-186.21,272.274,230.461208164273,1312.869995,1314.848598,1301.3130127333332,0.5645342780543849
2022-07-22,1.75,1.5,1.625,2.25,-0.625,94.7,2393.139892578125,3961.6298828125,23.030000686645508,106.7300033569336,108.73,294.94,295.08,-186.21,272.274,230.461208164273,1306.849976,1313.5157297142857,1301.8213460666666,-0.4585388517467037
2022-07-23,1.75,1.5,1.625,2.25,-0.625,94.7,2393.139892578125,3961.6298828125,23.030000686645508,106.7300033569336,108.73,294.94,295.08,-186.21,272.274,230.461208164273,1306.849976,1312.1828614285714,1302.1270101333332,0.0
2022-07-24,1.75,1.5,1.625,2.25,-0.625,94.7,2393.139892578125,3961.6298828125,23.030000686645508,106.7300033569336,108.73,294.94,295.08,-186.21,272.274,230.461208164273,1306.849976,1310.849993142857,1302.3616740333334,0.0
2022-07-25,1.75,1.5,1.625,2.25,-0.625,96.7,2403.68994140625,3966.840087890625,23.36000061035156,106.4800033569336,108.73,294.94,295.08,-186.21,272.274,230.461208164273,1309.319946,1309.5928432857143,1302.6786702666666,0.18900180168806013
2022-07-26,1.75,1.5,1.625,2.25,-0.625,94.98,2412.9599609375,3921.050048828125,24.690000534057617,107.19000244140624,108.73,294.94,295.08,-186.21,272.274,230.461208164273,1310.400024,1308.3771275714284,1303.0316691,0.08249152571910834
2022-07-27,1.75,1.5,1.625,2.25,-0.625,97.26,2415.530029296875,4023.610107421875,23.239999771118164,106.4499969482422,108.73,294.94,295.08,-186.21,272.274,230.461208164273,1310.900024,1309.1485595714287,1303.7853352666668,0.038156287457447036
2022-07-28,2.5,2.25,2.375,2.25,0.125,96.42,2435.27001953125,4072.429931640625,22.32999992370605,106.3499984741211,108.73,294.94,295.08,-186.21,272.274,230.461208164273,1305.949951,1308.1599818571428,1304.4436686000001,-0.37760873517231897
2022-07-29,2.5,2.25,2.375,2.25,0.125,98.62,2451.5,4130.2900390625,21.32999992370605,105.9000015258789,108.73,294.94,295.08,-186.21,272.274,230.461208164273,1295.150024,1306.4885601428573,1304.5476684333332,-0.8269786289842318
2022-07-30,2.5,2.25,2.375,2.25,0.125,98.62,2451.5,4130.2900390625,21.32999992370605,105.9000015258789,108.73,294.94,295.08,-186.21,272.274,230.461208164273,1295.150024,1304.8171384285718,1304.3283365666668,0.0
2022-07-31,2.5,2.25,2.375,2.25,0.125,98.62,2451.5,4130.2900390625,21.32999992370605,105.9000015258789,108.73,294.94,295.08,-186.21,272.274,230.461208164273,1295.150024,1303.1457167142858,1304.5763386666667,0.0
2022-08-01,2.5,2.25,2.375,2.25,0.125,93.89,2452.25,4118.6298828125,22.84000015258789,105.4499969482422,108.63,295.162,296.582,-186.532,269.546,230.461208164273,1302.280029,1302.1400142857144,1305.0620076000002,0.5505157601726651
2022-08-02,2.5,2.25,2.375,2.25,0.125,94.42,2439.6201171875,4091.18994140625,23.93000030517578,106.23999786376952,108.63,295.162,296.582,-186.532,269.546,230.461208164273,1306.75,1301.6185822857144,1305.6966755666667,0.3432419218954319
2022-08-03,2.5,2.25,2.375,2.25,0.125,90.66,2461.449951171875,4155.169921875,21.950000762939453,106.51000213623048,108.63,295.162,296.582,-186.532,269.546,230.461208164273,1314.630005,1302.1514367142856,1306.2546752333335,0.6030231490338656
2022-08-04,2.5,2.25,2.375,2.25,0.125,88.54,2473.110107421875,4151.93994140625,21.440000534057617,105.69000244140624,108.63,295.162,296.582,-186.532,269.546,230.461208164273,1307.380005,1302.355730142857,1306.6446736,-0.5514859673387718
2022-08-05,2.5,2.25,2.375,2.25,0.125,89.01,2490.800048828125,4145.18994140625,21.14999961853028,106.62000274658205,108.63,295.162,296.582,-186.532,269.546,230.461208164273,1302.079956,1303.3457204285714,1306.4253376666668,-0.4053946809443487
2022-08-06,2.5,2.25,2.375,2.25,0.125,89.01,2490.800048828125,4145.18994140625,21.14999961853028,106.62000274658205,108.63,295.162,296.582,-186.532,269.546,230.461208164273,1302.079956,1304.3357107142858,1306.3330036666666,0.0
2022-08-07,2.5,2.25,2.375,2.25,0.125,89.01,2490.800048828125,4145.18994140625,21.14999961853028,106.62000274658205,108.63,295.162,296.582,-186.532,269.546,230.461208164273,1302.079956,1305.325701,1306.4806680666666,0.0
2022-08-08,2.5,2.25,2.375,2.25,0.125,90.76,2493.10009765625,4140.06005859375,21.290000915527344,106.44000244140624,108.63,295.162,296.582,-186.532,269.546,230.461208164273,1302.73999,1305.3914097142858,1306.6503335999998,0.050690742681247514
2022-08-09,2.5,2.25,2.375,2.25,0.125,90.5,2503.4599609375,4122.47021484375,21.770000457763672,106.37000274658205,108.63,295.162,296.582,-186.532,269.546,230.461208164273,1299.030029,1304.2885567142857,1306.6963337666668,-0.2847813860385129
2022-08-10,2.5,2.25,2.375,2.25,0.125,91.93,2480.8798828125,4210.240234375,19.739999771118164,105.1999969482422,108.63,295.162,296.582,-186.532,269.546,230.461208164273,1307.560059,1303.2785644285716,1307.1553344333333,0.6566460982096345
2022-08-11,2.5,2.25,2.375,2.25,0.125,94.34,2523.780029296875,4207.27001953125,20.200000762939453,105.08999633789062,108.63,295.162,296.582,-186.532,269.546,230.461208164273,1296.699951,1301.7528424285715,1306.6833333,-0.8305628430028245
2022-08-12,2.5,2.25,2.375,2.25,0.125,92.09,2527.93994140625,4280.14990234375,19.530000686645508,105.62999725341795,108.63,295.162,296.582,-186.532,269.546,230.461208164273,1306.829956,1302.4314138571428,1306.7166666333333,0.781214265658603
2022-08-13,2.5,2.25,2.375,2.25,0.125,92.09,2527.93994140625,4280.14990234375,19.530000686645508,105.62999725341795,108.63,295.162,296.582,-186.532,269.546,230.461208164273,1306.829956,1303.1099852857144,1306.7826659666669,0.0
2022-08-14,2.5,2.25,2.375,2.25,0.125,92.09,2527.93994140625,4280.14990234375,19.530000686645508,105.62999725341795,108.63,295.162,296.582,-186.532,269.546,230.461208164273,1306.829956,1303.7885567142857,1306.4709960333332,0.0
2022-08-15,2.5,2.25,2.375,2.25,0.125,89.41,2527.93994140625,4297.14013671875,19.950000762939453,106.5500030517578,108.63,295.162,296.582,-186.532,269.546,230.461208164273,1301.380005,1303.5942731428572,1305.9776610666668,-0.4170359712813321
2022-08-16,2.5,2.25,2.375,2.25,0.125,86.53,2533.52001953125,4305.2001953125,19.690000534057617,106.5,108.63,295.162,296.582,-186.532,269.546,230.461208164273,1313.180054,1305.6157052857143,1305.8776610666669,0.9067335409076005
2022-08-17,2.5,2.25,2.375,2.25,0.125,88.11,2516.469970703125,4274.0400390625,19.89999961853028,106.56999969482422,108.63,295.162,296.582,-186.532,269.546,230.461208164273,1311.0,1306.1071254285714,1305.6403279,-0.16601333483244884
2022-08-18,2.5,2.25,2.375,2.25,0.125,90.5,2508.050048828125,4283.740234375,19.559999465942383,107.4800033569336,108.63,295.162,296.582,-186.532,269.546,230.461208164273,1314.829956,1308.697126142857,1305.5043253000001,0.2921400457665868
2022-08-19,2.5,2.25,2.375,2.25,0.125,90.77,2492.68994140625,4228.47998046875,20.600000381469727,108.16999816894533,108.63,295.162,296.582,-186.532,269.546,230.461208164273,1326.910034,1311.5657087142858,1306.2179931,0.9187559155368064
2022-08-20,2.5,2.25,2.375,2.25,0.125,90.77,2492.68994140625,4228.47998046875,20.600000381469727,108.16999816894533,108.63,295.162,296.582,-186.532,269.546,230.461208164273,1326.910034,1314.4342912857142,1306.6859944,0.0
2022-08-21,2.5,2.25,2.375,2.25,0.125,90.77,2492.68994140625,4228.47998046875,20.600000381469727,108.16999816894533,108.63,295.162,296.582,-186.532,269.546,230.461208164273,1326.910034,1317.302873857143,1307.3546630000003,0.0
2022-08-22,2.5,2.25,2.375,2.25,0.125,90.23,2462.5,4137.990234375,23.799999237060547,109.0500030517578,108.63,295.162,296.582,-186.532,269.546,230.461208164273,1334.859985,1322.0857281428569,1308.2883299666667,0.599132631172794
2022-08-23,2.5,2.25,2.375,2.25,0.125,93.74,2435.340087890625,4128.72998046875,24.11000061035156,108.62000274658205,108.63,295.162,296.582,-186.532,269.546,230.461208164273,1343.359985,1326.397146857143,1309.5053302666668,0.6367709044780456
2022-08-24,2.5,2.25,2.375,2.25,0.125,94.89,2447.449951171875,4140.77001953125,22.81999969482422,108.68000030517578,108.63,295.162,296.582,-186.532,269.546,230.461208164273,1339.079956,1330.4085691428572,1310.4973306,-0.3186062595127881
2022-08-25,2.5,2.25,2.375,2.5,-0.125,92.52,2477.260009765625,4199.1201171875,21.780000686645508,108.47000122070312,108.63,295.162,296.582,-186.532,269.546,230.461208164273,1340.0,1334.004289714286,1311.483996466667,0.06870717434590556
2022-08-26,2.5,2.25,2.375,2.5,-0.125,93.06,2481.030029296875,4057.659912109375,25.559999465942383,108.8000030517578,108.63,295.162,296.582,-186.532,269.546,230.461208164273,1334.439941,1335.079990714286,1312.2686603666666,-0.4149297761193993
2022-08-27,2.5,2.25,2.375,2.5,-0.125,93.06,2481.030029296875,4057.659912109375,25.559999465942383,108.8000030517578,108.63,295.162,296.582,-186.532,269.546,230.461208164273,1334.439941,1336.1556917142857,1313.2183267,0.0
2022-08-28,2.5,2.25,2.375,2.5,-0.125,93.06,2481.030029296875,4057.659912109375,25.559999465942383,108.8000030517578,108.63,295.162,296.582,-186.532,269.546,230.461208164273,1334.439941,1337.231392714286,1314.5279906,0.0
2022-08-29,2.5,2.25,2.375,2.5,-0.125,97.01,2426.889892578125,4030.610107421875,26.209999084472656,108.83999633789062,108.63,295.162,296.582,-186.532,269.546,230.461208164273,1341.180054,1338.134259714286,1316.0623249333332,0.5050892732533896
2022-08-30,2.5,2.25,2.375,2.5,-0.125,91.64,2450.929931640625,3986.159912109375,26.209999084472656,108.7699966430664,108.63,295.162,296.582,-186.532,269.546,230.461208164273,1345.72998,1338.4728304285713,1317.7483234666665,0.3392479620040634
2022-08-31,2.5,2.25,2.375,2.5,-0.125,89.55,2472.050048828125,3955.0,25.8700008392334,108.6999969482422,108.63,295.162,296.582,-186.532,269.546,230.461208164273,1350.189941,1340.0599711428572,1319.345320533333,0.33141574210897584
2022-09-01,2.5,2.25,2.375,2.5,-0.125,86.61,2415.610107421875,3966.85009765625,25.559999465942383,109.69000244140624,108.82,296.421,298.281,-187.601,267.898,230.461208164273,1342.26001,1340.382829714286,1320.5289875333335,-0.5873196621600463
2022-09-02,2.5,2.25,2.375,2.5,-0.125,86.87,2409.409912109375,3924.260009765625,25.46999931335449,109.52999877929688,108.82,296.421,298.281,-187.601,267.898,230.461208164273,1355.099976,1343.3342632857143,1321.8779865666666,0.9565930523401267
2022-09-03,2.5,2.25,2.375,2.5,-0.125,86.87,2409.409912109375,3924.260009765625,25.46999931335449,109.52999877929688,108.82,296.421,298.281,-187.601,267.898,230.461208164273,1355.099976,1346.2856968571427,1323.4686522666666,0.0
2022-09-04,2.5,2.25,2.375,2.5,-0.125,86.87,2409.409912109375,3924.260009765625,25.46999931335449,109.52999877929688,108.82,296.421,298.281,-187.601,267.898,230.461208164273,1355.099976,1349.2371304285714,1325.2359862666667,0.0
2022-09-05,2.5,2.25,2.375,2.5,-0.125,86.87,2403.679931640625,3924.260009765625,25.46999931335449,109.52999877929688,108.82,296.421,298.281,-187.601,267.898,230.461208164273,1361.51001,1352.1414098571427,1327.2169880666668,0.47303033824273033
2022-09-06,2.5,2.25,2.375,2.5,-0.125,86.88,2410.02001953125,3908.18994140625,26.90999984741211,110.20999908447266,108.82,296.421,298.281,-187.601,267.898,230.461208164273,1361.810059,1354.438564,1329.2079915,0.022037957693754606
2022-09-07,2.5,2.25,2.375,2.5,-0.125,81.94,2376.4599609375,3979.8701171875,24.63999938964844,109.83999633789062,108.82,296.421,298.281,-187.601,267.898,230.461208164273,1378.109985,1358.4271417142857,1331.7203246666666,1.1969309443909948
2022-09-08,2.5,2.25,2.375,2.5,-0.125,83.54,2384.280029296875,4006.179931640625,23.61000061035156,109.70999908447266,108.82,296.421,298.281,-187.601,267.898,230.461208164273,1374.310059,1363.0057201428572,1334.229659,-0.27573459603081885
2022-09-09,2.5,2.25,2.375,2.5,-0.125,86.79,2384.280029296875,4067.360107421875,22.790000915527344,109.0,108.82,296.421,298.281,-187.601,267.898,230.461208164273,1383.0,1366.991437857143,1336.7443237000002,0.6323129881129708
2022-09-10,2.5,2.25,2.375,2.5,-0.125,86.79,2384.280029296875,4067.360107421875,22.790000915527344,109.0,108.82,296.421,298.281,-187.601,267.898,230.461208164273,1383.0,1370.9771555714287,1339.6209920000001,0.0
2022-09-11,2.5,2.25,2.375,2.5,-0.125,86.79,2384.280029296875,4067.360107421875,22.790000915527344,109.0,108.82,296.421,298.281,-187.601,267.898,230.461208164273,1383.0,1374.9628732857143,1342.1599934666667,0.0
2022-09-12,2.5,2.25,2.375,2.5,-0.125,87.78,2384.280029296875,4110.41015625,23.8700008392334,108.33000183105467,108.82,296.421,298.281,-187.601,267.898,230.461208164273,1379.060059,1377.4700231428571,1344.5676635666666,-0.2848836587129533
2022-09-13,2.5,2.25,2.375,2.5,-0.125,87.31,2449.5400390625,3932.68994140625,27.270000457763672,109.81999969482422,108.82,296.421,298.281,-187.601,267.898,230.461208164273,1375.810059,1379.4700231428571,1346.8670003333334,-0.2356677636184079
2022-09-14,2.5,2.25,2.375,2.5,-0.125,88.48,2411.419921875,3946.010009765625,26.15999984741211,109.66000366210938,108.82,296.421,298.281,-187.601,267.898,230.461208164273,1393.469971,1381.6643068571427,1349.9366658666665,1.2836010235915962
2022-09-15,2.5,2.25,2.375,2.5,-0.125,85.1,2401.830078125,3901.35009765625,26.270000457763672,109.73999786376952,108.82,296.421,298.281,-187.601,267.898,230.461208164273,1391.180054,1384.074306142857,1352.5366658666667,-0.1643319947796762
2022-09-16,2.5,2.25,2.375,2.5,-0.125,85.11,2382.780029296875,3873.330078125,26.299999237060547,109.76000213623048,108.82,296.421,298.281,-187.601,267.898,230.461208164273,1398.630005,1386.3071639999998,1355.4576660333332,0.5355130688209364
2022-09-17,2.5,2.25,2.375,2.5,-0.125,85.11,2382.780029296875,3873.330078125,26.299999237060547,109.76000213623048,108.82,296.421,298.281,-187.601,267.898,230.461208164273,1398.630005,1388.5400218571428,1358.251001,0.0
2022-09-18,2.5,2.25,2.375,2.5,-0.125,85.11,2382.780029296875,3873.330078125,26.299999237060547,109.76000213623048,108.82,296.421,298.281,-187.601,267.898,230.461208164273,1398.630005,1390.7728797142856,1360.6416667,0.0
2022-09-19,2.5,2.25,2.375,2.5,-0.125,85.73,2355.659912109375,3899.889892578125,25.76000022888184,109.73999786376952,108.82,296.421,298.281,-187.601,267.898,230.461208164273,1385.22998,1391.6542969999998,1362.5856649,-0.9580821912940407
2022-09-20,2.5,2.25,2.375,2.5,-0.125,84.45,2367.85009765625,3855.929931640625,27.15999984741211,110.22000122070312,108.82,296.421,298.281,-187.601,267.898,230.461208164273,1390.109985,1393.6971435714288,1364.6923299333332,0.3522884337227472
2022-09-21,2.5,2.25,2.375,2.5,-0.125,82.94,2347.2099609375,3789.929931640625,27.989999771118164,110.63999938964844,108.82,296.421,298.281,-187.601,267.898,230.461208164273,1392.51001,1393.5600062857143,1366.6139974333335,0.17265000797759278
2022-09-22,3.25,3.0,3.125,2.5,0.625,83.49,2332.31005859375,3757.989990234375,27.350000381469727,111.3499984741211,108.82,296.421,298.281,-187.601,267.898,230.461208164273,1397.560059,1394.4714355714284,1368.4206665666668,0.3626580034422844
2022-09-23,3.25,3.0,3.125,2.5,0.625,78.74,2290.0,3693.22998046875,29.920000076293945,113.19000244140624,108.82,296.421,298.281,-187.601,267.898,230.461208164273,1403.660034,1395.1900111428572,1370.5733358333334,0.4364731920261766
2022-09-24,3.25,3.0,3.125,2.5,0.625,78.74,2290.0,3693.22998046875,29.920000076293945,113.19000244140624,108.82,296.421,298.281,-187.601,267.898,230.461208164273,1403.660034,1395.9085867142858,1372.6953369666667,0.0
2022-09-25,3.25,3.0,3.125,2.5,0.625,78.74,2290.0,3693.22998046875,29.920000076293945,113.19000244140624,108.82,296.421,298.281,-187.601,267.898,230.461208164273,1403.660034,1396.6271622857143,1375.0026733999998,0.0
2022-09-26,3.25,3.0,3.125,2.5,0.625,76.71,2220.93994140625,3655.0400390625,32.2599983215332,114.0999984741211,108.82,296.421,298.281,-187.601,267.898,230.461208164273,1421.810059,1401.852887857143,1377.9150106666666,1.2930499237965742
2022-09-27,3.25,3.0,3.125,2.5,0.625,78.5,2223.860107421875,3647.2900390625,32.599998474121094,114.11000061035156,108.82,296.421,298.281,-187.601,267.898,230.461208164273,1429.77002,1407.5186071428568,1381.0926799666665,0.5598470027422975
2022-09-28,3.25,3.0,3.125,2.5,0.625,82.15,2169.2900390625,3719.0400390625,30.18000030517578,112.5999984741211,108.82,296.421,298.281,-187.601,267.898,230.461208164273,1426.26001,1412.3400357142855,1383.9286785000002,-0.24549472648754955
2022-09-29,3.25,3.0,3.125,2.5,0.625,81.23,2170.929931640625,3640.469970703125,31.84000015258789,112.25,108.82,296.421,298.281,-187.601,267.898,230.461208164273,1421.949951,1415.824306,1386.4693441999998,-0.3021930762820646
2022-09-30,3.25,3.0,3.125,2.5,0.625,79.49,2155.489990234375,3585.6201171875,31.6200008392334,112.12000274658205,108.82,296.421,298.281,-187.601,267.898,230.461208164273,1430.170044,1419.6114502857142,1389.1353476333336,0.5780859582448006
2022-10-01,3.25,3.0,3.125,2.5,0.625,79.49,2155.489990234375,3585.6201171875,31.6200008392334,112.12000274658205,109.16,297.979,299.381,-188.819,265.061,192.598951685629,1430.170044,1423.3985945714285,1392.0656821,0.0
2022-10-02,3.25,3.0,3.125,2.5,0.625,79.49,2155.489990234375,3585.6201171875,31.6200008392334,112.12000274658205,109.16,297.979,299.381,-188.819,265.061,192.598951685629,1430.170044,1427.1857388571427,1394.5680177,0.0
2022-10-03,3.25,3.0,3.125,2.5,0.625,83.63,2155.489990234375,3678.429931640625,30.100000381469727,111.75,109.16,297.979,299.381,-188.819,265.061,192.598951685629,1439.22998,1429.674299,1397.3723511666665,0.633486628950819
2022-10-04,3.25,3.0,3.125,2.5,0.625,86.52,2209.3798828125,3790.929931640625,29.06999969482422,110.06999969482422,109.16,297.979,299.381,-188.819,265.061,192.598951685629,1433.339966,1430.1842912857144,1399.9803508333332,-0.4092475894644787
2022-10-05,3.25,3.0,3.125,2.5,0.625,87.76,2215.219970703125,3783.280029296875,28.549999237060547,111.06999969482422,109.16,297.979,299.381,-188.819,265.061,192.598951685629,1416.530029,1428.794294,1401.8143514666665,-1.1727808753502655
2022-10-06,3.25,3.0,3.125,2.5,0.625,88.45,2237.860107421875,3744.52001953125,30.520000457763672,112.26000213623048,109.16,297.979,299.381,-188.819,265.061,192.598951685629,1416.76001,1428.052873857143,1403.6460165,0.016235518858875864
2022-10-07,3.25,3.0,3.125,2.5,0.625,92.64,2232.840087890625,3639.659912109375,31.36000061035156,112.8000030517578,109.16,297.979,299.381,-188.819,265.061,192.598951685629,1408.449951,1424.9500034285716,1404.6573486999998,-0.5865537523182862
2022-10-08,3.25,3.0,3.125,2.5,0.625,92.64,2232.840087890625,3639.659912109375,31.36000061035156,112.8000030517578,109.16,297.979,299.381,-188.819,265.061,192.598951685629,1408.449951,1421.8471329999998,1405.7953450999998,0.0
2022-10-09,3.25,3.0,3.125,2.5,0.625,92.64,2232.840087890625,3639.659912109375,31.36000061035156,112.8000030517578,109.16,297.979,299.381,-188.819,265.061,192.598951685629,1408.449951,1418.7442625714286,1406.6436767999999,0.0
2022-10-10,3.25,3.0,3.125,2.5,0.625,91.13,2232.840087890625,3612.389892578125,32.45000076293945,113.13999938964844,109.16,297.979,299.381,-188.819,265.061,192.598951685629,1415.97998,1415.4228339999997,1407.7430094666665,0.5346323449160417
2022-10-11,3.25,3.0,3.125,2.5,0.625,89.35,2192.070068359375,3588.840087890625,33.630001068115234,113.22000122070312,109.16,297.979,299.381,-188.819,265.061,192.598951685629,1428.349976,1414.7099782857144,1409.2546753333334,0.8735996394525269
2022-10-12,3.25,3.0,3.125,3.0,0.125,87.27,2202.469970703125,3577.030029296875,33.56999969482422,113.31999969482422,109.16,297.979,299.381,-188.819,265.061,192.598951685629,1430.800049,1416.7485525714287,1410.9793416666666,0.17153170029526876
2022-10-13,3.25,3.0,3.125,3.0,0.125,89.11,2162.8701171875,3669.909912109375,31.940000534057617,112.36000061035156,109.16,297.979,299.381,-188.819,265.061,192.598951685629,1423.900024,1417.7685545714287,1412.5823404999999,-0.4822494243568398
2022-10-14,3.25,3.0,3.125,3.0,0.125,85.61,2212.550048828125,3583.070068359375,32.02000045776367,113.30999755859376,109.16,297.979,299.381,-188.819,265.061,192.598951685629,1430.300049,1420.889997142857,1413.8100097666668,0.4494715143006367
2022-10-15,3.25,3.0,3.125,3.0,0.125,85.61,2212.550048828125,3583.070068359375,32.02000045776367,113.30999755859376,109.16,297.979,299.381,-188.819,265.061,192.598951685629,1430.300049,1424.0114397142859,1415.1140096000001,0.0
2022-10-16,3.25,3.0,3.125,3.0,0.125,85.61,2212.550048828125,3583.070068359375,32.02000045776367,113.30999755859376,109.16,297.979,299.381,-188.819,265.061,192.598951685629,1430.300049,1427.1328822857142,1416.1696777333334,0.0
2022-10-17,3.25,3.0,3.125,3.0,0.125,85.46,2219.7099609375,3677.949951171875,31.3700008392334,112.04000091552734,109.16,297.979,299.381,-188.819,265.061,192.598951685629,1440.76001,1430.6728865714285,1417.5740112333333,0.7313123569640645
2022-10-18,3.25,3.0,3.125,3.0,0.125,82.82,2249.949951171875,3719.97998046875,30.5,112.12999725341795,109.16,297.979,299.381,-188.819,265.061,192.598951685629,1430.150024,1430.930036285714,1418.624678533333,-0.7364159142645765
2022-10-19,3.25,3.0,3.125,3.0,0.125,85.55,2237.43994140625,3695.159912109375,30.76000022888184,112.9800033569336,109.16,297.979,299.381,-188.819,265.061,192.598951685629,1425.02002,1430.1043178571429,1419.9510132,-0.35870390615747594
2022-10-20,3.25,3.0,3.125,3.0,0.125,85.98,2218.090087890625,3665.780029296875,29.979999542236328,112.87999725341795,109.16,297.979,299.381,-188.819,265.061,192.598951685629,1435.01001,1431.6914587142858,1421.4476806999999,0.7010420807982864
2022-10-21,3.25,3.0,3.125,3.0,0.125,85.05,2213.1201171875,3752.75,29.690000534057617,112.01000213623048,109.16,297.979,299.381,-188.819,265.061,192.598951685629,1430.310059,1431.6928887142856,1422.7076823333334,-0.32752043311531365
2022-10-22,3.25,3.0,3.125,3.0,0.125,85.05,2213.1201171875,3752.75,29.690000534057617,112.01000213623048,109.16,297.979,299.381,-188.819,265.061,192.598951685629,1430.310059,1431.6943187142856,1423.799349,0.0
2022-10-23,3.25,3.0,3.125,3.0,0.125,85.05,2213.1201171875,3752.75,29.690000534057617,112.01000213623048,109.16,297.979,299.381,-188.819,265.061,192.598951685629,1430.310059,1431.6957487142859,1424.6876831666666,0.0
2022-10-24,3.25,3.0,3.125,3.0,0.125,84.58,2236.159912109375,3797.340087890625,29.850000381469727,111.98999786376952,109.16,297.979,299.381,-188.819,265.061,192.598951685629,1428.109985,1429.8886022857143,1425.5026815333333,-0.15381797716909063
2022-10-25,3.25,3.0,3.125,3.0,0.125,85.32,2235.070068359375,3859.110107421875,28.459999084472656,110.9499969482422,109.16,297.979,299.381,-188.819,265.061,192.598951685629,1443.959961,1431.8614504285713,1426.8460124333333,1.109856815404875
2022-10-26,3.25,3.0,3.125,3.0,0.125,87.91,2249.56005859375,3830.60009765625,27.280000686645508,109.6999969482422,109.16,297.979,299.381,-188.819,265.061,192.598951685629,1426.930054,1432.1343124285715,1427.0166789333334,-1.179389142355869
2022-10-27,3.25,3.0,3.125,3.0,0.125,89.08,2288.780029296875,3807.300048828125,27.38999938964844,110.58999633789062,109.16,297.979,299.381,-188.819,265.061,192.598951685629,1412.689941,1428.945731142857,1426.4473429666664,-0.9979545220231145
2022-10-28,3.25,3.0,3.125,3.0,0.125,87.9,2268.39990234375,3901.06005859375,25.75,110.66999816894533,109.16,297.979,299.381,-188.819,265.061,192.598951685629,1420.650024,1427.565726142857,1426.2603434333332,0.5634699284660538
2022-10-29,3.25,3.0,3.125,3.0,0.125,87.9,2268.39990234375,3901.06005859375,25.75,110.66999816894533,109.16,297.979,299.381,-188.819,265.061,192.598951685629,1420.650024,1426.1857211428571,1426.2170125333334,0.0
2022-10-30,3.25,3.0,3.125,3.0,0.125,87.9,2268.39990234375,3901.06005859375,25.75,110.66999816894533,109.16,297.979,299.381,-188.819,265.061,192.598951685629,1420.650024,1424.8057161428571,1425.8996785333331,0.0
2022-10-31,3.25,3.0,3.125,3.0,0.125,86.53,2293.610107421875,3871.97998046875,25.8799991607666,111.52999877929688,109.16,297.979,299.381,-188.819,265.061,192.598951685629,1421.650024,1423.8828645714286,1425.6156778666666,0.07039031310360766
2022-11-01,3.25,3.0,3.125,3.0,0.125,88.37,2335.219970703125,3856.10009765625,25.809999465942383,111.4800033569336,109.07,298.708,300.316,-189.63800000000003,263.157,192.598951685629,1424.670044,1421.127162142857,1425.4323445333332,0.21243062279860947
2022-11-02,3.25,3.0,3.125,3.0,0.125,90.0,2336.8701171875,3759.68994140625,25.86000061035156,111.3499984741211,109.07,298.708,300.316,-189.63800000000003,263.157,192.598951685629,1416.599976,1419.6514367142856,1424.6780110666664,-0.566451722206629
2022-11-03,4.0,3.75,3.875,3.0,0.875,88.17,2329.169921875,3719.889892578125,25.299999237060547,112.93000030517578,109.07,298.708,300.316,-189.63800000000003,263.157,192.598951685629,1423.099976,1421.1385845714285,1424.3366780666665,0.4588451298971341
2022-11-04,4.0,3.75,3.875,3.0,0.875,92.61,2348.429931640625,3770.550048828125,24.549999237060547,110.87999725341795,109.07,298.708,300.316,-189.63800000000003,263.157,192.598951685629,1423.650024,1421.5671559999998,1424.5740112333335,0.038651395494082585
2022-11-05,4.0,3.75,3.875,3.0,0.875,92.61,2348.429931640625,3770.550048828125,24.549999237060547,110.87999725341795,109.07,298.708,300.316,-189.63800000000003,263.157,192.598951685629,1423.650024,1421.9957274285714,1424.8036783666664,0.0
2022-11-06,4.0,3.75,3.875,3.0,0.875,92.61,2348.429931640625,3770.550048828125,24.549999237060547,110.87999725341795,109.07,298.708,300.316,-189.63800000000003,263.157,192.598951685629,1423.650024,1422.4242988571427,1425.3103474666668,0.0
2022-11-07,4.0,3.75,3.875,3.0,0.875,91.79,2371.7900390625,3806.800048828125,24.350000381469727,110.12000274658205,109.07,298.708,300.316,-189.63800000000003,263.157,192.598951685629,1402.109985,1419.6328647142857,1425.0990152666666,-1.5130150413989685
2022-11-08,4.0,3.75,3.875,3.0,0.875,88.91,2399.0400390625,3828.110107421875,25.540000915527344,109.62000274658205,109.07,298.708,300.316,-189.63800000000003,263.157,192.598951685629,1392.699951,1415.0657085714286,1424.5740152666665,-0.6711337983945631
2022-11-09,4.0,3.75,3.875,3.0,0.875,85.83,2424.409912109375,3748.570068359375,26.09000015258789,110.5500030517578,109.07,298.708,300.316,-189.63800000000003,263.157,192.598951685629,1374.150024,1409.0014297142857,1423.1796834000002,-1.3319399477741523
2022-11-10,4.0,3.75,3.875,3.0,0.875,86.47,2402.22998046875,3956.3701171875,23.530000686645508,108.20999908447266,109.07,298.708,300.316,-189.63800000000003,263.157,192.598951685629,1370.550049,1401.494297285714,1421.2530191666665,-0.261978309291222
2022-11-11,4.0,3.75,3.875,3.0,0.875,88.96,2483.159912109375,3992.929931640625,22.520000457763672,106.29000091552734,109.07,298.708,300.316,-189.63800000000003,263.157,192.598951685629,1349.369995,1390.8828645714286,1418.5386840333333,-1.5453688842267055
2022-11-12,4.0,3.75,3.875,3.0,0.875,88.96,2483.159912109375,3992.929931640625,22.520000457763672,106.29000091552734,109.07,298.708,300.316,-189.63800000000003,263.157,192.598951685629,1349.369995,1380.271431857143,1416.0543497333333,0.0
2022-11-13,4.0,3.75,3.875,3.0,0.875,88.96,2483.159912109375,3992.929931640625,22.520000457763672,106.29000091552734,109.07,298.708,300.316,-189.63800000000003,263.157,192.598951685629,1349.369995,1369.6599991428573,1413.3566812666666,0.0
2022-11-14,4.0,3.75,3.875,3.0,0.875,85.87,2474.64990234375,3957.25,23.729999542236328,106.66000366210938,109.07,298.708,300.316,-189.63800000000003,263.157,192.598951685629,1313.030029,1356.934291142857,1409.4476806,-2.6931061261666778
2022-11-15,4.0,3.75,3.875,3.0,0.875,86.92,2480.330078125,3991.72998046875,24.540000915527344,106.4000015258789,109.07,298.708,300.316,-189.63800000000003,263.157,192.598951685629,1324.079956,1347.1314347142857,1405.9070108333333,0.8415593517244746
2022-11-16,4.0,3.75,3.875,3.0,0.875,85.59,2477.449951171875,3958.7900390625,24.11000061035156,106.27999877929688,109.07,298.708,300.316,-189.63800000000003,263.157,192.598951685629,1316.26001,1338.8614327142857,1401.7570108333334,-0.590594696684621
2022-11-17,4.0,3.75,3.875,3.0,0.875,81.64,2442.89990234375,3946.56005859375,23.93000030517578,106.69000244140624,109.07,298.708,300.316,-189.63800000000003,263.157,192.598951685629,1336.430054,1333.9871477142858,1398.6330118333333,1.5323753549270291
2022-11-18,4.0,3.75,3.875,3.0,0.875,80.08,2444.47998046875,3965.340087890625,23.1200008392334,106.93000030517578,109.07,298.708,300.316,-189.63800000000003,263.157,192.598951685629,1342.75,1333.041434142857,1395.8906778333333,0.47289762611100183
2022-11-19,4.0,3.75,3.875,3.0,0.875,80.08,2444.47998046875,3965.340087890625,23.1200008392334,106.93000030517578,109.07,298.708,300.316,-189.63800000000003,263.157,192.598951685629,1342.75,1332.0957205714287,1392.8153441666666,0.0
2022-11-20,4.0,3.75,3.875,3.0,0.875,80.08,2444.47998046875,3965.340087890625,23.1200008392334,106.93000030517578,109.07,298.708,300.316,-189.63800000000003,263.157,192.598951685629,1342.75,1331.150007,1389.8966755333333,0.0
2022-11-21,4.0,3.75,3.875,3.0,0.875,79.73,2419.5,3949.93994140625,22.36000061035156,107.83999633789062,109.07,298.708,300.316,-189.63800000000003,263.157,192.598951685629,1339.030029,1334.8642927142857,1386.8540078666667,-0.2770412213740414
2022-11-22,4.0,3.75,3.875,3.0,0.875,80.95,2405.27001953125,4003.580078125,21.290000915527344,107.22000122070312,109.07,298.708,300.316,-189.63800000000003,263.157,192.598951685629,1359.75,1339.9600132857142,1384.5020059,1.5473865821720167
2022-11-23,4.0,3.75,3.875,3.0,0.875,77.94,2418.010009765625,4027.260009765625,20.350000381469727,106.08000183105467,109.07,298.708,300.316,-189.63800000000003,263.157,192.598951685629,1352.689941,1345.1642891428571,1381.9880044333333,-0.5192174296745677
2022-11-24,4.0,3.75,3.875,3.25,0.625,77.94,2441.330078125,4027.260009765625,20.350000381469727,106.08000183105467,109.07,298.708,300.316,-189.63800000000003,263.157,192.598951685629,1336.810059,1345.2185755714286,1378.4163410333335,-1.173948405963654
2022-11-25,4.0,3.75,3.875,3.25,0.625,76.28,2437.860107421875,4026.1201171875,20.5,105.95999908447266,109.07,298.708,300.316,-189.63800000000003,263.157,192.598951685629,1317.890015,1341.6671491428572,1374.7816730666666,-1.4153128092223577
2022-11-26,4.0,3.75,3.875,3.25,0.625,76.28,2437.860107421875,4026.1201171875,20.5,105.95999908447266,109.07,298.708,300.316,-189.63800000000003,263.157,192.598951685629,1317.890015,1338.1157227142855,1371.6216755333335,0.0
2022-11-27,4.0,3.75,3.875,3.25,0.625,76.28,2437.860107421875,4026.1201171875,20.5,105.95999908447266,109.07,298.708,300.316,-189.63800000000003,263.157,192.598951685629,1317.890015,1334.5642962857144,1368.1963418999999,0.0
2022-11-28,4.0,3.75,3.875,3.25,0.625,77.24,2408.27001953125,3963.93994140625,22.209999084472656,106.68000030517578,109.07,298.708,300.316,-189.63800000000003,263.157,192.598951685629,1334.560059,1333.925729142857,1365.3266764,1.2649040367757713
2022-11-29,4.0,3.75,3.875,3.25,0.625,78.2,2433.389892578125,3957.6298828125,21.88999938964844,106.81999969482422,109.07,298.708,300.316,-189.63800000000003,263.157,192.598951685629,1340.119995,1331.1214427142856,1362.6423421,0.41661189861821324
2022-11-30,4.0,3.75,3.875,3.25,0.625,80.55,2472.530029296875,4080.110107421875,20.57999992370605,105.9499969482422,109.07,298.708,300.316,-189.63800000000003,263.157,192.598951685629,1325.369995,1327.2185932857142,1359.4330077999998,-1.1006477072972864
2022-12-01,4.0,3.75,3.875,3.25,0.625,81.22,2479.840087890625,4076.570068359375,19.84000015258789,104.7300033569336,109.26,298.808,301.433,-189.548,257.897,192.598951685629,1279.800049,1319.074306142857,1354.6040079666668,-3.438281096743867
2022-12-02,4.0,3.75,3.875,3.25,0.625,79.98,2434.330078125,4071.699951171875,19.059999465942383,104.5500030517578,109.26,298.808,301.433,-189.548,257.897,192.598951685629,1303.25,1316.9828754285713,1350.8256754333333,1.8323136507396809
2022-12-03,4.0,3.75,3.875,3.25,0.625,79.98,2434.330078125,4071.699951171875,19.059999465942383,104.5500030517578,109.26,298.808,301.433,-189.548,257.897,192.598951685629,1303.25,1314.8914447142856,1346.8306762333334,0.0
2022-12-04,4.0,3.75,3.875,3.25,0.625,79.98,2434.330078125,4071.699951171875,19.059999465942383,104.5500030517578,109.26,298.808,301.433,-189.548,257.897,192.598951685629,1303.25,1312.800014,1342.8173421,0.0
2022-12-05,4.0,3.75,3.875,3.25,0.625,76.93,2419.320068359375,3998.840087890625,20.75,105.29000091552734,109.26,298.808,301.433,-189.548,257.897,192.598951685629,1299.170044,1307.7442975714287,1338.6680094333335,-0.3130601189334392
2022-12-06,4.0,3.75,3.875,3.25,0.625,74.25,2393.159912109375,3941.260009765625,22.170000076293945,105.58000183105467,109.26,298.808,301.433,-189.548,257.897,192.598951685629,1304.369995,1302.6371547142858,1334.6920084666667,0.40025176257836304
2022-12-07,4.0,3.75,3.875,3.25,0.625,72.01,2382.81005859375,3933.919921875,22.68000030517578,105.0999984741211,109.26,298.808,301.433,-189.548,257.897,192.598951685629,1319.709961,1301.8285784285713,1331.945341,1.1760440717589526
2022-12-08,4.0,3.75,3.875,3.25,0.625,71.46,2371.080078125,3963.510009765625,22.290000915527344,104.7699966430664,109.26,298.808,301.433,-189.548,257.897,192.598951685629,1314.099976,1306.7285680000002,1329.3253418333334,-0.42509226767896147
2022-12-09,4.0,3.75,3.875,3.25,0.625,71.02,2389.0400390625,3934.3798828125,22.82999992370605,104.80999755859376,109.26,298.808,301.433,-189.548,257.897,192.598951685629,1316.630005,1308.6399972857143,1327.4080078666666,0.192529415280962
2022-12-10,4.0,3.75,3.875,3.25,0.625,71.02,2389.0400390625,3934.3798828125,22.82999992370605,104.80999755859376,109.26,298.808,301.433,-189.548,257.897,192.598951685629,1316.630005,1310.5514265714285,1325.6106730666665,0.0
2022-12-11,4.0,3.75,3.875,3.25,0.625,71.02,2389.0400390625,3934.3798828125,22.82999992370605,104.80999755859376,109.26,298.808,301.433,-189.548,257.897,192.598951685629,1316.630005,1312.4628558571428,1324.5193400666665,0.0
2022-12-12,4.0,3.75,3.875,3.25,0.625,73.17,2373.02001953125,3990.56005859375,25.0,105.12999725341795,109.26,298.808,301.433,-189.548,257.897,192.598951685629,1303.170044,1313.0342844285715,1322.9793417,-1.022303984330053
2022-12-13,4.0,3.75,3.875,3.25,0.625,75.39,2372.39990234375,4019.64990234375,22.549999237060547,103.9800033569336,109.26,298.808,301.433,-189.548,257.897,192.598951685629,1305.920044,1313.2557199999999,1321.53101,0.21102388077913758
2022-12-14,4.0,3.75,3.875,3.25,0.625,77.28,2399.25,3995.320068359375,21.13999938964844,103.7699966430664,109.26,298.808,301.433,-189.548,257.897,192.598951685629,1288.97998,1308.8657227142855,1320.7293416999998,-1.297174668375023
2022-12-15,4.5,4.25,4.375,3.25,1.125,76.11,2360.969970703125,3895.75,22.82999992370605,104.55999755859376,109.26,298.808,301.433,-189.548,257.897,192.598951685629,1295.680054,1306.2343052857143,1319.7826783000003,0.5197965914101932
2022-12-16,4.5,4.25,4.375,3.25,1.125,74.29,2360.02001953125,3852.360107421875,22.6200008392334,104.6999969482422,109.26,298.808,301.433,-189.548,257.897,192.598951685629,1317.099976,1306.3014440000002,1319.8106771666667,1.6531798829404476
2022-12-17,4.5,4.25,4.375,3.25,1.125,74.29,2360.02001953125,3852.360107421875,22.6200008392334,104.6999969482422,109.26,298.808,301.433,-189.548,257.897,192.598951685629,1317.099976,1306.3685827142856,1319.1663412333332,0.0
2022-12-18,4.5,4.25,4.375,3.25,1.125,74.29,2360.02001953125,3852.360107421875,22.6200008392334,104.6999969482422,109.26,298.808,301.433,-189.548,257.897,192.598951685629,1317.099976,1306.4357214285715,1318.3113404333335,0.0
2022-12-19,4.5,4.25,4.375,3.25,1.125,75.19,2352.169921875,3817.659912109375,22.420000076293945,104.72000122070312,109.26,298.808,301.433,-189.548,257.897,192.598951685629,1308.859985,1307.248570142857,1317.1816732666666,-0.6256162136624277
2022-12-20,4.5,4.25,4.375,3.25,1.125,76.09,2333.2900390625,3821.6201171875,21.479999542236328,103.97000122070312,109.26,298.808,301.433,-189.548,257.897,192.598951685629,1301.329956,1306.5928432857143,1315.8010051333333,-0.5753120338536477
2022-12-21,4.5,4.25,4.375,3.25,1.125,78.29,2328.949951171875,3878.43994140625,20.06999969482422,104.16000366210938,109.26,298.808,301.433,-189.548,257.897,192.598951685629,1283.640015,1305.8299911428571,1313.9546713333332,-1.359373994154034
2022-12-22,4.5,4.25,4.375,3.25,1.125,77.49,2356.72998046875,3822.389892578125,21.96999931335449,104.43000030517578,109.26,298.808,301.433,-189.548,257.897,192.598951685629,1280.77002,1303.6999862857142,1311.3220053333332,-0.2235825438956951
2022-12-23,4.5,4.25,4.375,3.25,1.125,79.56,2313.68994140625,3844.820068359375,20.8700008392334,104.30999755859376,109.26,298.808,301.433,-189.548,257.897,192.598951685629,1290.199951,1299.8571255714285,1309.2390056666668,0.7362704351871141
2022-12-24,4.5,4.25,4.375,3.25,1.125,79.56,2313.68994140625,3844.820068359375,20.8700008392334,104.30999755859376,109.26,298.808,301.433,-189.548,257.897,192.598951685629,1290.199951,1296.014264857143,1307.6853354,0.0
2022-12-25,4.5,4.25,4.375,3.25,1.125,79.56,2313.68994140625,3844.820068359375,20.8700008392334,104.30999755859376,109.26,298.808,301.433,-189.548,257.897,192.598951685629,1290.199951,1292.1714041428572,1306.7623332666667,0.0
2022-12-26,4.5,4.25,4.375,3.25,1.125,79.56,2317.139892578125,3844.820068359375,20.8700008392334,104.30999755859376,109.26,298.808,301.433,-189.548,257.897,192.598951685629,1279.23999,1287.9399762857142,1305.4739991,-0.8494777101413775
2022-12-27,4.5,4.25,4.375,3.25,1.125,79.53,2332.7900390625,3829.25,21.64999961853028,104.18000030517578,109.26,298.808,301.433,-189.548,257.897,192.598951685629,1275.130005,1284.1971261428573,1304.0486654333333,-0.3212833426197159
2022-12-28,4.5,4.25,4.375,3.25,1.125,78.96,2280.449951171875,3783.219970703125,22.13999938964844,104.45999908447266,109.26,298.808,301.433,-189.548,257.897,192.598951685629,1272.280029,1282.574271,1301.9726644333334,-0.2235047398167045
2022-12-29,4.5,4.25,4.375,3.25,1.125,78.4,2236.39990234375,3849.280029296875,21.440000534057617,103.83999633789062,109.26,298.808,301.433,-189.548,257.897,192.598951685629,1274.319946,1281.652831857143,1299.7793294666667,0.1603355356920355
2022-12-30,4.5,4.25,4.375,3.25,1.125,80.26,2236.39990234375,3839.5,21.670000076293945,103.5199966430664,109.26,298.808,301.433,-189.548,257.897,192.598951685629,1260.26001,1277.3756974285716,1297.6089966333336,-1.1033285670630222
2022-12-31,4.5,4.25,4.375,3.25,1.125,80.26,2236.39990234375,3839.5,21.670000076293945,103.5199966430664,109.26,298.808,301.433,-189.548,257.897,192.598951685629,1260.26001,1273.098563,1296.957662,0.0
2023-01-01,4.5,4.25,4.375,3.25,1.125,80.26,2236.39990234375,3839.5,21.670000076293945,103.5199966430664,110.07,300.456,302.685,-190.386,260.227,175.16594039245,1260.26001,1268.8214285714287,1295.5246623333333,0.0
2023-01-02,4.5,4.25,4.375,3.25,1.125,80.26,2225.669921875,3839.5,21.670000076293945,103.5199966430664,110.07,300.456,302.685,-190.386,260.227,175.16594039245,1260.910034,1266.2028634285714,1294.1133301333332,0.05157856274435879
2023-01-03,4.5,4.25,4.375,3.25,1.125,76.93,2218.679931640625,3824.139892578125,22.89999961853028,104.5199966430664,110.07,300.456,302.685,-190.386,260.227,175.16594039245,1270.099976,1265.484287857143,1293.0083293333332,0.7288340763572654
2023-01-04,4.5,4.25,4.375,3.25,1.125,72.84,2255.97998046875,3852.969970703125,22.01000022888184,104.25,110.07,300.456,302.685,-190.386,260.227,175.16594039245,1279.079956,1266.4557060000002,1292.3386597333333,0.7070293811264561
2023-01-05,4.5,4.25,4.375,3.25,1.125,73.67,2264.64990234375,3808.10009765625,22.459999084472656,105.04000091552734,110.07,300.456,302.685,-190.386,260.227,175.16594039245,1271.079956,1265.9928502857142,1291.2289917666667,-0.6254495633735035
2023-01-06,4.5,4.25,4.375,3.25,1.125,73.77,2289.969970703125,3895.080078125,21.1299991607666,103.87999725341795,110.07,300.456,302.685,-190.386,260.227,175.16594039245,1274.180054,1267.9814279999998,1289.7113281999998,0.24389480656714646
2023-01-07,4.5,4.25,4.375,3.25,1.125,73.77,2289.969970703125,3895.080078125,21.1299991607666,103.87999725341795,110.07,300.456,302.685,-190.386,260.227,175.16594039245,1274.180054,1269.9700057142857,1288.3806641333333,0.0
2023-01-08,4.5,4.25,4.375,3.25,1.125,73.77,2289.969970703125,3895.080078125,21.1299991607666,103.87999725341795,110.07,300.456,302.685,-190.386,260.227,175.16594039245,1274.180054,1271.9585834285715,1286.9656657666667,0.0
2023-01-09,4.5,4.25,4.375,3.25,1.125,74.63,2350.18994140625,3892.090087890625,21.96999931335449,103.0,110.07,300.456,302.685,-190.386,260.227,175.16594039245,1252.880005,1270.8114364285714,1284.8406657666667,-1.6716671190333932
2023-01-10,4.5,4.25,4.375,3.25,1.125,75.12,2351.31005859375,3919.25,20.57999992370605,103.23999786376952,110.07,300.456,302.685,-190.386,260.227,175.16594039245,1239.280029,1266.408586857143,1282.2623332333335,-1.08549709036182
2023-01-11,4.5,4.25,4.375,3.25,1.125,77.41,2359.530029296875,3969.610107421875,21.09000015258789,103.19000244140624,110.07,300.456,302.685,-190.386,260.227,175.16594039245,1240.160034,1260.848598,1280.1619995666665,0.07100937475044145
2023-01-12,4.5,4.25,4.375,3.25,1.125,78.39,2365.10009765625,3983.169921875,18.82999992370605,102.25,110.07,300.456,302.685,-190.386,260.227,175.16594039245,1241.599976,1256.6371722857143,1278.0179973,0.11610936980088749
2023-01-13,4.5,4.25,4.375,3.5,0.875,79.86,2386.090087890625,3999.090087890625,18.350000381469727,102.1999969482422,110.07,300.456,302.685,-190.386,260.227,175.16594039245,1239.130005,1251.6300224285712,1276.3563314666667,-0.19893452381960497
2023-01-14,4.5,4.25,4.375,3.5,0.875,79.86,2386.090087890625,3999.090087890625,18.350000381469727,102.1999969482422,110.07,300.456,302.685,-190.386,260.227,175.16594039245,1239.130005,1246.6228725714286,1274.4713298333334,0.0
2023-01-15,4.5,4.25,4.375,3.5,0.875,79.86,2386.090087890625,3999.090087890625,18.350000381469727,102.1999969482422,110.07,300.456,302.685,-190.386,260.227,175.16594039245,1239.130005,1241.6157227142855,1271.8723308,0.0
2023-01-16,4.5,4.25,4.375,3.5,0.875,79.86,2399.860107421875,3999.090087890625,18.350000381469727,102.1999969482422,110.07,300.456,302.685,-190.386,260.227,175.16594039245,1236.589966,1239.2885742857143,1269.1886638,-0.20498567460642825
2023-01-17,4.5,4.25,4.375,3.5,0.875,80.18,2379.389892578125,3990.969970703125,19.36000061035156,102.38999938964844,110.07,300.456,302.685,-190.386,260.227,175.16594039245,1240.709961,1239.4928502857142,1266.6423299666667,0.3331738986470212
2023-01-18,4.5,4.25,4.375,3.5,0.875,79.48,2368.320068359375,3928.860107421875,20.34000015258789,102.36000061035156,110.07,300.456,302.685,-190.386,260.227,175.16594039245,1237.0,1239.0414168571426,1264.2469971333335,-0.29901920002397553
2023-01-19,4.5,4.25,4.375,3.5,0.875,80.33,2380.340087890625,3898.85009765625,20.520000457763672,102.05999755859376,110.07,300.456,302.685,-190.386,260.227,175.16594039245,1237.880005,1238.5099924285714,1262.1319987666668,0.071140258690372
2023-01-20,4.5,4.25,4.375,3.5,0.875,81.31,2395.260009765625,3972.610107421875,19.850000381469727,102.01000213623048,110.07,300.456,302.685,-190.386,260.227,175.16594039245,1232.180054,1237.5171422857143,1260.4166667333334,-0.4604607051553522
2023-01-21,4.5,4.25,4.375,3.5,0.875,81.31,2395.260009765625,3972.610107421875,19.850000381469727,102.01000213623048,110.07,300.456,302.685,-190.386,260.227,175.16594039245,1232.180054,1236.524292142857,1258.7970012,0.0
2023-01-22,4.5,4.25,4.375,3.5,0.875,81.31,2395.260009765625,3972.610107421875,19.850000381469727,102.01000213623048,110.07,300.456,302.685,-190.386,260.227,175.16594039245,1232.180054,1235.531442,1256.8630046333333,0.0
2023-01-23,4.5,4.25,4.375,3.5,0.875,81.62,2395.260009765625,4019.81005859375,19.809999465942383,102.13999938964844,110.07,300.456,302.685,-190.386,260.227,175.16594039245,1230.030029,1234.5943081428572,1254.8573405666668,-0.17448951498770793
2023-01-24,4.5,4.25,4.375,3.5,0.875,80.13,2395.260009765625,4016.949951171875,19.200000762939453,101.91999816894533,110.07,300.456,302.685,-190.386,260.227,175.16594039245,1229.280029,1232.9614607142855,1252.8266765,-0.060974121144807825
2023-01-25,4.5,4.25,4.375,3.5,0.875,80.15,2428.570068359375,4016.219970703125,19.07999992370605,101.63999938964844,110.07,300.456,302.685,-190.386,260.227,175.16594039245,1232.660034,1232.3414655714284,1251.2740113,0.2749580990711653
2023-01-26,4.5,4.25,4.375,3.5,0.875,81.01,2468.64990234375,4060.429931640625,18.729999542236328,101.83999633789062,110.07,300.456,302.685,-190.386,260.227,175.16594039245,1232.589966,1231.5857457142858,1249.85601,-0.005684292348850928
2023-01-27,4.5,4.25,4.375,3.5,0.875,79.68,2484.02001953125,4070.56005859375,18.51000022888184,101.93000030517578,110.07,300.456,302.685,-190.386,260.227,175.16594039245,1231.849976,1231.5385917142855,1248.5083415666666,-0.06003537432658357
2023-01-28,4.5,4.25,4.375,3.5,0.875,79.68,2484.02001953125,4070.56005859375,18.51000022888184,101.93000030517578,110.07,300.456,302.685,-190.386,260.227,175.16594039245,1231.849976,1231.4914377142857,1247.0926759,0.0
2023-01-29,4.5,4.25,4.375,3.5,0.875,79.68,2484.02001953125,4070.56005859375,18.51000022888184,101.93000030517578,110.07,300.456,302.685,-190.386,260.227,175.16594039245,1231.849976,1231.4442837142856,1246.1456747666668,0.0
2023-01-30,4.5,4.25,4.375,3.5,0.875,77.9,2450.469970703125,4017.77001953125,19.940000534057617,102.27999877929688,110.07,300.456,302.685,-190.386,260.227,175.16594039245,1228.949951,1231.2899868571428,1245.1020061333331,-0.2354203073832717
2023-01-31,4.5,4.25,4.375,3.5,0.875,78.87,2425.080078125,4076.60009765625,19.39999961853028,102.0999984741211,110.07,300.456,302.685,-190.386,260.227,175.16594039245,1231.5,1231.6071255714287,1244.1433391333333,0.20749819778462797
2023-02-01,4.5,4.25,4.375,3.5,0.875,76.41,2449.800048828125,4119.2099609375,17.8700008392334,101.22000122070312,110.33,301.476,304.097,-191.146,258.669,175.16594039245,1232.150024,1231.5342670000002,1243.1846721333334,0.0527831100284315
2023-02-02,4.75,4.5,4.625,3.5,1.125,75.88,2468.8798828125,4179.759765625,18.729999542236328,101.75,110.33,301.476,304.097,-191.146,258.669,175.16594039245,1221.949951,1230.014264857143,1241.5796713000002,-0.8278271964713313
2023-02-03,4.75,4.5,4.625,3.5,1.125,73.39,2480.39990234375,4136.47998046875,18.32999992370605,102.91999816894533,110.33,301.476,304.097,-191.146,258.669,175.16594039245,1224.900024,1229.0214145714287,1239.7736735666665,0.24142339034309845
2023-02-04,4.75,4.5,4.625,3.5,1.125,73.39,2480.39990234375,4136.47998046875,18.32999992370605,102.91999816894533,110.33,301.476,304.097,-191.146,258.669,175.16594039245,1224.900024,1228.0285642857143,1238.2343425,0.0
2023-02-05,4.75,4.5,4.625,3.5,1.125,73.39,2480.39990234375,4136.47998046875,18.32999992370605,102.91999816894533,110.33,301.476,304.097,-191.146,258.669,175.16594039245,1224.900024,1227.0357139999999,1236.5916748333334,0.0
2023-02-06,4.75,4.5,4.625,3.5,1.125,74.11,2438.18994140625,4111.080078125,19.43000030517578,103.62000274658205,110.33,301.476,304.097,-191.146,258.669,175.16594039245,1246.75,1229.5785781428572,1235.6773397,1.783817092977702
2023-02-07,4.75,4.5,4.625,3.5,1.125,77.14,2451.7099609375,4164.0,18.65999984741211,103.43000030517578,110.33,301.476,304.097,-191.146,258.669,175.16594039245,1261.22998,1233.8257181428573,1235.2456705666666,1.161418087026278
2023-02-08,4.75,4.5,4.625,3.5,1.125,78.47,2483.639892578125,4117.85986328125,19.6299991607666,103.41000366210938,110.33,301.476,304.097,-191.146,258.669,175.16594039245,1255.349976,1237.139997,1235.3280029333334,-0.4662118799301007
2023-02-09,4.75,4.5,4.625,3.5,1.125,78.06,2481.52001953125,4081.5,20.709999084472656,103.22000122070312,110.33,301.476,304.097,-191.146,258.669,175.16594039245,1260.469971,1242.642857,1236.0343343333334,0.40785399274185785
2023-02-10,4.75,4.5,4.625,3.5,1.125,79.72,2469.72998046875,4090.4599609375,20.530000686645508,103.62999725341795,110.33,301.476,304.097,-191.146,258.669,175.16594039245,1264.550049,1248.3071462857145,1236.8473348333332,0.3236949783708809
2023-02-11,4.75,4.5,4.625,3.5,1.125,79.72,2469.72998046875,4090.4599609375,20.530000686645508,103.62999725341795,110.33,301.476,304.097,-191.146,258.669,175.16594039245,1264.550049,1253.9714355714284,1237.6123372666668,0.0
2023-02-12,4.75,4.5,4.625,3.5,1.125,79.72,2469.72998046875,4090.4599609375,20.530000686645508,103.62999725341795,110.33,301.476,304.097,-191.146,258.669,175.16594039245,1264.550049,1259.6357248571428,1238.4596720666668,0.0
2023-02-13,4.75,4.5,4.625,3.5,1.125,80.14,2452.699951171875,4137.2900390625,20.34000015258789,103.3499984741211,110.33,301.476,304.097,-191.146,258.669,175.16594039245,1266.869995,1262.5100098571427,1239.3843384,0.18346019612547337
2023-02-14,4.75,4.5,4.625,3.5,1.125,79.06,2465.639892578125,4136.1298828125,18.90999984741211,103.2300033569336,110.33,301.476,304.097,-191.146,258.669,175.16594039245,1272.939941,1264.1828614285714,1240.5113362666666,0.47912935217950814
2023-02-15,4.75,4.5,4.625,3.5,1.125,78.59,2427.89990234375,4147.60009765625,18.229999542236328,103.91999816894533,110.33,301.476,304.097,-191.146,258.669,175.16594039245,1272.25,1266.5971505714285,1241.7000040666667,-0.05420059327057025
2023-02-16,4.75,4.5,4.625,3.5,1.125,78.49,2475.47998046875,4090.409912109375,20.170000076293945,103.86000061035156,110.33,301.476,304.097,-191.146,258.669,175.16594039245,1283.719971,1269.9185791428572,1243.1336710666665,0.9015500884260064
2023-02-17,4.75,4.5,4.625,3.5,1.125,76.34,2451.2099609375,4079.090087890625,20.020000457763672,103.86000061035156,110.33,301.476,304.097,-191.146,258.669,175.16594039245,1288.959961,1273.4057094285713,1244.8656697666665,0.40818793182115787
2023-02-18,4.75,4.5,4.625,3.5,1.125,76.34,2451.2099609375,4079.090087890625,20.020000457763672,103.86000061035156,110.33,301.476,304.097,-191.146,258.669,175.16594039245,1288.959961,1276.8928397142859,1246.5683349666665,0.0
2023-02-19,4.75,4.5,4.625,3.5,1.125,76.34,2451.2099609375,4079.090087890625,20.020000457763672,103.86000061035156,110.33,301.476,304.097,-191.146,258.669,175.16594039245,1288.959961,1280.3799700000002,1248.4609985333334,0.0
2023-02-20,4.75,4.5,4.625,3.5,1.125,76.34,2455.1201171875,4079.090087890625,20.020000457763672,103.86000061035156,110.33,301.476,304.097,-191.146,258.669,175.16594039245,1293.920044,1284.2442627142857,1250.5189982,0.38481280645457083
2023-02-21,4.75,4.5,4.625,3.5,1.125,76.16,2458.9599609375,3997.340087890625,22.8700008392334,104.18000030517578,110.33,301.476,304.097,-191.146,258.669,175.16594039245,1296.109985,1287.554269,1252.6499959,0.16924855675239936
2023-02-22,4.75,4.5,4.625,3.5,1.125,73.95,2417.679931640625,3991.050048828125,22.290000915527344,104.58999633789062,110.33,301.476,304.097,-191.146,258.669,175.16594039245,1305.829956,1292.3514055714284,1255.1766601333334,0.7499341192098052
2023-02-23,4.75,4.5,4.625,3.5,1.125,75.39,2439.090087890625,4012.320068359375,21.13999938964844,104.5999984741211,110.33,301.476,304.097,-191.146,258.669,175.16594039245,1302.829956,1295.0814034285715,1257.6283243666667,-0.22973894772559955
2023-02-24,4.75,4.5,4.625,3.5,1.125,76.32,2423.610107421875,3970.0400390625,21.670000076293945,105.20999908447266,110.33,301.476,304.097,-191.146,258.669,175.16594039245,1298.079956,1296.3842598571428,1259.8089884333333,-0.36459094129088765
2023-02-25,4.75,4.5,4.625,3.5,1.125,76.32,2423.610107421875,3970.0400390625,21.670000076293945,105.20999908447266,110.33,301.476,304.097,-191.146,258.669,175.16594039245,1298.079956,1297.6871162857144,1261.9919880999998,0.0
2023-02-26,4.75,4.5,4.625,3.5,1.125,76.32,2423.610107421875,3970.0400390625,21.670000076293945,105.20999908447266,110.33,301.476,304.097,-191.146,258.669,175.16594039245,1298.079956,1298.9899727142858,1264.1996541,0.0
2023-02-27,4.75,4.5,4.625,3.5,1.125,75.68,2402.639892578125,3982.239990234375,20.950000762939453,104.66999816894533,110.33,301.476,304.097,-191.146,258.669,175.16594039245,1313.699951,1301.8156737142856,1266.9279866000002,1.2033153218182768
2023-02-28,4.75,4.5,4.625,3.5,1.125,77.05,2412.85009765625,3970.14990234375,20.700000762939453,104.87000274658205,110.33,301.476,304.097,-191.146,258.669,175.16594039245,1318.349976,1304.9928152857142,1269.8113199333334,0.35396400802636396
2023-03-01,4.75,4.5,4.625,3.5,1.125,77.69,2412.85009765625,3951.389892578125,20.57999992370605,104.4800033569336,110.52,301.643,305.123,-191.123,257.062,175.16594039245,1321.599976,1307.2456752857142,1272.8996541000001,0.24652027603935256
2023-03-02,4.75,4.5,4.625,3.5,1.125,78.16,2427.85009765625,3981.35009765625,19.59000015258789,105.02999877929688,110.52,301.643,305.123,-191.123,257.062,175.16594039245,1305.72998,1307.6599644285714,1275.3739867666668,-1.20081691042645
2023-03-03,4.75,4.5,4.625,3.5,1.125,79.68,2432.070068359375,4045.639892578125,18.489999771118164,104.5199966430664,110.52,301.643,305.123,-191.123,257.062,175.16594039245,1311.060059,1309.514264857143,1278.0043212666667,0.40820683308502304
2023-03-04,4.75,4.5,4.625,3.5,1.125,79.68,2432.070068359375,4045.639892578125,18.489999771118164,104.5199966430664,110.52,301.643,305.123,-191.123,257.062,175.16594039245,1311.060059,1311.3685652857143,1280.9746582,0.0
2023-03-05,4.75,4.5,4.625,3.5,1.125,79.68,2432.070068359375,4045.639892578125,18.489999771118164,104.5199966430664,110.52,301.643,305.123,-191.123,257.062,175.16594039245,1311.060059,1313.2228657142857,1283.8466593666667,0.0
2023-03-06,4.75,4.5,4.625,3.5,1.125,80.46,2462.6201171875,4048.419921875,18.61000061035156,104.3499984741211,110.52,301.643,305.123,-191.123,257.062,175.16594039245,1294.780029,1310.5200197142856,1286.1759928666665,-1.2417455545413625
2023-03-07,4.75,4.5,4.625,3.5,1.125,77.58,2463.35009765625,3986.3701171875,19.59000015258789,105.62000274658205,110.52,301.643,305.123,-191.123,257.062,175.16594039245,1299.0,1307.7557374285714,1288.6459920666666,0.32592184815047887
2023-03-08,4.75,4.5,4.625,3.5,1.125,76.66,2431.909912109375,3992.010009765625,19.11000061035156,105.66000366210938,110.52,301.643,305.123,-191.123,257.062,175.16594039245,1317.900024,1307.227172857143,1291.0176595333332,1.4549672055427232
2023-03-09,4.75,4.5,4.625,3.5,1.125,75.72,2419.090087890625,3918.320068359375,22.61000061035156,105.30999755859376,110.52,301.643,305.123,-191.123,257.062,175.16594039245,1316.449951,1308.7585972857144,1292.8583252333335,-0.11002905938182206
2023-03-10,4.75,4.5,4.625,3.5,1.125,76.68,2394.590087890625,3861.590087890625,24.799999237060547,104.58000183105467,110.52,301.643,305.123,-191.123,257.062,175.16594039245,1325.550049,1310.8285958571428,1295.1983276666665,0.6912604609911055
2023-03-11,4.75,4.5,4.625,3.5,1.125,76.68,2394.590087890625,3861.590087890625,24.799999237060547,104.58000183105467,110.52,301.643,305.123,-191.123,257.062,175.16594039245,1325.550049,1312.8985944285716,1297.3676635999998,0.0
2023-03-12,4.75,4.5,4.625,3.5,1.125,76.68,2394.590087890625,3861.590087890625,24.799999237060547,104.58000183105467,110.52,301.643,305.123,-191.123,257.062,175.16594039245,1325.550049,1314.9685929999998,1299.4009969333335,0.0
2023-03-13,4.75,4.5,4.625,3.5,1.125,74.8,2410.60009765625,3855.760009765625,26.520000457763672,103.5999984741211,110.52,301.643,305.123,-191.123,257.062,175.16594039245,1319.540039,1318.5057372857143,1301.2339966,-0.4533974408988839
2023-03-14,4.75,4.5,4.625,3.5,1.125,71.33,2348.969970703125,3919.2900390625,23.729999542236328,103.5999984741211,110.52,301.643,305.123,-191.123,257.062,175.16594039245,1296.380005,1318.1314522857142,1302.2949951333333,-1.7551596249820167
2023-03-15,4.75,4.5,4.625,3.5,1.125,67.61,2379.719970703125,3891.929931640625,26.13999938964844,104.6500015258789,110.52,301.643,305.123,-191.123,257.062,175.16594039245,1304.579956,1316.2285854285713,1303.5519938333334,0.6325268029724107
2023-03-16,4.75,4.5,4.625,3.5,1.125,68.35,2377.909912109375,3960.280029296875,22.989999771118164,104.41999816894533,110.52,301.643,305.123,-191.123,257.062,175.16594039245,1311.73999,1315.5557338571427,1304.8453287999998,0.54883826530292
2023-03-17,4.75,4.5,4.625,3.5,1.125,66.74,2395.68994140625,3916.639892578125,25.51000022888184,103.70999908447266,110.52,301.643,305.123,-191.123,257.062,175.16594039245,1301.619995,1312.1371547142858,1305.8243286333334,-0.7714939757230366
2023-03-18,4.75,4.5,4.625,3.5,1.125,66.74,2395.68994140625,3916.639892578125,25.51000022888184,103.70999908447266,110.52,301.643,305.123,-191.123,257.062,175.16594039245,1301.619995,1308.7185755714288,1306.4209961000001,0.0
2023-03-19,4.75,4.5,4.625,3.5,1.125,66.74,2395.68994140625,3916.639892578125,25.51000022888184,103.70999908447266,110.52,301.643,305.123,-191.123,257.062,175.16594039245,1301.619995,1305.2999964285716,1306.8429972333333,0.0
2023-03-20,4.75,4.5,4.625,3.5,1.125,67.64,2379.199951171875,3951.570068359375,24.14999961853028,103.27999877929688,110.52,301.643,305.123,-191.123,257.062,175.16594039245,1307.650024,1303.6014228571428,1307.4659993333335,0.46327107935983936
2023-03-21,4.75,4.5,4.625,3.5,1.125,69.33,2388.35009765625,4002.8701171875,21.3799991607666,103.26000213623048,110.52,301.643,305.123,-191.123,257.062,175.16594039245,1304.939941,1304.824270857143,1307.9986653333333,-0.20724834246628188
2023-03-22,4.75,4.5,4.625,3.5,1.125,70.9,2416.9599609375,3936.969970703125,22.26000022888184,102.3499984741211,110.52,301.643,305.123,-191.123,257.062,175.16594039245,1303.439941,1304.6614115714287,1308.3159952333335,-0.11494781888969907
2023-03-23,5.0,4.75,4.875,3.5,1.375,69.96,2424.47998046875,3948.719970703125,22.61000061035156,102.52999877929688,110.52,301.643,305.123,-191.123,257.062,175.16594039245,1298.25,1302.7342701428572,1308.3873290666668,-0.3981726228228344
2023-03-24,5.0,4.75,4.875,3.5,1.375,69.26,2414.9599609375,3970.989990234375,21.739999771118164,103.12000274658205,110.52,301.643,305.123,-191.123,257.062,175.16594039245,1286.290039,1300.5442764285715,1307.7359985,-0.9212371269015973
2023-03-25,5.0,4.75,4.875,3.5,1.375,69.26,2414.9599609375,3970.989990234375,21.739999771118164,103.12000274658205,110.52,301.643,305.123,-191.123,257.062,175.16594039245,1286.290039,1298.3542827142858,1307.1846679333332,0.0
2023-03-26,5.0,4.75,4.875,3.5,1.375,69.26,2414.9599609375,3970.989990234375,21.739999771118164,103.12000274658205,110.52,301.643,305.123,-191.123,257.062,175.16594039245,1286.290039,1296.164289,1306.7916707000002,0.0
2023-03-27,5.0,4.75,4.875,3.5,1.375,72.81,2409.219970703125,3977.530029296875,20.600000381469727,102.86000061035156,110.52,301.643,305.123,-191.123,257.062,175.16594039245,1294.829956,1294.3328507142855,1306.6833373666668,0.6639184585957913
2023-03-28,5.0,4.75,4.875,3.5,1.375,73.2,2434.93994140625,3971.27001953125,19.96999931335449,102.43000030517578,110.52,301.643,305.123,-191.123,257.062,175.16594039245,1297.800049,1293.312866142857,1306.6740071333334,0.22938093038680218
2023-03-29,5.0,4.75,4.875,3.5,1.375,72.97,2443.919921875,4027.81005859375,19.1200008392334,102.63999938964844,110.52,301.643,305.123,-191.123,257.062,175.16594039245,1296.97998,1292.3900145714285,1306.1166747666664,-0.06318916389560503
2023-03-30,5.0,4.75,4.875,3.5,1.375,74.37,2453.159912109375,4050.830078125,19.020000457763672,102.13999938964844,110.52,301.643,305.123,-191.123,257.062,175.16594039245,1307.130005,1293.6585867142858,1305.7426757333335,0.7825891807520247
2023-03-31,5.0,4.75,4.875,3.5,1.375,75.67,2476.860107421875,4109.31005859375,18.700000762939453,102.51000213623048,110.52,301.643,305.123,-191.123,257.062,175.16594039245,1296.5,1295.1171525714287,1304.9060098666669,-0.8132324221262088
2023-04-01,5.0,4.75,4.875,3.5,1.375,75.67,2476.860107421875,4109.31005859375,18.700000762939453,102.51000213623048,110.77,302.858,306.49,-192.088,256.908,160.655945555478,1296.5,1296.5757184285717,1304.5983438666667,0.0
2023-04-02,5.0,4.75,4.875,3.5,1.375,75.67,2476.860107421875,4109.31005859375,18.700000762939453,102.51000213623048,110.77,302.858,306.49,-192.088,256.908,160.655945555478,1296.5,1298.0342842857142,1304.1130085666668,0.0
2023-04-03,5.0,4.75,4.875,3.5,1.375,80.42,2472.340087890625,4124.509765625,18.549999237060547,102.08999633789062,110.77,302.858,306.49,-192.088,256.908,160.655945555478,1305.47998,1299.5557162857144,1303.9270059333332,0.6926324720401222
2023-04-04,5.0,4.75,4.875,3.5,1.375,80.71,2480.510009765625,4100.60009765625,19.0,101.58999633789062,110.77,302.858,306.49,-192.088,256.908,160.655945555478,1308.050049,1301.020002,1303.8266722666667,0.19686774514917627
2023-04-05,5.0,4.75,4.875,3.5,1.375,80.61,2495.2099609375,4090.3798828125,19.07999992370605,101.8499984741211,110.77,302.858,306.49,-192.088,256.908,160.655945555478,1312.410034,1303.2242954285716,1304.4143391,0.3333194324890876
2023-04-06,5.0,4.75,4.875,3.5,1.375,80.7,2459.22998046875,4105.02001953125,18.39999961853028,101.81999969482422,110.77,302.858,306.49,-192.088,256.908,160.655945555478,1316.209961,1304.521432,1304.9880044666668,0.2895380941593695
2023-04-07,5.0,4.75,4.875,3.5,1.375,80.7,2490.409912109375,4105.02001953125,18.39999961853028,101.81999969482422,110.77,302.858,306.49,-192.088,256.908,160.655945555478,1317.939941,1307.5842807142856,1304.9893350333334,0.13143647679780823
2023-04-08,5.0,4.75,4.875,3.5,1.375,80.7,2490.409912109375,4105.02001953125,18.39999961853028,101.81999969482422,110.77,302.858,306.49,-192.088,256.908,160.655945555478,1317.939941,1310.6471294285714,1305.0390013666665,0.0
2023-04-09,5.0,4.75,4.875,3.5,1.375,80.7,2490.409912109375,4105.02001953125,18.39999961853028,101.81999969482422,110.77,302.858,306.49,-192.088,256.908,160.655945555478,1317.939941,1313.7099781428572,1304.7853311,0.0
2023-04-10,5.0,4.75,4.875,3.5,1.375,79.74,2512.080078125,4109.10986328125,18.96999931335449,102.58000183105467,110.77,302.858,306.49,-192.088,256.908,160.655945555478,1315.449951,1315.134259714286,1304.4486611666666,-0.18893046052695928
2023-04-11,5.0,4.75,4.875,3.5,1.375,81.53,2547.860107421875,4108.93994140625,19.100000381469727,102.1999969482422,110.77,302.858,306.49,-192.088,256.908,160.655945555478,1320.880005,1316.9671105714285,1304.2929930333332,0.41279061935211026
2023-04-12,5.0,4.75,4.875,3.5,1.375,83.26,2550.639892578125,4091.949951171875,19.09000015258789,101.5,110.77,302.858,306.49,-192.088,256.908,160.655945555478,1322.089966,1318.349958,1304.3779905999997,0.0916026433453343
2023-04-13,5.0,4.75,4.875,3.5,1.375,82.16,2561.659912109375,4146.22021484375,17.799999237060547,101.01000213623048,110.77,302.858,306.49,-192.088,256.908,160.655945555478,1322.829956,1319.2956715714286,1305.2596556333333,0.055971228814244434
2023-04-14,5.0,4.75,4.875,3.5,1.375,82.52,2571.489990234375,4137.64013671875,17.06999969482422,101.5500030517578,110.77,302.858,306.49,-192.088,256.908,160.655945555478,1301.430054,1316.9371162857144,1305.1546589,-1.617736422050009
2023-04-15,5.0,4.75,4.875,3.5,1.375,82.52,2571.489990234375,4137.64013671875,17.06999969482422,101.5500030517578,110.77,302.858,306.49,-192.088,256.908,160.655945555478,1301.430054,1314.578561,1304.8109943666668,0.0
2023-04-16,5.0,4.75,4.875,3.5,1.375,82.52,2571.489990234375,4137.64013671875,17.06999969482422,101.5500030517578,110.77,302.858,306.49,-192.088,256.908,160.655945555478,1301.430054,1312.2200057142857,1304.8046630000001,0.0
2023-04-17,5.0,4.75,4.875,3.5,1.375,80.83,2575.909912109375,4151.31982421875,16.950000762939453,102.0999984741211,110.77,302.858,306.49,-192.088,256.908,160.655945555478,1303.380005,1310.4957277142857,1304.8633300000001,0.14983140999447198
2023-04-18,5.0,4.75,4.875,3.5,1.375,80.86,2571.090087890625,4154.8701171875,16.829999923706055,101.75,110.77,302.858,306.49,-192.088,256.908,160.655945555478,1316.069946,1309.8085764285715,1305.3449950333334,0.9736178974143472
2023-04-19,5.0,4.75,4.875,3.5,1.375,79.16,2575.080078125,4154.52001953125,16.459999084472656,101.97000122070312,110.77,302.858,306.49,-192.088,256.908,160.655945555478,1315.900024,1308.924299,1305.6199950333332,-0.012911319836494961
2023-04-20,5.0,4.75,4.875,3.5,1.375,77.29,2563.110107421875,4129.7900390625,17.170000076293945,101.83999633789062,110.77,302.858,306.49,-192.088,256.908,160.655945555478,1326.76001,1309.4857352857143,1306.3473306666667,0.8252895966206042
2023-04-21,5.0,4.75,4.875,3.5,1.375,77.87,2544.39990234375,4133.52001953125,16.770000457763672,101.81999969482422,110.77,302.858,306.49,-192.088,256.908,160.655945555478,1323.599976,1312.652867,1307.0193318333331,-0.23817675963869744
2023-04-22,5.0,4.75,4.875,3.5,1.375,77.87,2544.39990234375,4133.52001953125,16.770000457763672,101.81999969482422,110.77,302.858,306.49,-192.088,256.908,160.655945555478,1323.599976,1315.8199987142855,1307.8643310333332,0.0
2023-04-23,5.0,4.75,4.875,3.5,1.375,77.87,2544.39990234375,4133.52001953125,16.770000457763672,101.81999969482422,110.77,302.858,306.49,-192.088,256.908,160.655945555478,1323.599976,1318.9871304285714,1309.1079955999999,0.0
2023-04-24,5.0,4.75,4.875,3.5,1.375,78.76,2523.5,4137.0400390625,16.889999389648438,101.3499984741211,110.77,302.858,306.49,-192.088,256.908,160.655945555478,1329.380005,1322.7014161428572,1310.5443277999998,0.4366900200064583
2023-04-25,5.0,4.75,4.875,3.5,1.375,77.07,2489.02001953125,4071.6298828125,18.76000022888184,101.86000061035156,110.77,302.858,306.49,-192.088,256.908,160.655945555478,1332.800049,1325.091430857143,1312.0946614666668,0.25726609300100733
2023-04-26,5.0,4.75,4.875,3.5,1.375,74.3,2484.830078125,4055.989990234375,18.84000015258789,101.47000122070312,110.77,302.858,306.49,-192.088,256.908,160.655945555478,1341.0,1328.6771417142857,1313.6336629333334,0.6152423993495804
2023-04-27,5.0,4.75,4.875,3.5,1.375,74.76,2495.81005859375,4135.35009765625,17.030000686645508,101.5,110.77,302.858,306.49,-192.088,256.908,160.655945555478,1337.829956,1330.2585625714287,1314.9679931666665,-0.23639403430275596
2023-04-28,5.0,4.75,4.875,3.5,1.375,76.78,2501.530029296875,4169.47998046875,15.779999732971191,101.66999816894533,110.77,302.858,306.49,-192.088,256.908,160.655945555478,1339.390015,1332.5142824285715,1316.3816610000001,0.11661115771874897
2023-04-29,5.0,4.75,4.875,3.5,1.375,76.78,2501.530029296875,4169.47998046875,15.779999732971191,101.66999816894533,110.77,302.858,306.49,-192.088,256.908,160.655945555478,1339.390015,1334.770002285714,1317.4569946666666,0.0
2023-04-30,5.0,4.75,4.875,3.5,1.375,76.78,2501.530029296875,4169.47998046875,15.779999732971191,101.66999816894533,110.77,302.858,306.49,-192.088,256.908,160.655945555478,1339.390015,1337.0257221428571,1318.8866618333332,0.0
2023-05-01,5.0,4.75,4.875,3.5,1.375,75.66,2501.530029296875,4167.8701171875,16.079999923706055,102.1500015258789,111.13,303.316,307.623,-192.186,253.67,160.655945555478,1337.170044,1338.1385848571429,1320.2423299666666,-0.16574492680535569
2023-05-02,5.0,4.75,4.875,3.5,1.375,71.66,2524.389892578125,4119.580078125,17.780000686645508,101.95999908447266,111.13,303.316,307.623,-192.186,253.67,160.655945555478,1342.790039,1339.5657262857144,1321.7853312666668,0.42029022600509336
2023-05-03,5.0,4.75,4.875,3.5,1.375,68.6,2501.39990234375,4090.75,18.34000015258789,101.33999633789062,111.13,303.316,307.623,-192.186,253.67,160.655945555478,1342.300049,1339.7514475714286,1323.0126668999999,-0.036490440483527564
2023-05-04,5.25,5.0,5.125,3.5,1.625,68.56,2500.93994140625,4061.219970703125,20.09000015258789,101.4000015258789,111.13,303.316,307.623,-192.186,253.67,160.655945555478,1335.22998,1339.3800224285715,1323.9186646000003,-0.5267130106466844
2023-05-05,5.25,5.0,5.125,3.5,1.625,71.34,2500.93994140625,4136.25,17.190000534057617,101.20999908447266,111.13,303.316,307.623,-192.186,253.67,160.655945555478,1320.150024,1336.6314522857142,1324.1766642666666,-1.1293901594390476
2023-05-06,5.25,5.0,5.125,3.5,1.625,71.34,2500.93994140625,4136.25,17.190000534057617,101.20999908447266,111.13,303.316,307.623,-192.186,253.67,160.655945555478,1320.150024,1333.8828821428574,1324.3079997,0.0
2023-05-07,5.25,5.0,5.125,3.5,1.625,71.34,2500.93994140625,4136.25,17.190000534057617,101.20999908447266,111.13,303.316,307.623,-192.186,253.67,160.655945555478,1320.150024,1331.134312,1324.3816691333334,0.0
2023-05-08,5.25,5.0,5.125,3.5,1.625,73.16,2513.2099609375,4138.1201171875,16.979999542236328,101.37000274658205,111.13,303.316,307.623,-192.186,253.67,160.655945555478,1316.959961,1328.2471572857144,1324.3490031333336,-0.2416439754577504
2023-05-09,5.25,5.0,5.125,3.5,1.625,73.71,2510.06005859375,4119.169921875,17.709999084472656,101.63999938964844,111.13,303.316,307.623,-192.186,253.67,160.655945555478,1322.410034,1325.335728,1324.4980062333332,0.4138374105057574
2023-05-10,5.25,5.0,5.125,3.5,1.625,72.56,2496.510009765625,4137.64013671875,16.940000534057617,101.4800033569336,111.13,303.316,307.623,-192.186,253.67,160.655945555478,1326.050049,1323.0142994285713,1324.8513428333333,0.275256154022796
2023-05-11,5.25,5.0,5.125,3.5,1.625,70.87,2491.0,4130.6201171875,16.93000030517578,102.05999755859376,111.13,303.316,307.623,-192.186,253.67,160.655945555478,1318.050049,1320.5600235714285,1324.7570109666667,-0.6032954793850354
2023-05-12,5.25,5.0,5.125,3.5,1.625,70.04,2475.419921875,4124.080078125,17.030000686645508,102.68000030517578,111.13,303.316,307.623,-192.186,253.67,160.655945555478,1329.880005,1321.9500208571428,1325.0166789333334,0.8975346580333055
2023-05-13,5.25,5.0,5.125,3.5,1.625,70.04,2475.419921875,4124.080078125,17.030000686645508,102.68000030517578,111.13,303.316,307.623,-192.186,253.67,160.655945555478,1329.880005,1323.3400181428572,1325.2516805666667,0.0
2023-05-14,5.25,5.0,5.125,3.5,1.625,70.04,2475.419921875,4124.080078125,17.030000686645508,102.68000030517578,111.13,303.316,307.623,-192.186,253.67,160.655945555478,1329.880005,1324.7300154285713,1326.2000122666664,0.0
2023-05-15,5.25,5.0,5.125,3.5,1.625,71.11,2479.35009765625,4136.27978515625,17.1200008392334,102.43000030517578,111.13,303.316,307.623,-192.186,253.67,160.655945555478,1341.52002,1328.2385952857144,1327.5363444666666,0.8752680660087053
2023-05-16,5.25,5.0,5.125,3.5,1.625,70.86,2480.239990234375,4109.89990234375,17.989999771118164,102.55999755859376,111.13,303.316,307.623,-192.186,253.67,160.655945555478,1335.400024,1330.094308142857,1328.6686768,-0.4561986335470336
2023-05-17,5.25,5.0,5.125,3.5,1.625,72.83,2494.659912109375,4158.77001953125,16.8700008392334,102.87999725341795,111.13,303.316,307.623,-192.186,253.67,160.655945555478,1342.430054,1332.4343088571427,1329.9703450999998,0.526436264314456
2023-05-18,5.25,5.0,5.125,3.5,1.625,71.86,2515.39990234375,4198.0498046875,16.049999237060547,103.58000183105467,111.13,303.316,307.623,-192.186,253.67,160.655945555478,1334.150024,1334.7343052857143,1330.5730143666667,-0.6167941469522487
2023-05-19,5.25,5.0,5.125,3.5,1.625,71.55,2537.7900390625,4191.97998046875,16.809999465942383,103.1999969482422,111.13,303.316,307.623,-192.186,253.67,160.655945555478,1334.73999,1335.4285888571428,1331.2010132333332,0.044220364230951326
2023-05-20,5.25,5.0,5.125,3.5,1.625,71.55,2537.7900390625,4191.97998046875,16.809999465942383,103.1999969482422,111.13,303.316,307.623,-192.186,253.67,160.655945555478,1334.73999,1336.1228724285716,1331.4670125666667,0.0
2023-05-21,5.25,5.0,5.125,3.5,1.625,71.55,2537.7900390625,4191.97998046875,16.809999465942383,103.1999969482422,111.13,303.316,307.623,-192.186,253.67,160.655945555478,1334.73999,1336.8171559999998,1331.8383463666667,0.0
2023-05-22,5.25,5.0,5.125,3.5,1.625,71.99,2557.080078125,4192.6298828125,17.209999084472656,103.1999969482422,111.13,303.316,307.623,-192.186,253.67,160.655945555478,1324.209961,1334.3442904285714,1331.8586791999999,-0.7889198704535749
2023-05-23,5.25,5.0,5.125,3.5,1.625,72.91,2567.550048828125,4145.580078125,18.530000686645508,103.48999786376952,111.13,303.316,307.623,-192.186,253.67,160.655945555478,1313.829956,1331.2628521428571,1331.5330118666668,-0.7838639872608577
2023-05-24,5.25,5.0,5.125,3.5,1.625,74.34,2567.449951171875,4115.240234375,20.030000686645508,103.88999938964844,111.13,303.316,307.623,-192.186,253.67,160.655945555478,1319.839966,1328.0356967142857,1331.2150105666667,0.4574419979201494
2023-05-25,5.25,5.0,5.125,3.5,1.625,71.83,2554.68994140625,4151.27978515625,19.13999938964844,104.20999908447266,111.13,303.316,307.623,-192.186,253.67,160.655945555478,1318.52002,1325.802839,1330.7390095999997,-0.10000803385280532
2023-05-26,5.25,5.0,5.125,3.5,1.625,72.67,2558.81005859375,4205.4501953125,17.950000762939453,104.20999908447266,111.13,303.316,307.623,-192.186,253.67,160.655945555478,1330.890015,1325.2528425714286,1330.4020100999999,0.9381727097325321
2023-05-27,5.25,5.0,5.125,3.5,1.625,72.67,2558.81005859375,4205.4501953125,17.950000762939453,104.20999908447266,111.13,303.316,307.623,-192.186,253.67,160.655945555478,1330.890015,1324.702846142857,1330.1706787333335,0.0
2023-05-28,5.25,5.0,5.125,3.5,1.625,72.67,2558.81005859375,4205.4501953125,17.950000762939453,104.20999908447266,111.13,303.316,307.623,-192.186,253.67,160.655945555478,1330.890015,1324.1528497142858,1329.8873453999997,0.0
2023-05-29,5.25,5.0,5.125,3.5,1.625,72.67,2558.81005859375,4205.4501953125,17.950000762939453,104.20999908447266,111.13,303.316,307.623,-192.186,253.67,160.655945555478,1322.430054,1323.8985772857143,1329.3220133666666,-0.6356619183141121
2023-05-30,5.25,5.0,5.125,3.5,1.625,69.46,2585.52001953125,4205.52001953125,17.459999084472656,104.16999816894533,111.13,303.316,307.623,-192.186,253.67,160.655945555478,1324.589966,1325.4357215714285,1328.8286784000002,0.16332901641693542
2023-05-31,5.25,5.0,5.125,3.5,1.625,68.09,2577.1201171875,4179.830078125,17.940000534057617,104.31999969482422,111.13,303.316,307.623,-192.186,253.67,160.655945555478,1319.790039,1325.4285891428572,1328.2493448999999,-0.3623707806344689
2023-06-01,5.25,5.0,5.125,3.5,1.625,70.1,2569.169921875,4221.02001953125,15.649999618530272,103.55999755859376,111.16,304.099,308.291,-192.939,253.86,160.655945555478,1321.73999,1325.8885848571429,1327.5476766,0.14774706145512795
2023-06-02,5.25,5.0,5.125,3.5,1.625,71.74,2601.360107421875,4282.3701171875,14.600000381469728,104.0199966430664,111.16,304.099,308.291,-192.939,253.86,160.655945555478,1312.849976,1323.3114364285714,1326.5660075,-0.6725993060102575
2023-06-03,5.25,5.0,5.125,3.5,1.625,71.74,2601.360107421875,4282.3701171875,14.600000381469728,104.0199966430664,111.16,304.099,308.291,-192.939,253.86,160.655945555478,1312.849976,1320.734288,1325.8200073666667,0.0
2023-06-04,5.25,5.0,5.125,3.5,1.625,71.74,2601.360107421875,4282.3701171875,14.600000381469728,104.0199966430664,111.16,304.099,308.291,-192.939,253.86,160.655945555478,1312.849976,1318.1571395714286,1325.5766724333334,0.0
2023-06-05,5.25,5.0,5.125,3.5,1.625,72.15,2615.409912109375,4273.7900390625,14.729999542236328,104.0,111.16,304.099,308.291,-192.939,253.86,160.655945555478,1305.140015,1315.687134,1325.0763388,-0.5872690056704544
2023-06-06,5.25,5.0,5.125,3.5,1.625,71.74,2615.409912109375,4283.85009765625,13.960000038146973,104.12999725341795,111.16,304.099,308.291,-192.939,253.86,160.655945555478,1299.790039,1312.1442872857144,1324.3976726333333,-0.40991586638311484
2023-06-07,5.25,5.0,5.125,3.5,1.625,72.53,2615.60009765625,4267.52001953125,13.9399995803833,104.0999984741211,111.16,304.099,308.291,-192.939,253.86,160.655945555478,1299.199951,1309.202846142857,1323.8056723000002,-0.045398716892297575
2023-06-08,5.25,5.0,5.125,3.5,1.625,71.29,2610.85009765625,4293.93017578125,13.649999618530272,103.33999633789062,111.16,304.099,308.291,-192.939,253.86,160.655945555478,1308.339966,1307.2885569999999,1323.3366700333333,0.7035110333066807
2023-06-09,5.25,5.0,5.125,3.5,1.625,70.17,2641.159912109375,4298.85986328125,13.829999923706056,103.55999755859376,111.16,304.099,308.291,-192.939,253.86,160.655945555478,1296.329956,1304.9285541428574,1322.3460002666666,-0.9179578941334587
2023-06-10,5.25,5.0,5.125,3.5,1.625,70.17,2641.159912109375,4298.85986328125,13.829999923706056,103.55999755859376,111.16,304.099,308.291,-192.939,253.86,160.655945555478,1296.329956,1302.5685512857142,1321.6219971666665,0.0
2023-06-11,5.25,5.0,5.125,3.5,1.625,70.17,2641.159912109375,4298.85986328125,13.829999923706056,103.55999755859376,111.16,304.099,308.291,-192.939,253.86,160.655945555478,1296.329956,1300.2085484285715,1320.5036622,0.0
2023-06-12,5.25,5.0,5.125,3.5,1.625,67.12,2629.35009765625,4338.93017578125,15.010000228881836,103.62999725341795,111.16,304.099,308.291,-192.939,253.86,160.655945555478,1286.689941,1297.5728235714284,1319.0639934,-0.743638990627471
2023-06-13,5.25,5.0,5.125,3.5,1.625,69.42,2637.949951171875,4369.009765625,14.609999656677246,103.33999633789062,111.16,304.099,308.291,-192.939,253.86,160.655945555478,1284.579956,1295.3999545714287,1317.553991766667,-0.16398550519173272
2023-06-14,5.25,5.0,5.125,3.5,1.625,68.27,2619.080078125,4372.58984375,13.880000114440918,103.01000213623048,111.16,304.099,308.291,-192.939,253.86,160.655945555478,1267.619995,1290.8885322857143,1315.0906576,-1.3202728970496236
2023-06-15,5.25,5.0,5.125,3.5,1.625,70.62,2608.5400390625,4425.83984375,14.5,102.12000274658205,111.16,304.099,308.291,-192.939,253.86,160.655945555478,1273.98999,1285.9813928571427,1313.0436564666666,0.5025161345770579
2023-06-16,5.25,5.0,5.125,3.5,1.625,71.78,2625.7900390625,4409.58984375,13.539999961853027,102.3000030517578,111.16,304.099,308.291,-192.939,253.86,160.655945555478,1270.050049,1282.2271204285717,1310.6309896333332,-0.3092599652215533
2023-06-17,5.25,5.0,5.125,3.5,1.625,71.78,2625.7900390625,4409.58984375,13.539999961853027,102.3000030517578,111.16,304.099,308.291,-192.939,253.86,160.655945555478,1270.050049,1278.4728479999999,1308.4943238,0.0
2023-06-18,5.25,5.0,5.125,3.5,1.625,71.78,2625.7900390625,4409.58984375,13.539999961853027,102.3000030517578,111.16,304.099,308.291,-192.939,253.86,160.655945555478,1270.050049,1274.7185755714288,1306.3379924333335,0.0
2023-06-19,5.25,5.0,5.125,3.5,1.625,71.78,2609.5,4409.58984375,13.539999961853027,102.3000030517578,111.16,304.099,308.291,-192.939,253.86,160.655945555478,1276.310059,1273.2357352857143,1304.3903280666668,0.49289474890605867
2023-06-20,5.25,5.0,5.125,3.5,1.625,70.5,2604.909912109375,4388.7099609375,13.880000114440918,102.54000091552734,111.16,304.099,308.291,-192.939,253.86,160.655945555478,1283.23999,1273.0443115714286,1302.6736614,0.5429661038188316
2023-06-21,5.25,5.0,5.125,3.5,1.625,72.53,2582.6298828125,4365.68994140625,13.199999809265137,102.06999969482422,111.16,304.099,308.291,-192.939,253.86,160.655945555478,1287.540039,1275.890032142857,1301.4513306666665,0.3350931262670498
2023-06-22,5.25,5.0,5.125,3.5,1.625,69.51,2593.699951171875,4381.89013671875,12.90999984741211,102.38999938964844,111.16,304.099,308.291,-192.939,253.86,160.655945555478,1288.380005,1277.9457485714286,1300.6029989666667,0.06523804888058926
2023-06-23,5.25,5.0,5.125,3.5,1.625,69.16,2570.10009765625,4348.330078125,13.4399995803833,102.9000015258789,111.16,304.099,308.291,-192.939,253.86,160.655945555478,1298.209961,1281.9685931428571,1299.8819988,0.7629702387379034
2023-06-24,5.25,5.0,5.125,3.5,1.625,69.16,2570.10009765625,4348.330078125,13.4399995803833,102.9000015258789,111.16,304.099,308.291,-192.939,253.86,160.655945555478,1298.209961,1285.9914377142857,1299.2049968333333,0.0
2023-06-25,5.25,5.0,5.125,3.5,1.625,69.16,2570.10009765625,4348.330078125,13.4399995803833,102.9000015258789,111.16,304.099,308.291,-192.939,253.86,160.655945555478,1298.209961,1290.0142822857142,1298.1156617,0.0
2023-06-26,5.25,5.0,5.125,3.5,1.625,69.37,2582.199951171875,4328.81982421875,14.25,102.69000244140624,111.16,304.099,308.291,-192.939,253.86,160.655945555478,1307.670044,1294.4942801428572,1297.3416626666667,0.728702080880117
2023-06-27,5.25,5.0,5.125,3.5,1.625,67.7,2581.389892578125,4378.41015625,13.739999771118164,102.48999786376952,111.16,304.099,308.291,-192.939,253.86,160.655945555478,1302.660034,1297.2685721428572,1296.4006633000001,-0.38312493453432905
2023-06-28,5.25,5.0,5.125,3.5,1.625,69.56,2564.18994140625,4376.85986328125,13.43000030517578,102.91000366210938,111.16,304.099,308.291,-192.939,253.86,160.655945555478,1296.599976,1298.562848857143,1295.5396607,-0.46520641163694254
2023-06-29,5.25,5.0,5.125,3.5,1.625,69.86,2550.02001953125,4396.43994140625,13.539999961853027,103.33999633789062,111.16,304.099,308.291,-192.939,253.86,160.655945555478,1309.01001,1301.5099924285714,1295.0203288333332,0.9571212578828536
2023-06-30,5.25,5.0,5.125,3.5,1.625,70.64,2564.280029296875,4450.3798828125,13.59000015258789,102.91000366210938,111.16,304.099,308.291,-192.939,253.86,160.655945555478,1323.069946,1305.0614188571428,1295.1296590666668,1.0740892653678058
2023-07-01,5.25,5.0,5.125,3.5,1.625,70.64,2564.280029296875,4450.3798828125,13.59000015258789,102.91000366210938,111.29,304.615,308.959,-193.325,253.835,162.595898776549,1323.069946,1308.6128452857142,1295.1739909333332,0.0
2023-07-02,5.25,5.0,5.125,3.5,1.625,70.64,2564.280029296875,4450.3798828125,13.59000015258789,102.91000366210938,111.29,304.615,308.959,-193.325,253.835,162.595898776549,1323.069946,1312.1642717142856,1295.5146566,0.0
2023-07-03,5.25,5.0,5.125,3.5,1.625,69.79,2602.469970703125,4455.58984375,13.56999969482422,102.98999786376952,111.29,304.615,308.959,-193.325,253.835,162.595898776549,1315.300049,1313.2542724285715,1295.5963257,-0.5872627538317743
2023-07-04,5.25,5.0,5.125,3.5,1.625,69.79,2593.31005859375,4455.58984375,13.56999969482422,102.98999786376952,111.29,304.615,308.959,-193.325,253.835,162.595898776549,1306.099976,1313.7456927142855,1295.3713256999997,-0.6994657232009205
2023-07-05,5.25,5.0,5.125,3.5,1.625,71.79,2579.0,4446.81982421875,14.18000030517578,103.37000274658205,111.29,304.615,308.959,-193.325,253.835,162.595898776549,1295.5,1313.5885532857142,1295.0499918666667,-0.8115746263515744
2023-07-06,5.25,5.0,5.125,3.5,1.625,71.8,2556.2900390625,4411.58984375,15.4399995803833,103.16999816894533,111.29,304.615,308.959,-193.325,253.835,162.595898776549,1302.969971,1312.7256905714287,1295.1559896,0.5766091084523417
2023-07-07,5.25,5.0,5.125,3.5,1.625,73.86,2526.7099609375,4398.9501953125,14.829999923706056,102.2699966430664,111.29,304.615,308.959,-193.325,253.835,162.595898776549,1309.219971,1310.7471227142858,1295.4899902666666,0.47967337230367946
2023-07-08,5.25,5.0,5.125,3.5,1.625,73.86,2526.7099609375,4398.9501953125,14.829999923706056,102.2699966430664,111.29,304.615,308.959,-193.325,253.835,162.595898776549,1309.219971,1308.7685548571428,1295.5193237666667,0.0
2023-07-09,5.25,5.0,5.125,3.5,1.625,73.86,2526.7099609375,4398.9501953125,14.829999923706056,102.2699966430664,111.29,304.615,308.959,-193.325,253.835,162.595898776549,1309.219971,1306.789987,1295.948990933333,0.0
2023-07-10,5.25,5.0,5.125,3.5,1.625,72.99,2520.699951171875,4409.52978515625,15.06999969482422,101.97000122070312,111.29,304.615,308.959,-193.325,253.835,162.595898776549,1297.369995,1304.2285507142858,1295.9836589,-0.905117265431632
2023-07-11,5.25,5.0,5.125,3.5,1.625,74.83,2562.489990234375,4439.259765625,14.84000015258789,101.7300033569336,111.29,304.615,308.959,-193.325,253.835,162.595898776549,1299.540039,1303.2914168571428,1296.0906616666666,0.16726485184359596
2023-07-12,5.25,5.0,5.125,3.5,1.625,75.75,2574.719970703125,4472.16015625,13.539999961853027,100.5199966430664,111.29,304.615,308.959,-193.325,253.835,162.595898776549,1291.51001,1302.7214182857144,1296.2513306333333,-0.6179131661213866
2023-07-13,5.25,5.0,5.125,3.5,1.625,76.89,2591.22998046875,4510.0400390625,13.609999656677246,99.7699966430664,111.29,304.615,308.959,-193.325,253.835,162.595898776549,1274.699951,1298.6828440000002,1295.9219971333332,-1.3015817817780495
2023-07-14,5.25,5.0,5.125,3.5,1.625,75.42,2628.300048828125,4505.419921875,13.34000015258789,99.91000366210938,111.29,304.615,308.959,-193.325,253.835,162.595898776549,1266.829956,1292.6271275714284,1295.8956625,-0.6173998040735817
2023-07-15,5.25,5.0,5.125,3.5,1.625,75.42,2628.300048828125,4505.419921875,13.34000015258789,99.91000366210938,111.29,304.615,308.959,-193.325,253.835,162.595898776549,1266.829956,1286.5714111428572,1295.6569947,0.0
2023-07-16,5.25,5.0,5.125,3.5,1.625,75.42,2628.300048828125,4505.419921875,13.34000015258789,99.91000366210938,111.29,304.615,308.959,-193.325,253.835,162.595898776549,1266.829956,1280.5156947142857,1295.549658266667,0.0
2023-07-17,5.25,5.0,5.125,3.5,1.625,74.15,2619.0,4522.7900390625,13.479999542236328,99.83999633789062,111.29,304.615,308.959,-193.325,253.835,162.595898776549,1268.339966,1276.3685477142858,1295.4926555,0.11919594992588767
2023-07-18,5.25,5.0,5.125,3.5,1.625,75.75,2607.6201171875,4554.97998046875,13.300000190734863,99.94000244140624,111.29,304.615,308.959,-193.325,253.835,162.595898776549,1265.449951,1271.498535142857,1295.3393189,-0.22785807255717438
2023-07-19,5.25,5.0,5.125,3.5,1.625,75.35,2608.239990234375,4565.72021484375,13.760000228881836,100.27999877929688,111.29,304.615,308.959,-193.325,253.835,162.595898776549,1264.939941,1267.7028109999999,1294.9603149666666,-0.040302660693691816
2023-07-20,5.25,5.0,5.125,3.5,1.625,75.63,2600.22998046875,4534.8701171875,13.989999771118164,100.87999725341795,111.29,304.615,308.959,-193.325,253.835,162.595898776549,1265.089966,1266.3299559999998,1294.3553141666669,0.011860246888972803
2023-07-21,5.25,5.0,5.125,3.5,1.625,77.07,2609.760009765625,4536.33984375,13.600000381469728,101.06999969482422,111.29,304.615,308.959,-193.325,253.835,162.595898776549,1278.400024,1267.9828228571428,1294.050647,1.0521036730758437
2023-07-22,5.25,5.0,5.125,3.5,1.625,77.07,2609.760009765625,4536.33984375,13.600000381469728,101.06999969482422,111.29,304.615,308.959,-193.325,253.835,162.595898776549,1278.400024,1269.6356897142857,1293.7179809666666,0.0
2023-07-23,5.25,5.0,5.125,3.5,1.625,77.07,2609.760009765625,4536.33984375,13.600000381469728,101.06999969482422,111.29,304.615,308.959,-193.325,253.835,162.595898776549,1278.400024,1271.2885565714284,1293.0576497333334,0.0
2023-07-24,5.25,5.0,5.125,3.5,1.625,78.74,2628.530029296875,4554.64013671875,13.90999984741211,101.3499984741211,111.29,304.615,308.959,-193.325,253.835,162.595898776549,1285.650024,1273.761422,1292.6389851666668,0.5671151332832025
2023-07-25,5.25,5.0,5.125,3.5,1.625,79.63,2636.4599609375,4567.4599609375,13.859999656677246,101.3499984741211,111.29,304.615,308.959,-193.325,253.835,162.595898776549,1280.530029,1275.9157188571428,1292.0496541,-0.3982417379863934
2023-07-26,5.25,5.0,5.125,3.5,1.625,78.78,2592.360107421875,4566.75,13.1899995803833,100.88999938964844,111.29,304.615,308.959,-193.325,253.835,162.595898776549,1274.119995,1277.227155142857,1290.9313191333333,-0.500576624900062
2023-07-27,5.5,5.25,5.375,3.5,1.875,80.09,2603.81005859375,4537.41015625,14.40999984741211,101.7699966430664,111.29,304.615,308.959,-193.325,253.835,162.595898776549,1275.170044,1278.667166285714,1290.0149861333332,0.08241366622614432
2023-07-28,5.5,5.25,5.375,3.5,1.875,80.58,2608.320068359375,4582.22998046875,13.329999923706056,101.62000274658205,111.29,304.615,308.959,-193.325,253.835,162.595898776549,1283.880005,1279.4500207142858,1289.5909871000001,0.6830431000933945
2023-07-29,5.5,5.25,5.375,3.5,1.875,80.58,2608.320068359375,4582.22998046875,13.329999923706056,101.62000274658205,111.29,304.615,308.959,-193.325,253.835,162.595898776549,1283.880005,1280.2328751428572,1288.7533202666668,0.0
2023-07-30,5.5,5.25,5.375,3.5,1.875,80.58,2608.320068359375,4582.22998046875,13.329999923706056,101.62000274658205,111.29,304.615,308.959,-193.325,253.835,162.595898776549,1283.880005,1281.0157295714287,1287.4469889,0.0
2023-07-31,5.5,5.25,5.375,3.5,1.875,81.8,2632.580078125,4588.9599609375,13.630000114440918,101.86000061035156,111.29,304.615,308.959,-193.325,253.835,162.595898776549,1272.390015,1279.1214425714284,1285.7576578666667,-0.8949426702848373
2023-08-01,5.5,5.25,5.375,3.5,1.875,81.37,2667.070068359375,4576.72998046875,13.93000030517578,102.3000030517578,112.28,306.138,309.646,-193.858,257.68,162.595898776549,1277.930054,1278.7500175714285,1284.2529948000001,0.4354041555410859
2023-08-02,5.5,5.25,5.375,3.5,1.875,79.49,2616.469970703125,4513.39013671875,16.09000015258789,102.58999633789062,112.28,306.138,309.646,-193.858,257.68,162.595898776549,1289.050049,1280.8828824285713,1283.3779948000001,0.8701567793318432
2023-08-03,5.5,5.25,5.375,3.5,1.875,81.55,2605.389892578125,4501.89013671875,15.920000076293944,102.54000091552734,112.28,306.138,309.646,-193.858,257.68,162.595898776549,1295.369995,1283.7685897142858,1283.0203287666668,0.49027933437517657
2023-08-04,5.5,5.25,5.375,3.5,1.875,82.82,2602.800048828125,4478.02978515625,17.100000381469727,102.0199966430664,112.28,306.138,309.646,-193.858,257.68,162.595898776549,1296.400024,1285.557163857143,1283.0503295666667,0.07951620031154683
2023-08-05,5.5,5.25,5.375,3.5,1.875,82.82,2602.800048828125,4478.02978515625,17.100000381469727,102.0199966430664,112.28,306.138,309.646,-193.858,257.68,162.595898776549,1296.400024,1287.345738,1282.8313313333333,0.0
2023-08-06,5.5,5.25,5.375,3.5,1.875,82.82,2602.800048828125,4478.02978515625,17.100000381469727,102.0199966430664,112.28,306.138,309.646,-193.858,257.68,162.595898776549,1296.400024,1289.134312142857,1282.4039997666666,0.0
2023-08-07,5.5,5.25,5.375,3.5,1.875,81.94,2580.7099609375,4518.43994140625,15.770000457763672,102.0500030517578,112.28,306.138,309.646,-193.858,257.68,162.595898776549,1303.050049,1293.514317,1282.1983357,0.512960882203739
2023-08-08,5.5,5.25,5.375,3.5,1.875,82.92,2573.97998046875,4499.3798828125,15.989999771118164,102.52999877929688,112.28,306.138,309.646,-193.858,257.68,162.595898776549,1307.75,1297.7743092857143,1282.1493366666666,0.3606884481226924
2023-08-09,5.5,5.25,5.375,3.5,1.875,84.4,2605.1201171875,4467.7099609375,15.960000038146973,102.48999786376952,112.28,306.138,309.646,-193.858,257.68,162.595898776549,1316.670044,1301.720022857143,1282.7926716333334,0.6820909195182523
2023-08-10,5.5,5.25,5.375,3.5,1.875,82.82,2601.56005859375,4468.830078125,15.850000381469728,102.5199966430664,112.28,306.138,309.646,-193.858,257.68,162.595898776549,1313.640015,1304.3300257142857,1283.2626708333335,-0.23012819451674327
2023-08-11,5.5,5.25,5.375,3.5,1.875,83.19,2591.260009765625,4464.0498046875,14.84000015258789,102.83999633789062,112.28,306.138,309.646,-193.858,257.68,162.595898776549,1318.329956,1307.462873142857,1284.1566690333334,0.35701873773996695
2023-08-12,5.5,5.25,5.375,3.5,1.875,83.19,2591.260009765625,4464.0498046875,14.84000015258789,102.83999633789062,112.28,306.138,309.646,-193.858,257.68,162.595898776549,1318.329956,1310.5957205714287,1285.6110025333332,0.0
2023-08-13,5.5,5.25,5.375,3.5,1.875,83.19,2591.260009765625,4464.0498046875,14.84000015258789,102.83999633789062,112.28,306.138,309.646,-193.858,257.68,162.595898776549,1318.329956,1313.728568,1287.3276692,0.0
2023-08-14,5.5,5.25,5.375,3.5,1.875,82.51,2570.8701171875,4489.72021484375,14.81999969482422,103.19000244140624,112.28,306.138,309.646,-193.858,257.68,162.595898776549,1329.609985,1317.5228445714285,1289.4203368333333,0.8556301818571477
2023-08-15,5.5,5.25,5.375,3.5,1.875,80.99,2570.8701171875,4437.85986328125,16.459999084472656,103.20999908447266,112.28,306.138,309.646,-193.858,257.68,162.595898776549,1334.73999,1321.3785574285716,1291.6840046333334,0.38582780348177526
2023-08-16,5.5,5.25,5.375,3.5,1.875,79.38,2525.639892578125,4404.330078125,16.780000686645508,103.41999816894533,112.28,306.138,309.646,-193.858,257.68,162.595898776549,1338.73999,1324.5314068571429,1294.0306721,0.2996838358008569
2023-08-17,5.5,5.25,5.375,3.5,1.875,80.39,2519.85009765625,4370.35986328125,17.889999389648438,103.44000244140624,112.28,306.138,309.646,-193.858,257.68,162.595898776549,1343.329956,1328.7728270000002,1296.6266722666667,0.34285716676021316
2023-08-18,5.5,5.25,5.375,3.5,1.875,81.25,2504.5,4369.7099609375,17.299999237060547,103.37999725341795,112.28,306.138,309.646,-193.858,257.68,162.595898776549,1339.079956,1331.7371127142858,1299.0980061,-0.316377966635617
2023-08-19,5.5,5.25,5.375,3.5,1.875,81.25,2504.5,4369.7099609375,17.299999237060547,103.37999725341795,112.28,306.138,309.646,-193.858,257.68,162.595898776549,1339.079956,1334.7013984285716,1301.5643391,0.0
2023-08-20,5.5,5.25,5.375,3.5,1.875,81.25,2504.5,4369.7099609375,17.299999237060547,103.37999725341795,112.28,306.138,309.646,-193.858,257.68,162.595898776549,1339.079956,1337.6656841428573,1303.5870035,0.0
2023-08-21,5.5,5.25,5.375,3.5,1.875,80.72,2508.800048828125,4399.77001953125,17.1299991607666,103.33000183105467,112.28,306.138,309.646,-193.858,257.68,162.595898776549,1339.170044,1339.0314068571429,1305.6126708333334,0.006727604247691588
2023-08-22,5.5,5.25,5.375,3.5,1.875,80.35,2515.739990234375,4387.5498046875,16.969999313354492,103.55999755859376,112.28,306.138,309.646,-193.858,257.68,162.595898776549,1339.73999,1339.7456925714287,1307.6573363666664,0.04255964375499133
2023-08-23,5.5,5.25,5.375,3.5,1.875,78.89,2505.5,4436.009765625,15.979999542236328,103.36000061035156,112.28,306.138,309.646,-193.858,257.68,162.595898776549,1339.689941,1339.8813998571427,1309.4586669333332,-0.0037357248700131684
2023-08-24,5.5,5.25,5.375,3.5,1.875,79.05,2537.679931640625,4376.31005859375,17.200000762939453,103.9800033569336,112.28,306.138,309.646,-193.858,257.68,162.595898776549,1327.780029,1337.6599817142858,1311.0336669333335,-0.8890051074885275
2023-08-25,5.5,5.25,5.375,3.5,1.875,79.83,2519.139892578125,4405.7099609375,15.68000030517578,104.08000183105467,112.28,306.138,309.646,-193.858,257.68,162.595898776549,1326.619995,1335.8799872857144,1312.7836669333335,-0.08736642927772431
2023-08-26,5.5,5.25,5.375,3.5,1.875,79.83,2519.139892578125,4405.7099609375,15.68000030517578,104.08000183105467,112.28,306.138,309.646,-193.858,257.68,162.595898776549,1326.619995,1334.099992857143,1314.4986653,0.0
2023-08-27,5.5,5.25,5.375,3.5,1.875,79.83,2519.139892578125,4405.7099609375,15.68000030517578,104.08000183105467,112.28,306.138,309.646,-193.858,257.68,162.595898776549,1326.619995,1332.3199984285714,1315.9233316333334,0.0
2023-08-28,5.5,5.25,5.375,3.5,1.875,80.1,2543.409912109375,4433.31005859375,15.079999923706056,104.05999755859376,112.28,306.138,309.646,-193.858,257.68,162.595898776549,1323.609985,1330.097132857143,1317.2476643,-0.22689315790087594
2023-08-29,5.5,5.25,5.375,3.5,1.875,81.16,2552.159912109375,4497.6298828125,14.449999809265137,103.5500030517578,112.28,306.138,309.646,-193.858,257.68,162.595898776549,1322.819946,1327.6799837142858,1318.5456623333332,-0.059688201883723035
2023-08-30,5.5,5.25,5.375,3.5,1.875,81.63,2561.219970703125,4514.8701171875,13.880000114440918,103.16000366210938,112.28,306.138,309.646,-193.858,257.68,162.595898776549,1321.069946,1325.0199844285714,1320.1683267,-0.13229313674107956
2023-08-31,5.5,5.25,5.375,3.5,1.875,83.63,2556.27001953125,4507.66015625,13.56999969482422,103.62000274658205,112.28,306.138,309.646,-193.858,257.68,162.595898776549,1323.030029,1324.341413,1321.6716592,0.14837087210519684
2023-09-01,5.5,5.25,5.375,3.5,1.875,85.55,2563.7099609375,4515.77001953125,13.09000015258789,104.23999786376952,112.85,307.374,310.616,-194.52400000000003,258.934,162.595898776549,1324.640015,1324.0585587142855,1322.8579914,0.12168930143006129
2023-09-02,5.5,5.25,5.375,3.5,1.875,85.55,2563.7099609375,4515.77001953125,13.09000015258789,104.23999786376952,112.85,307.374,310.616,-194.52400000000003,258.934,162.595898776549,1324.640015,1323.7757044285715,1323.8336587333333,0.0
2023-09-03,5.5,5.25,5.375,3.5,1.875,85.55,2563.7099609375,4515.77001953125,13.09000015258789,104.23999786376952,112.85,307.374,310.616,-194.52400000000003,258.934,162.595898776549,1324.640015,1323.492850142857,1324.7749917666667,0.0
2023-09-04,5.5,5.25,5.375,3.5,1.875,85.55,2584.550048828125,4515.77001953125,13.09000015258789,104.23999786376952,112.85,307.374,310.616,-194.52400000000003,258.934,162.595898776549,1317.459961,1322.6142752857143,1325.4769896666667,-0.5420381325261348
2023-09-05,5.5,5.25,5.375,3.5,1.875,86.69,2582.179931640625,4496.830078125,14.010000228881836,104.80999755859376,112.85,307.374,310.616,-194.52400000000003,258.934,162.595898776549,1317.949951,1321.9185617142855,1326.1953205666666,0.037192022111098844
2023-09-06,5.5,5.25,5.375,3.5,1.875,87.54,2563.340087890625,4465.47998046875,14.449999809265137,104.86000061035156,112.85,307.374,310.616,-194.52400000000003,258.934,162.595898776549,1331.72998,1323.4414237142857,1327.1513182666667,1.04556542450982
2023-09-07,5.5,5.25,5.375,3.5,1.875,86.87,2548.260009765625,4451.14013671875,14.399999618530272,105.05999755859376,112.85,307.374,310.616,-194.52400000000003,258.934,162.595898776549,1333.459961,1324.9314140000001,1328.0083169666666,0.1299047874554926
2023-09-08,5.5,5.25,5.375,3.5,1.875,87.51,2547.679931640625,4457.490234375,13.84000015258789,105.08999633789062,112.85,307.374,310.616,-194.52400000000003,258.934,162.595898776549,1334.02002,1326.2714147142856,1328.5866495000002,0.04200043618707294
2023-09-09,5.5,5.25,5.375,3.5,1.875,87.51,2547.679931640625,4457.490234375,13.84000015258789,105.08999633789062,112.85,307.374,310.616,-194.52400000000003,258.934,162.595898776549,1334.02002,1327.6114154285715,1329.265983,0.0
2023-09-10,5.5,5.25,5.375,3.5,1.875,87.51,2547.679931640625,4457.490234375,13.84000015258789,105.08999633789062,112.85,307.374,310.616,-194.52400000000003,258.934,162.595898776549,1334.02002,1328.9514161428572,1329.7889851333334,0.0
2023-09-11,5.5,5.25,5.375,3.5,1.875,87.29,2556.8798828125,4487.4599609375,13.800000190734863,104.56999969482422,112.85,307.374,310.616,-194.52400000000003,258.934,162.595898776549,1335.319946,1331.5028425714283,1330.3553181333334,0.09744426474200818
2023-09-12,5.5,5.25,5.375,3.5,1.875,88.84,2536.580078125,4461.89990234375,14.229999542236328,104.70999908447266,112.85,307.374,310.616,-194.52400000000003,258.934,162.595898776549,1320.439941,1331.8585554285714,1330.4256509666668,-1.1143400534511239
2023-09-13,5.5,5.25,5.375,3.5,1.875,88.52,2534.699951171875,4467.43994140625,13.479999542236328,104.7699966430664,112.85,307.374,310.616,-194.52400000000003,258.934,162.595898776549,1324.099976,1330.7685548571428,1330.241984,0.27718299684482695
2023-09-14,5.5,5.25,5.375,3.5,1.875,90.16,2572.889892578125,4505.10009765625,12.81999969482422,105.41000366210938,112.85,307.374,310.616,-194.52400000000003,258.934,162.595898776549,1329.77002,1330.2414204285712,1330.0763183333333,0.42821872236027403
2023-09-15,5.5,5.25,5.375,3.5,1.875,90.77,2601.280029296875,4450.31982421875,13.789999961853027,105.31999969482422,112.85,307.374,310.616,-194.52400000000003,258.934,162.595898776549,1327.060059,1329.247140285714,1329.6869873,-0.20379170527548007
2023-09-16,5.5,5.25,5.375,3.5,1.875,90.77,2601.280029296875,4450.31982421875,13.789999961853027,105.31999969482422,112.85,307.374,310.616,-194.52400000000003,258.934,162.595898776549,1327.060059,1328.2528601428571,1329.1446574000001,0.0
2023-09-17,5.5,5.25,5.375,3.5,1.875,90.77,2601.280029296875,4450.31982421875,13.789999961853027,105.31999969482422,112.85,307.374,310.616,-194.52400000000003,258.934,162.595898776549,1327.060059,1327.25858,1328.7439941666667,0.0
2023-09-18,5.5,5.25,5.375,3.5,1.875,91.48,2574.719970703125,4453.52978515625,14.0,105.1999969482422,112.85,307.374,310.616,-194.52400000000003,258.934,162.595898776549,1328.420044,1326.2728797142856,1328.3886637666665,0.10248104377619249
2023-09-19,5.5,5.25,5.375,3.5,1.875,91.2,2559.2099609375,4443.9501953125,14.109999656677246,105.1999969482422,112.85,307.374,310.616,-194.52400000000003,258.934,162.595898776549,1329.660034,1327.5900358571428,1328.0746663666664,0.09334321667311407
2023-09-20,5.5,5.25,5.375,3.5,1.875,90.28,2559.739990234375,4402.2001953125,15.140000343322754,105.16000366210938,112.85,307.374,310.616,-194.52400000000003,258.934,162.595898776549,1328.530029,1328.2229005714285,1327.7199991999998,-0.08498450514456968
2023-09-21,5.5,5.25,5.375,3.5,1.875,89.63,2514.969970703125,4330.0,17.540000915527344,105.36000061035156,112.85,307.374,310.616,-194.52400000000003,258.934,162.595898776549,1332.339966,1328.5900357142857,1327.4733317333335,0.28677838790500676
2023-09-22,5.5,5.25,5.375,3.5,1.875,90.03,2508.1298828125,4320.06005859375,17.200000762939453,105.58000183105467,112.85,307.374,310.616,-194.52400000000003,258.934,162.595898776549,1341.170044,1330.6057478571431,1327.5226685,0.662749615363567
2023-09-23,5.5,5.25,5.375,3.5,1.875,90.03,2508.1298828125,4320.06005859375,17.200000762939453,105.58000183105467,112.85,307.374,310.616,-194.52400000000003,258.934,162.595898776549,1341.170044,1332.62146,1327.969002333333,0.0
2023-09-24,5.5,5.25,5.375,3.5,1.875,90.03,2508.1298828125,4320.06005859375,17.200000762939453,105.58000183105467,112.85,307.374,310.616,-194.52400000000003,258.934,162.595898776549,1341.170044,1334.637172142857,1328.4540039666667,0.0
2023-09-25,5.5,5.25,5.375,3.5,1.875,89.68,2495.760009765625,4337.43994140625,16.899999618530273,106.0,112.85,307.374,310.616,-194.52400000000003,258.934,162.595898776549,1334.660034,1335.528599285714,1328.7220052666669,-0.48539780836321933
2023-09-26,5.5,5.25,5.375,3.5,1.875,90.39,2462.969970703125,4273.52978515625,18.940000534057617,106.2300033569336,112.85,307.374,310.616,-194.52400000000003,258.934,162.595898776549,1338.449951,1336.7843017142857,1329.1163371333334,0.2839612263387803
2023-09-27,5.5,5.25,5.375,3.5,1.875,93.68,2465.070068359375,4274.509765625,18.21999931335449,106.66999816894533,112.85,307.374,310.616,-194.52400000000003,258.934,162.595898776549,1353.75,1340.3871547142858,1330.1210042999999,1.1431170055009376
2023-09-28,5.5,5.25,5.375,3.5,1.875,91.71,2465.070068359375,4299.7001953125,17.34000015258789,106.22000122070312,112.85,307.374,310.616,-194.52400000000003,258.934,162.595898776549,1352.819946,1343.312866142857,1331.1210042999999,-0.06870204986149098
2023-09-29,5.5,5.25,5.375,3.5,1.875,90.79,2465.070068359375,4288.0498046875,17.520000457763672,106.16999816894533,112.85,307.374,310.616,-194.52400000000003,258.934,162.595898776549,1347.849976,1344.2671421428572,1332.0136719666666,-0.3673785276965491
2023-09-30,5.5,5.25,5.375,3.5,1.875,90.79,2465.070068359375,4288.0498046875,17.520000457763672,106.16999816894533,112.85,307.374,310.616,-194.52400000000003,258.934,162.595898776549,1347.849976,1345.2214181428571,1332.8410035333332,0.0
2023-10-01,5.5,5.25,5.375,3.5,1.875,90.79,2465.070068359375,4288.0498046875,17.520000457763672,106.16999816894533,113.27,307.653,311.433,-194.38300000000004,255.192,164.195320971296,1347.849976,1346.175694142857,1333.6146689000002,0.0
2023-10-02,5.5,5.25,5.375,3.5,1.875,88.82,2465.070068359375,4288.39013671875,17.610000610351562,106.9000015258789,113.27,307.653,311.433,-194.38300000000004,255.192,164.195320971296,1351.939941,1348.6442522857142,1334.524666433333,0.30344363785483885
2023-10-03,5.5,5.25,5.375,3.5,1.875,89.23,2465.070068359375,4229.4501953125,19.780000686645508,107.0,113.27,307.653,311.433,-194.38300000000004,255.192,164.195320971296,1354.189941,1350.8928222857144,1335.5096639666667,0.16642751144224643
2023-10-04,5.5,5.25,5.375,3.5,1.875,84.22,2405.68994140625,4263.75,18.57999992370605,106.8000030517578,113.27,307.653,311.433,-194.38300000000004,255.192,164.195320971296,1359.219971,1351.6742467142856,1336.9016643,0.37144198518306304
2023-10-05,5.5,5.25,5.375,3.5,1.875,82.31,2403.60009765625,4258.18994140625,18.489999771118164,106.33000183105467,113.27,307.653,311.433,-194.38300000000004,255.192,164.195320971296,1351.160034,1351.4371164285715,1338.0086670666667,-0.5929825320378557
2023-10-06,5.5,5.25,5.375,3.5,1.875,82.79,2408.72998046875,4308.5,17.450000762939453,106.04000091552734,113.27,307.653,311.433,-194.38300000000004,255.192,164.195320971296,1346.060059,1351.1814140000001,1338.4863363666666,-0.3774515876481366
2023-10-07,5.5,5.25,5.375,3.5,1.875,82.79,2408.72998046875,4308.5,17.450000762939453,106.04000091552734,113.27,307.653,311.433,-194.38300000000004,255.192,164.195320971296,1346.060059,1350.9257115714286,1338.9063396333333,0.0
2023-10-08,5.5,5.25,5.375,3.5,1.875,82.79,2408.72998046875,4308.5,17.450000762939453,106.04000091552734,113.27,307.653,311.433,-194.38300000000004,255.192,164.195320971296,1346.060059,1350.6700091428572,1339.3076742666665,0.0
2023-10-09,5.5,5.25,5.375,3.5,1.875,86.38,2408.72998046875,4335.66015625,17.700000762939453,106.08000183105467,113.27,307.653,311.433,-194.38300000000004,255.192,164.195320971296,1343.359985,1349.444301142857,1339.6190064333334,-0.2005909009740403
2023-10-10,5.5,5.25,5.375,3.5,1.875,85.97,2402.580078125,4358.240234375,17.030000686645508,105.83000183105467,113.27,307.653,311.433,-194.38300000000004,255.192,164.195320971296,1346.890015,1348.4014545714285,1340.0480062666663,0.26277617611185633
2023-10-11,5.5,5.25,5.375,3.5,1.875,83.49,2450.080078125,4376.9501953125,16.09000015258789,105.81999969482422,113.27,307.653,311.433,-194.38300000000004,255.192,164.195320971296,1341.890015,1345.9257465714286,1340.2670085666666,-0.3712255599429892
2023-10-12,5.5,5.25,5.375,3.5,1.875,82.91,2479.820068359375,4349.60986328125,16.690000534057617,106.56999969482422,113.27,307.653,311.433,-194.38300000000004,255.192,164.195320971296,1338.26001,1344.082886,1340.8610108666664,-0.2705143461403603
2023-10-13,5.5,5.25,5.375,3.5,1.875,87.69,2456.14990234375,4327.77978515625,19.31999969482422,106.6500015258789,113.27,307.653,311.433,-194.38300000000004,255.192,164.195320971296,1348.339966,1344.4085870000001,1341.6690105333332,0.7532135702089882
2023-10-14,5.5,5.25,5.375,3.5,1.875,87.69,2456.14990234375,4327.77978515625,19.31999969482422,106.6500015258789,113.27,307.653,311.433,-194.38300000000004,255.192,164.195320971296,1348.339966,1344.7342879999999,1342.2880087333333,0.0
2023-10-15,5.5,5.25,5.375,3.5,1.875,87.69,2456.14990234375,4327.77978515625,19.31999969482422,106.6500015258789,113.27,307.653,311.433,-194.38300000000004,255.192,164.195320971296,1348.339966,1345.059989,1342.9973389666666,0.0
2023-10-16,5.5,5.25,5.375,3.5,1.875,86.66,2436.239990234375,4373.6298828125,17.209999084472656,106.23999786376952,113.27,307.653,311.433,-194.38300000000004,255.192,164.195320971296,1352.069946,1346.304269142857,1343.8310018666666,0.2766349803503543
2023-10-17,5.5,5.25,5.375,3.5,1.875,86.66,2460.169921875,4373.2001953125,17.8799991607666,106.25,113.27,307.653,311.433,-194.38300000000004,255.192,164.195320971296,1347.76001,1346.4285541428574,1344.5210002333333,-0.3187657571082525
2023-10-18,5.5,5.25,5.375,3.5,1.875,88.32,2462.60009765625,4314.60009765625,19.21999931335449,106.56999969482422,113.27,307.653,311.433,-194.38300000000004,255.192,164.195320971296,1352.98999,1348.014264857143,1345.3399984333334,0.38804979827231634
2023-10-19,5.5,5.25,5.375,3.5,1.875,89.37,2415.800048828125,4278.0,21.39999961853028,106.25,113.27,307.653,311.433,-194.38300000000004,255.192,164.195320971296,1354.560059,1350.3428432857143,1346.1699992666665,0.11604439142967049
2023-10-20,5.5,5.25,5.375,3.5,1.875,88.75,2375.0,4224.16015625,21.709999084472656,106.16000366210938,113.27,307.653,311.433,-194.38300000000004,255.192,164.195320971296,1356.22998,1351.4699881428571,1347.0933309666666,0.12328142919206808
2023-10-21,5.5,5.25,5.375,3.5,1.875,88.75,2375.0,4224.16015625,21.709999084472656,106.16000366210938,113.27,307.653,311.433,-194.38300000000004,255.192,164.195320971296,1356.22998,1352.597133,1347.8896647666666,0.0
2023-10-22,5.5,5.25,5.375,3.5,1.875,88.75,2375.0,4224.16015625,21.709999084472656,106.16000366210938,113.27,307.653,311.433,-194.38300000000004,255.192,164.195320971296,1356.22998,1353.7242778571429,1348.3916626333335,0.0
2023-10-23,5.5,5.25,5.375,3.5,1.875,85.49,2357.02001953125,4217.0400390625,20.3700008392334,105.54000091552734,113.27,307.653,311.433,-194.38300000000004,255.192,164.195320971296,1349.339966,1353.3342807142858,1348.6639933666668,-0.5080269645713065
2023-10-24,5.5,5.25,5.375,3.5,1.875,83.74,2383.510009765625,4247.68017578125,18.96999931335449,106.2699966430664,113.27,307.653,311.433,-194.38300000000004,255.192,164.195320971296,1334.439941,1351.431413714286,1348.4396565999998,-1.1042454366907761
2023-10-25,5.5,5.25,5.375,3.5,1.875,85.39,2363.169921875,4186.77001953125,20.190000534057617,106.52999877929688,113.27,307.653,311.433,-194.38300000000004,255.192,164.195320971296,1343.640015,1350.0957030000002,1348.7389893,0.6894333508262296
2023-10-26,5.5,5.25,5.375,3.5,1.875,83.21,2299.080078125,4137.22998046875,20.68000030517578,106.5999984741211,113.27,307.653,311.433,-194.38300000000004,255.192,164.195320971296,1352.680054,1349.8271308571427,1349.2133260666667,0.6728021567592224
2023-10-27,5.5,5.25,5.375,3.5,1.875,85.54,2302.81005859375,4117.3701171875,21.270000457763672,106.55999755859376,113.27,307.653,311.433,-194.38300000000004,255.192,164.195320971296,1350.339966,1348.9857002857145,1349.0996582666667,-0.17299641501181684
2023-10-28,5.5,5.25,5.375,3.5,1.875,85.54,2302.81005859375,4117.3701171875,21.270000457763672,106.55999755859376,113.27,307.653,311.433,-194.38300000000004,255.192,164.195320971296,1350.339966,1348.1442697142859,1349.0169922666666,0.0
2023-10-29,5.5,5.25,5.375,3.5,1.875,85.54,2302.81005859375,4117.3701171875,21.270000457763672,106.55999755859376,113.27,307.653,311.433,-194.38300000000004,255.192,164.195320971296,1350.339966,1347.3028391428572,1349.0999919333333,0.0
2023-10-30,5.5,5.25,5.375,3.5,1.875,82.31,2310.550048828125,4166.81982421875,19.75,106.12000274658205,113.27,307.653,311.433,-194.38300000000004,255.192,164.195320971296,1355.219971,1348.142839857143,1349.3456584333335,0.36139084400024224
2023-10-31,5.5,5.25,5.375,3.5,1.875,81.02,2277.989990234375,4193.7998046875,18.13999938964844,106.66000366210938,113.27,307.653,311.433,-194.38300000000004,255.192,164.195320971296,1348.069946,1350.0899834285715,1349.3529907666666,-0.5275914724547581
2023-11-01,5.5,5.25,5.375,3.5,1.875,80.44,2301.56005859375,4237.85986328125,16.8700008392334,106.87999725341795,112.68,308.087,312.373,-195.407,252.856,164.195320971296,1350.160034,1351.0214147142856,1349.2936605333334,0.1550429935925468
2023-11-02,5.5,5.25,5.375,3.5,1.875,82.46,2343.1201171875,4317.77978515625,15.65999984741211,106.12000274658205,112.68,308.087,312.373,-195.407,252.856,164.195320971296,1347.839966,1350.3299735714286,1349.0819946999998,-0.1718365187515225
2023-11-03,5.5,5.25,5.375,3.5,1.875,80.51,2368.340087890625,4358.33984375,14.90999984741211,105.0199966430664,112.68,308.087,312.373,-195.407,252.856,164.195320971296,1333.680054,1347.9499861428571,1348.2306641333334,-1.0505632981059776
2023-11-04,5.5,5.25,5.375,3.5,1.875,80.51,2368.340087890625,4358.33984375,14.90999984741211,105.0199966430664,112.68,308.087,312.373,-195.407,252.856,164.195320971296,1333.680054,1345.5699987142857,1347.6479981333332,0.0
2023-11-05,5.5,5.25,5.375,3.5,1.875,80.51,2368.340087890625,4358.33984375,14.90999984741211,105.0199966430664,112.68,308.087,312.373,-195.407,252.856,164.195320971296,1333.680054,1343.1900112857143,1347.2353312999999,0.0
2023-11-06,5.5,5.25,5.375,3.5,1.875,80.82,2502.3701171875,4365.97998046875,14.890000343322754,105.22000122070312,112.68,308.087,312.373,-195.407,252.856,164.195320971296,1307.839966,1336.4214391428573,1345.9613282,-1.9375027708107173
2023-11-07,5.5,5.25,5.375,3.5,1.875,77.37,2443.9599609375,4378.3798828125,14.8100004196167,105.54000091552734,112.68,308.087,312.373,-195.407,252.856,164.195320971296,1297.109985,1329.1414447142856,1344.3296590666666,-0.8204353192246772
2023-11-08,5.5,5.25,5.375,3.5,1.875,75.33,2421.6201171875,4382.77978515625,14.449999809265137,105.58999633789062,112.68,308.087,312.373,-195.407,252.856,164.195320971296,1304.550049,1322.6257325714284,1343.0359945333332,0.5735877516970911
2023-11-09,5.5,5.25,5.375,3.5,1.875,75.74,2427.080078125,4347.35009765625,15.289999961853027,105.91000366210938,112.68,308.087,312.373,-195.407,252.856,164.195320971296,1308.119995,1316.9514510000001,1341.7436605333335,0.27365343343757065
2023-11-10,5.5,5.25,5.375,3.5,1.875,77.17,2409.659912109375,4415.240234375,14.170000076293944,105.86000061035156,112.68,308.087,312.373,-195.407,252.856,164.195320971296,1315.199951,1314.3114362857143,1340.8539917333333,0.5412313875685415
2023-11-11,5.5,5.25,5.375,3.5,1.875,77.17,2409.659912109375,4415.240234375,14.170000076293944,105.86000061035156,112.68,308.087,312.373,-195.407,252.856,164.195320971296,1315.199951,1311.6714215714287,1340.0853231,0.0
2023-11-12,5.5,5.25,5.375,3.5,1.875,77.17,2409.659912109375,4415.240234375,14.170000076293944,105.86000061035156,112.68,308.087,312.373,-195.407,252.856,164.195320971296,1315.199951,1309.0314068571429,1338.9806559333333,0.0
2023-11-13,5.5,5.25,5.375,3.5,1.875,78.26,2403.760009765625,4411.5498046875,14.760000228881836,105.66000366210938,112.68,308.087,312.373,-195.407,252.856,164.195320971296,1319.619995,1310.7142681428572,1338.0233235666667,0.3360739176304861
2023-11-14,5.5,5.25,5.375,3.5,1.875,78.26,2433.25,4495.7001953125,14.15999984741211,104.11000061035156,112.68,308.087,312.373,-195.407,252.856,164.195320971296,1319.069946,1313.8514054285715,1337.0476562333336,-0.04168237841833955
2023-11-15,5.5,5.25,5.375,3.5,1.875,76.66,2486.669921875,4502.8798828125,14.18000030517578,104.38999938964844,112.68,308.087,312.373,-195.407,252.856,164.195320971296,1304.23999,1313.8071112857144,1335.4533243666667,-1.1242736630434957
2023-11-16,5.5,5.25,5.375,3.5,1.875,72.9,2488.179931640625,4508.240234375,14.31999969482422,104.37000274658205,112.68,308.087,312.373,-195.407,252.856,164.195320971296,1301.859985,1312.912824142857,1333.9233235333334,-0.1824821365889906
2023-11-17,5.5,5.25,5.375,3.5,1.875,75.89,2469.85009765625,4514.02001953125,13.800000190734863,103.81999969482422,112.68,308.087,312.373,-195.407,252.856,164.195320971296,1292.449951,1309.6628241428573,1331.9053222333334,-0.7228145966864497
2023-11-18,5.5,5.25,5.375,3.5,1.875,75.89,2469.85009765625,4514.02001953125,13.800000190734863,103.81999969482422,112.68,308.087,312.373,-195.407,252.856,164.195320971296,1292.449951,1306.412824142857,1329.8349853000002,0.0
2023-11-19,5.5,5.25,5.375,3.5,1.875,75.89,2469.85009765625,4514.02001953125,13.800000190734863,103.81999969482422,112.68,308.087,312.373,-195.407,252.856,164.195320971296,1292.449951,1303.1628241428573,1327.7089843333333,0.0
2023-11-20,5.5,5.25,5.375,3.5,1.875,77.6,2491.199951171875,4547.3798828125,13.40999984741211,103.47000122070312,112.68,308.087,312.373,-195.407,252.856,164.195320971296,1294.5,1299.5742534285714,1325.6513183333334,0.15861728327768443
2023-11-21,5.5,5.25,5.375,3.5,1.875,77.77,2510.419921875,4538.18994140625,13.350000381469728,103.58999633789062,112.68,308.087,312.373,-195.407,252.856,164.195320971296,1288.150024,1295.157121714286,1323.3819864666666,-0.4905350328312075
2023-11-22,5.5,5.25,5.375,3.5,1.875,77.1,2511.699951171875,4556.6201171875,12.850000381469728,103.91999816894533,112.68,308.087,312.373,-195.407,252.856,164.195320971296,1295.189941,1293.8642575714289,1321.5769856333332,0.5465137498611883
2023-11-23,5.5,5.25,5.375,3.5,1.875,77.1,2514.9599609375,4556.6201171875,12.850000381469728,103.91999816894533,112.68,308.087,312.373,-195.407,252.856,164.195320971296,1298.790039,1293.425693857143,1320.3886555666666,0.2779590765830342
2023-11-24,5.5,5.25,5.375,3.5,1.875,75.54,2496.6298828125,4559.33984375,12.460000038146973,103.4000015258789,112.68,308.087,312.373,-195.407,252.856,164.195320971296,1300.180054,1294.5299942857143,1318.9399902,0.10702384205765192
2023-11-25,5.5,5.25,5.375,3.5,1.875,75.54,2496.6298828125,4559.33984375,12.460000038146973,103.4000015258789,112.68,308.087,312.373,-195.407,252.856,164.195320971296,1300.180054,1295.6342947142857,1317.1899902,0.0
2023-11-26,5.5,5.25,5.375,3.5,1.875,75.54,2496.6298828125,4559.33984375,12.460000038146973,103.4000015258789,112.68,308.087,312.373,-195.407,252.856,164.195320971296,1300.180054,1296.738595142857,1315.5179931333334,0.0
2023-11-27,5.5,5.25,5.375,3.5,1.875,74.86,2495.659912109375,4550.43017578125,12.6899995803833,103.1999969482422,112.68,308.087,312.373,-195.407,252.856,164.195320971296,1289.790039,1296.0657435714286,1313.4996622333335,-0.7991212423260174
2023-11-28,5.5,5.25,5.375,3.5,1.875,76.41,2521.760009765625,4554.89013671875,12.6899995803833,102.75,112.68,308.087,312.373,-195.407,252.856,164.195320971296,1302.530029,1298.1200299999998,1311.905997666667,0.9877568918021495
2023-11-29,5.5,5.25,5.375,3.5,1.875,77.86,2519.81005859375,4550.580078125,12.979999542236328,102.7699966430664,112.68,308.087,312.373,-195.407,252.856,164.195320971296,1287.530029,1297.0257568571428,1309.6496662666664,-1.151604927797023
2023-11-30,5.5,5.25,5.375,3.5,1.875,75.96,2535.2900390625,4567.7998046875,12.920000076293944,103.5,112.68,308.087,312.373,-195.407,252.856,164.195320971296,1288.359985,1295.5357491428572,1307.6593342333333,0.0644610984836369
2023-12-01,5.5,5.25,5.375,3.5,1.875,74.07,2505.010009765625,4594.6298828125,12.630000114440918,103.2699966430664,112.73,308.735,313.23,-196.005,249.866,164.195320971296,1296.660034,1295.032889142857,1305.8760009,0.6442336844232122
2023-12-02,5.5,5.25,5.375,3.5,1.875,74.07,2505.010009765625,4594.6298828125,12.630000114440918,103.2699966430664,112.73,308.735,313.23,-196.005,249.866,164.195320971296,1296.660034,1294.530029142857,1304.1700031666667,0.0
2023-12-03,5.5,5.25,5.375,3.5,1.875,74.07,2505.010009765625,4594.6298828125,12.630000114440918,103.2699966430664,112.73,308.735,313.23,-196.005,249.866,164.195320971296,1296.660034,1294.027169142857,1302.9360024999999,0.0
2023-12-04,5.5,5.25,5.375,3.5,1.875,73.04,2514.949951171875,4569.77978515625,13.079999923706056,103.63999938964844,112.73,308.735,313.23,-196.005,249.866,164.195320971296,1299.189941,1295.3700122857142,1301.7863320666665,0.1951095070151565
2023-12-05,5.5,5.25,5.375,3.5,1.875,72.32,2494.280029296875,4567.18017578125,12.850000381469728,104.0500030517578,112.73,308.735,313.23,-196.005,249.866,164.195320971296,1307.800049,1296.1228722857143,1300.9236652333336,0.6627289611996767
2023-12-06,5.5,5.25,5.375,3.5,1.875,69.38,2495.3798828125,4549.33984375,12.970000267028809,104.1500015258789,112.73,308.735,313.23,-196.005,249.866,164.195320971296,1313.369995,1299.814296,1301.1079995333334,0.42590195682123966
2023-12-07,5.5,5.25,5.375,3.5,1.875,69.34,2492.070068359375,4585.58984375,13.0600004196167,103.54000091552734,112.73,308.735,313.23,-196.005,249.866,164.195320971296,1313.719971,1303.437151142857,1301.6616657333334,0.026647174926508477
2023-12-08,5.5,5.25,5.375,3.5,1.875,71.23,2517.85009765625,4604.3701171875,12.350000381469728,104.01000213623048,112.73,308.735,313.23,-196.005,249.866,164.195320971296,1312.76001,1305.7371477142858,1301.9353311000002,-0.0730719651973688
2023-12-09,5.5,5.25,5.375,3.5,1.875,71.23,2517.85009765625,4604.3701171875,12.350000381469728,104.01000213623048,112.73,308.735,313.23,-196.005,249.866,164.195320971296,1312.76001,1308.0371442857142,1302.0899982666667,0.0
2023-12-10,5.5,5.25,5.375,3.5,1.875,71.23,2517.85009765625,4604.3701171875,12.350000381469728,104.01000213623048,112.73,308.735,313.23,-196.005,249.866,164.195320971296,1312.76001,1310.3371408571427,1302.0086669,0.0
2023-12-11,5.5,5.25,5.375,3.5,1.875,71.32,2525.360107421875,4622.43994140625,12.630000114440918,104.0999984741211,112.73,308.735,313.23,-196.005,249.866,164.195320971296,1316.51001,1312.8114364285714,1302.0523355333332,0.2856576961085322
2023-12-12,5.5,5.25,5.375,3.5,1.875,68.61,2535.27001953125,4643.7001953125,12.06999969482422,103.87000274658205,112.73,308.735,313.23,-196.005,249.866,164.195320971296,1313.619995,1313.6428572857144,1301.9996703333336,-0.21952092867110196
2023-12-13,5.5,5.25,5.375,3.5,1.875,69.47,2510.659912109375,4707.08984375,12.1899995803833,102.87000274658205,112.73,308.735,313.23,-196.005,249.866,164.195320971296,1310.140015,1313.1814315714287,1301.683671,-0.2649152733093185
2023-12-14,5.5,5.25,5.375,3.5,1.875,71.58,2544.179931640625,4719.5498046875,12.479999542236328,101.95999908447266,112.73,308.735,313.23,-196.005,249.866,164.195320971296,1292.01001,1310.0800085714286,1300.7816731333332,-1.3838219421150932
2023-12-15,5.5,5.25,5.375,3.5,1.875,71.43,2563.56005859375,4719.18994140625,12.279999732971191,102.5500030517578,112.73,308.735,313.23,-196.005,249.866,164.195320971296,1291.920044,1307.1028705714286,1300.3710082666664,-0.006963258744407952
2023-12-16,5.5,5.25,5.375,3.5,1.875,71.43,2563.56005859375,4719.18994140625,12.279999732971191,102.5500030517578,112.73,308.735,313.23,-196.005,249.866,164.195320971296,1291.920044,1304.1257325714284,1300.0396769000001,0.0
2023-12-17,5.5,5.25,5.375,3.5,1.875,71.43,2563.56005859375,4719.18994140625,12.279999732971191,102.5500030517578,112.73,308.735,313.23,-196.005,249.866,164.195320971296,1291.920044,1301.1485945714285,1300.0220133333335,0.0
2023-12-18,5.5,5.25,5.375,3.5,1.875,72.47,2566.860107421875,4740.56005859375,12.5600004196167,102.51000213623048,112.73,308.735,313.23,-196.005,249.866,164.195320971296,1276.469971,1295.4285889999999,1299.4893473333332,-1.1959000924054108
2023-12-19,5.5,5.25,5.375,3.5,1.875,73.44,2568.550048828125,4768.3701171875,12.529999732971191,102.16999816894533,112.73,308.735,313.23,-196.005,249.866,164.195320971296,1302.930054,1293.9014545714288,1299.8386841,2.072910730463229
2023-12-20,5.5,5.25,5.375,3.5,1.875,74.22,2614.300048828125,4698.35009765625,13.670000076293944,102.41000366210938,112.73,308.735,313.23,-196.005,249.866,164.195320971296,1297.76001,1292.1328824285713,1299.9473511,-0.3968013466362108
2023-12-21,5.5,5.25,5.375,3.5,1.875,73.89,2600.02001953125,4746.75,13.649999618530272,101.83999633789062,112.73,308.735,313.23,-196.005,249.866,164.195320971296,1296.97998,1292.8428781428572,1300.2416829666665,-0.0601058742748517
2023-12-22,5.5,5.25,5.375,3.5,1.875,73.56,2599.510009765625,4754.6298828125,13.029999732971191,101.6999969482422,112.73,308.735,313.23,-196.005,249.866,164.195320971296,1291.709961,1292.8128662857143,1300.1256836333334,-0.40633001906474897
2023-12-23,5.5,5.25,5.375,3.5,1.875,73.56,2599.510009765625,4754.6298828125,13.029999732971191,101.6999969482422,112.73,308.735,313.23,-196.005,249.866,164.195320971296,1291.709961,1292.7828544285715,1299.8896810333333,0.0
2023-12-24,5.5,5.25,5.375,3.5,1.875,73.56,2599.510009765625,4754.6298828125,13.029999732971191,101.6999969482422,112.73,308.735,313.23,-196.005,249.866,164.195320971296,1291.709961,1292.7528425714286,1299.6073446,0.0
2023-12-25,5.5,5.25,5.375,3.5,1.875,73.56,2599.510009765625,4754.6298828125,13.029999732971191,101.6999969482422,112.73,308.735,313.23,-196.005,249.866,164.195320971296,1297.359985,1295.737130285714,1299.5133423000002,0.4374065518257586
2023-12-26,5.5,5.25,5.375,3.5,1.875,75.57,2602.590087890625,4774.75,12.989999771118164,101.47000122070312,112.73,308.735,313.23,-196.005,249.866,164.195320971296,1294.579956,1294.544259142857,1299.3266723666666,-0.21428354752285328
2023-12-27,5.5,5.25,5.375,3.5,1.875,74.11,2613.5,4781.580078125,12.43000030517578,100.98999786376952,112.73,308.735,313.23,-196.005,249.866,164.195320971296,1293.920044,1293.9956925714287,1299.4643392,-0.05097498975954462
2023-12-28,5.5,5.25,5.375,3.5,1.875,71.77,2655.280029296875,4783.35009765625,12.470000267028809,101.2300033569336,112.73,308.735,313.23,-196.005,249.866,164.195320971296,1294.76001,1293.678554,1299.2053385666666,0.06491637593026844
2023-12-29,5.5,5.25,5.375,3.5,1.875,71.65,2655.280029296875,4769.830078125,12.449999809265137,101.33000183105467,112.73,308.735,313.23,-196.005,249.866,164.195320971296,1277.839966,1291.697126142857,1298.8823364666669,-1.3068092827488553
2023-12-30,5.5,5.25,5.375,3.5,1.875,71.65,2655.280029296875,4769.830078125,12.449999809265137,101.33000183105467,112.73,308.735,313.23,-196.005,249.866,164.195320971296,1277.839966,1289.7156982857143,1298.5316691666667,0.0
2023-12-31,5.5,5.25,5.375,3.5,1.875,71.65,2655.280029296875,4769.830078125,12.449999809265137,101.33000183105467,112.73,308.735,313.23,-196.005,249.866,164.195320971296,1277.839966,1287.7342704285713,1297.9043335666668,0.0
2024-01-01,5.5,5.25,5.375,3.5,1.875,71.65,2655.280029296875,4769.830078125,12.449999809265137,101.33000183105467,113.17,309.794,314.389,-196.624,251.306,160.341644340885,1293.530029,1287.187133857143,1297.8000000666666,1.2278582152281725
2024-01-02,5.5,5.25,5.375,3.5,1.875,70.38,2669.81005859375,4742.830078125,13.199999809265137,102.1999969482422,113.17,309.794,314.389,-196.624,251.306,160.341644340885,1293.540039,1287.0385742857143,1297.6960002333333,0.0007738513815302994
2024-01-03,5.5,5.25,5.375,3.5,1.875,72.7,2607.31005859375,4704.81005859375,14.039999961853027,102.45999908447266,113.17,309.794,314.389,-196.624,251.306,160.341644340885,1307.619995,1288.995710142857,1297.9770020333335,1.088482426170967
2024-01-04,5.5,5.25,5.375,3.5,1.875,72.19,2587.02001953125,4688.68017578125,14.130000114440918,102.41999816894533,113.17,309.794,314.389,-196.624,251.306,160.341644340885,1309.530029,1291.1057128571429,1298.0346680333334,0.14606950087208137
2024-01-05,5.5,5.25,5.375,3.5,1.875,73.81,2578.080078125,4697.240234375,13.350000381469728,102.41000366210938,113.17,309.794,314.389,-196.624,251.306,160.341644340885,1311.25,1295.878574857143,1297.9640015333332,0.1313426161989817
2024-01-06,5.5,5.25,5.375,3.5,1.875,73.81,2578.080078125,4697.240234375,13.350000381469728,102.41000366210938,113.17,309.794,314.389,-196.624,251.306,160.341644340885,1311.25,1300.651436857143,1297.8816691666666,0.0
2024-01-07,5.5,5.25,5.375,3.5,1.875,73.81,2578.080078125,4697.240234375,13.350000381469728,102.41000366210938,113.17,309.794,314.389,-196.624,251.306,160.341644340885,1311.25,1305.4242988571427,1297.8313355,0.0
2024-01-08,5.5,5.25,5.375,3.5,1.875,70.77,2567.820068359375,4763.5400390625,13.079999923706056,102.20999908447266,113.17,309.794,314.389,-196.624,251.306,160.341644340885,1313.130005,1308.2242954285716,1297.8436686666669,0.14337502383221512
2024-01-09,5.5,5.25,5.375,3.5,1.875,72.24,2561.239990234375,4756.5,12.760000228881836,102.56999969482422,113.17,309.794,314.389,-196.624,251.306,160.341644340885,1311.800049,1310.832868285714,1297.8116699666668,-0.10128136551110778
2024-01-10,5.5,5.25,5.375,3.5,1.875,71.37,2541.97998046875,4783.4501953125,12.6899995803833,102.36000061035156,113.17,309.794,314.389,-196.624,251.306,160.341644340885,1319.790039,1312.571446,1297.9210042666666,0.6090859659664494
2024-01-11,5.5,5.25,5.375,3.5,1.875,72.02,2540.27001953125,4780.240234375,12.4399995803833,102.29000091552734,113.17,309.794,314.389,-196.624,251.306,160.341644340885,1317.5,1313.7100132857142,1298.0503377666666,-0.17351540262685594
2024-01-12,5.5,5.25,5.375,3.5,1.875,72.68,2525.050048828125,4783.830078125,12.699999809265137,102.4000015258789,113.17,309.794,314.389,-196.624,251.306,160.341644340885,1311.98999,1313.815726142857,1298.1120036,-0.41821707779885475
2024-01-13,5.5,5.25,5.375,3.5,1.875,72.68,2525.050048828125,4783.830078125,12.699999809265137,102.4000015258789,113.17,309.794,314.389,-196.624,251.306,160.341644340885,1311.98999,1313.921439,1298.7780029333335,0.0
2024-01-14,5.5,5.25,5.375,3.5,1.875,72.68,2525.050048828125,4783.830078125,12.699999809265137,102.4000015258789,113.17,309.794,314.389,-196.624,251.306,160.341644340885,1311.98999,1314.0271518571428,1299.4470011333333,0.0
2024-01-15,5.5,5.25,5.375,3.5,1.875,72.68,2525.989990234375,4783.830078125,12.699999809265137,102.4000015258789,113.17,309.794,314.389,-196.624,251.306,160.341644340885,1312.849976,1313.9871477142858,1300.1446655333334,0.06554821351951734
2024-01-16,5.5,5.25,5.375,3.5,1.875,72.4,2497.590087890625,4765.97998046875,13.84000015258789,103.36000061035156,113.17,309.794,314.389,-196.624,251.306,160.341644340885,1319.709961,1315.117135142857,1301.0709961,0.5225261930461578
2024-01-17,5.5,5.25,5.375,3.5,1.875,72.56,2435.89990234375,4739.2099609375,14.789999961853027,103.4499969482422,113.17,309.794,314.389,-196.624,251.306,160.341644340885,1337.790039,1317.6885637142857,1303.1149983666667,1.3700039049716617
2024-01-18,5.5,5.25,5.375,3.5,1.875,74.08,2440.0400390625,4780.93994140625,14.130000114440918,103.54000091552734,113.17,309.794,314.389,-196.624,251.306,160.341644340885,1344.050049,1321.481427857143,1304.4856648666669,0.46793665803337436
2024-01-19,5.5,5.25,5.375,3.5,1.875,73.41,2472.739990234375,4839.81005859375,13.300000190734863,103.29000091552734,113.17,309.794,314.389,-196.624,251.306,160.341644340885,1337.660034,1325.148577,1305.8156656666665,-0.47542984018744683
2024-01-20,5.5,5.25,5.375,3.5,1.875,73.41,2472.739990234375,4839.81005859375,13.300000190734863,103.29000091552734,113.17,309.794,314.389,-196.624,251.306,160.341644340885,1337.660034,1328.815726142857,1307.1716674666668,0.0
2024-01-21,5.5,5.25,5.375,3.5,1.875,73.41,2472.739990234375,4839.81005859375,13.300000190734863,103.29000091552734,113.17,309.794,314.389,-196.624,251.306,160.341644340885,1337.660034,1332.4828752857143,1308.7033365666668,0.0
2024-01-22,5.5,5.25,5.375,3.5,1.875,75.19,2464.35009765625,4850.43017578125,13.1899995803833,103.33000183105467,113.17,309.794,314.389,-196.624,251.306,160.341644340885,1333.209961,1335.3914445714286,1310.0866699,-0.33267593311381294
2024-01-23,5.5,5.25,5.375,3.5,1.875,74.37,2478.610107421875,4864.60009765625,12.550000190734863,103.62000274658205,113.17,309.794,314.389,-196.624,251.306,160.341644340885,1338.73999,1338.110020142857,1311.6543375333333,0.41479055525899255
2024-01-24,5.5,5.25,5.375,3.5,1.875,75.09,2469.68994140625,4868.5498046875,13.140000343322754,103.23999786376952,113.17,309.794,314.389,-196.624,251.306,160.341644340885,1336.780029,1337.9657329999998,1312.9683389999998,-0.14640341026938009
2024-01-25,5.5,5.25,5.375,3.5,1.875,77.36,2470.340087890625,4894.16015625,13.449999809265137,103.56999969482422,113.17,309.794,314.389,-196.624,251.306,160.341644340885,1329.890015,1335.942871,1314.145340966667,-0.5154186814979811
2024-01-26,5.5,5.25,5.375,3.5,1.875,78.01,2478.56005859375,4890.97021484375,13.260000228881836,103.47000122070312,113.17,309.794,314.389,-196.624,251.306,160.341644340885,1336.030029,1335.7100131428572,1315.5490071333331,0.46169336792862836
2024-01-27,5.5,5.25,5.375,3.5,1.875,78.01,2478.56005859375,4890.97021484375,13.260000228881836,103.47000122070312,113.17,309.794,314.389,-196.624,251.306,160.341644340885,1336.030029,1335.4771552857144,1316.9246744333332,0.0
2024-01-28,5.5,5.25,5.375,3.5,1.875,78.01,2478.56005859375,4890.97021484375,13.260000228881836,103.47000122070312,113.17,309.794,314.389,-196.624,251.306,160.341644340885,1336.030029,1335.2442974285714,1318.8643432,0.0
2024-01-29,5.5,5.25,5.375,3.5,1.875,76.78,2500.64990234375,4927.93017578125,13.600000381469728,103.61000061035156,113.17,309.794,314.389,-196.624,251.306,160.341644340885,1336.76001,1335.7514472857142,1320.8283446666667,0.05463806831844664
2024-01-30,5.5,5.25,5.375,3.5,1.875,77.82,2498.81005859375,4924.97021484375,13.3100004196167,103.4000015258789,113.17,309.794,314.389,-196.624,251.306,160.341644340885,1333.209961,1334.961443142857,1322.6740111666666,-0.265571155139499
2024-01-31,5.5,5.25,5.375,3.5,1.875,75.85,2497.090087890625,4845.64990234375,14.350000381469728,103.2699966430664,113.17,309.794,314.389,-196.624,251.306,160.341644340885,1326.619995,1333.5100097142858,1323.7770100333332,-0.49429318657783217
2024-02-01,5.5,5.25,5.375,3.5,1.875,73.82,2542.4599609375,4906.18994140625,13.880000114440918,103.0500030517578,113.78,311.022,315.555,-197.242,254.926,160.341644340885,1333.910034,1334.0842981428573,1325.1226765333333,0.549519759047512
2024-02-02,5.5,5.25,5.375,3.5,1.875,72.28,2615.31005859375,4958.60986328125,13.850000381469728,103.91999816894533,113.78,311.022,315.555,-197.242,254.926,160.341644340885,1328.949951,1333.0728584285716,1325.8336750666667,-0.3718453923857279
2024-02-03,5.5,5.25,5.375,3.5,1.875,72.28,2615.31005859375,4958.60986328125,13.850000381469728,103.91999816894533,113.78,311.022,315.555,-197.242,254.926,160.341644340885,1328.949951,1332.0614187142858,1326.4810057999998,0.0
2024-02-04,5.5,5.25,5.375,3.5,1.875,72.28,2615.31005859375,4958.60986328125,13.850000381469728,103.91999816894533,113.78,311.022,315.555,-197.242,254.926,160.341644340885,1328.949951,1331.049979,1327.0710041666666,0.0
2024-02-05,5.5,5.25,5.375,3.5,1.875,72.78,2591.31005859375,4942.81005859375,13.670000076293944,104.4499969482422,113.78,311.022,315.555,-197.242,254.926,160.341644340885,1337.72998,1331.1885461428574,1327.9536701666666,0.6606741655991843
2024-02-06,5.5,5.25,5.375,3.5,1.875,73.31,2576.199951171875,4954.22998046875,13.0600004196167,104.18000030517578,113.78,311.022,315.555,-197.242,254.926,160.341644340885,1333.390015,1331.2142681428572,1328.6916706666666,-0.32442757992162674
2024-02-07,5.5,5.25,5.375,3.5,1.875,73.86,2609.580078125,4995.06005859375,12.829999923706056,104.04000091552734,113.78,311.022,315.555,-197.242,254.926,160.341644340885,1326.790039,1331.2385601428573,1329.1470051333333,-0.4949771579022988
2024-02-08,5.5,5.25,5.375,3.5,1.875,76.22,2620.320068359375,4997.91015625,12.789999961853027,104.1500015258789,113.78,311.022,315.555,-197.242,254.926,160.341644340885,1327.619995,1330.3399831428571,1329.6743366666667,0.06255368035665843
2024-02-09,5.5,5.25,5.375,3.5,1.875,76.84,2620.320068359375,5026.60986328125,12.93000030517578,104.08000183105467,113.78,311.022,315.555,-197.242,254.926,160.341644340885,1331.469971,1330.699986,1330.0636677333334,0.2899908117156569
2024-02-10,5.5,5.25,5.375,3.5,1.875,76.84,2620.320068359375,5026.60986328125,12.93000030517578,104.08000183105467,113.78,311.022,315.555,-197.242,254.926,160.341644340885,1331.469971,1331.0599888571428,1330.5293334333332,0.0
2024-02-11,5.5,5.25,5.375,3.5,1.875,76.84,2620.320068359375,5026.60986328125,12.93000030517578,104.08000183105467,113.78,311.022,315.555,-197.242,254.926,160.341644340885,1331.469971,1331.4199917142857,1331.178666133333,0.0
2024-02-12,5.5,5.25,5.375,3.5,1.875,76.92,2620.320068359375,5021.83984375,13.93000030517578,104.16999816894533,113.78,311.022,315.555,-197.242,254.926,160.341644340885,1330.060059,1330.3242887142858,1331.7810017666666,-0.10589138551440058
2024-02-13,5.5,5.25,5.375,3.5,1.875,77.87,2649.639892578125,4953.169921875,15.850000381469728,104.95999908447266,113.78,311.022,315.555,-197.242,254.926,160.341644340885,1328.5,1329.625715142857,1332.3313354333334,-0.11729237258449876
2024-02-14,5.5,5.25,5.375,3.5,1.875,76.64,2620.419921875,5000.6201171875,14.380000114440918,104.72000122070312,113.78,311.022,315.555,-197.242,254.926,160.341644340885,1340.790039,1331.625715142857,1333.2626708666664,0.9251064358298811
2024-02-15,5.5,5.25,5.375,3.5,1.875,78.03,2613.800048828125,5029.72998046875,14.010000228881836,104.3000030517578,113.78,311.022,315.555,-197.242,254.926,160.341644340885,1326.0,1331.394287285714,1333.4723388333332,-1.103083896046153
2024-02-16,5.5,5.25,5.375,3.5,1.875,79.19,2648.760009765625,5005.56982421875,14.239999771118164,104.27999877929688,113.78,311.022,315.555,-197.242,254.926,160.341644340885,1327.660034,1330.8500105714286,1333.134672,0.12519110105579934
2024-02-17,5.5,5.25,5.375,3.5,1.875,79.19,2648.760009765625,5005.56982421875,14.239999771118164,104.27999877929688,113.78,311.022,315.555,-197.242,254.926,160.341644340885,1327.660034,1330.3057338571427,1332.5883381666667,0.0
2024-02-18,5.5,5.25,5.375,3.5,1.875,79.19,2648.760009765625,5005.56982421875,14.239999771118164,104.27999877929688,113.78,311.022,315.555,-197.242,254.926,160.341644340885,1327.660034,1329.7614571428571,1332.2550048333333,0.0
2024-02-19,5.5,5.25,5.375,3.5,1.875,79.19,2680.260009765625,5005.56982421875,14.239999771118164,104.27999877929688,113.78,311.022,315.555,-197.242,254.926,160.341644340885,1331.579956,1329.9785852857144,1332.0523355666667,0.2952504330637984
2024-02-20,5.5,5.25,5.375,3.5,1.875,78.18,2657.7900390625,4975.509765625,15.420000076293944,104.08000183105467,113.78,311.022,315.555,-197.242,254.926,160.341644340885,1333.339966,1330.670009,1331.9083333,0.13217456391330096
2024-02-21,5.5,5.25,5.375,3.5,1.875,77.91,2653.31005859375,4981.7998046875,15.34000015258789,104.01000213623048,113.78,311.022,315.555,-197.242,254.926,160.341644340885,1333.75,1329.6642891428571,1331.9263346,0.030752397022193456
2024-02-22,5.5,5.25,5.375,3.5,1.875,78.61,2664.27001953125,5087.02978515625,14.539999961853027,103.95999908447266,113.78,311.022,315.555,-197.242,254.926,160.341644340885,1332.869995,1330.6457169999999,1331.7306681000002,-0.06597975632615105
2024-02-23,5.5,5.25,5.375,3.5,1.875,76.49,2667.699951171875,5088.7998046875,13.75,103.94000244140624,113.78,311.022,315.555,-197.242,254.926,160.341644340885,1327.170044,1330.5757184285715,1331.4103352666668,-0.42764493321796326
2024-02-24,5.5,5.25,5.375,3.5,1.875,76.49,2667.699951171875,5088.7998046875,13.75,103.94000244140624,113.78,311.022,315.555,-197.242,254.926,160.341644340885,1327.170044,1330.5057198571428,1331.3196695666666,0.0
2024-02-25,5.5,5.25,5.375,3.5,1.875,76.49,2667.699951171875,5088.7998046875,13.75,103.94000244140624,113.78,311.022,315.555,-197.242,254.926,160.341644340885,1327.170044,1330.4357212857142,1331.0243367333335,0.0
2024-02-26,5.5,5.25,5.375,3.5,1.875,77.58,2647.080078125,5069.52978515625,13.739999771118164,103.83000183105467,113.78,311.022,315.555,-197.242,254.926,160.341644340885,1330.0,1330.2100132857142,1330.8233357666666,0.21323235954533448
2024-02-27,5.5,5.25,5.375,3.5,1.875,78.87,2625.050048828125,5078.18017578125,13.43000030517578,103.83000183105467,113.78,311.022,315.555,-197.242,254.926,160.341644340885,1331.719971,1329.9785854285715,1330.6796671666666,0.1293211278195372
2024-02-28,5.5,5.25,5.375,3.5,1.875,78.54,2652.2900390625,5069.759765625,13.84000015258789,103.9800033569336,113.78,311.022,315.555,-197.242,254.926,160.341644340885,1331.790039,1329.698591,1330.5140014666665,0.0052614664888928075
2024-02-29,5.5,5.25,5.375,3.5,1.875,78.26,2642.360107421875,5096.27001953125,13.399999618530272,104.16000366210938,113.78,311.022,315.555,-197.242,254.926,160.341644340885,1333.380005,1329.7714495714285,1330.5196696,0.11938563538091973
2024-03-01,5.5,5.25,5.375,3.5,1.875,79.97,2642.360107421875,5137.080078125,13.109999656677246,103.86000061035156,113.95,312.107,316.762,-198.15700000000004,255.095,160.341644340885,1335.199951,1330.9185791428572,1330.8056681333333,0.13649117229712626
2024-03-02,5.5,5.25,5.375,3.5,1.875,79.97,2642.360107421875,5137.080078125,13.109999656677246,103.86000061035156,113.95,312.107,316.762,-198.15700000000004,255.095,160.341644340885,1335.199951,1332.0657087142858,1330.8486653666666,0.0
2024-03-03,5.5,5.25,5.375,3.5,1.875,79.97,2642.360107421875,5137.080078125,13.109999656677246,103.86000061035156,113.95,312.107,316.762,-198.15700000000004,255.095,160.341644340885,1335.199951,1333.2128382857143,1331.0569987000001,0.0
2024-03-04,5.5,5.25,5.375,3.5,1.875,78.74,2674.27001953125,5130.9501953125,13.489999771118164,103.83000183105467,113.95,312.107,316.762,-198.15700000000004,255.095,160.341644340885,1330.900024,1333.341413142857,1331.1220011333332,-0.32204367568914316
2024-03-05,5.5,5.25,5.375,3.5,1.875,78.15,2649.39990234375,5078.64990234375,14.460000038146973,103.8000030517578,113.95,312.107,316.762,-198.15700000000004,255.095,160.341644340885,1328.939941,1332.944266,1331.1216674666668,-0.1472749992226241
2024-03-06,5.5,5.25,5.375,3.5,1.875,79.13,2641.489990234375,5104.759765625,14.5,103.37000274658205,113.95,312.107,316.762,-198.15700000000004,255.095,160.341644340885,1333.430054,1333.1785538571428,1330.9783366,0.3378717774575435
2024-03-07,5.5,5.25,5.375,3.5,1.875,78.93,2647.6201171875,5157.35986328125,14.4399995803833,102.81999969482422,113.95,312.107,316.762,-198.15700000000004,255.095,160.341644340885,1327.089966,1332.2799768571429,1330.7683349666665,-0.47547210901547343
2024-03-08,5.5,5.25,5.375,3.5,1.875,78.01,2680.35009765625,5123.68994140625,14.739999771118164,102.73999786376952,113.95,312.107,316.762,-198.15700000000004,255.095,160.341644340885,1321.180054,1330.2771344285716,1330.5813354666668,-0.4453286628195441
2024-03-09,5.5,5.25,5.375,3.5,1.875,78.01,2680.35009765625,5123.68994140625,14.739999771118164,102.73999786376952,113.95,312.107,316.762,-198.15700000000004,255.095,160.341644340885,1321.180054,1328.274292,1330.3666707666666,0.0
2024-03-10,5.5,5.25,5.375,3.5,1.875,78.01,2680.35009765625,5123.68994140625,14.739999771118164,102.73999786376952,113.95,312.107,316.762,-198.15700000000004,255.095,160.341644340885,1321.180054,1326.2714495714285,1330.0236735333335,0.0
2024-03-11,5.5,5.25,5.375,3.5,1.875,77.93,2659.840087890625,5117.93994140625,15.220000267028809,102.87000274658205,113.95,312.107,316.762,-198.15700000000004,255.095,160.341644340885,1315.97998,1324.1400147142856,1329.5073405,-0.3935931354894562
2024-03-12,5.5,5.25,5.375,3.5,1.875,77.56,2681.81005859375,5175.27001953125,13.84000015258789,102.95999908447266,113.95,312.107,316.762,-198.15700000000004,255.095,160.341644340885,1310.540039,1321.5114572857142,1328.8096761,-0.41337566548695914
2024-03-13,5.5,5.25,5.375,3.5,1.875,79.72,2693.570068359375,5165.31005859375,13.75,102.79000091552734,113.95,312.107,316.762,-198.15700000000004,255.095,160.341644340885,1311.150024,1318.3285958571428,1328.1793416,0.04654455276815739
2024-03-14,5.5,5.25,5.375,3.5,1.875,81.26,2718.760009765625,5150.47998046875,14.399999618530272,103.36000061035156,113.95,312.107,316.762,-198.15700000000004,255.095,160.341644340885,1313.650024,1316.408604142857,1327.6843424,0.19067230707690008
2024-03-15,5.5,5.25,5.375,3.5,1.875,81.04,2666.840087890625,5117.08984375,14.40999984741211,103.43000030517578,113.95,312.107,316.762,-198.15700000000004,255.095,160.341644340885,1321.920044,1316.514317,1327.0553425666667,0.6295451489292558
2024-03-16,5.5,5.25,5.375,3.5,1.875,81.04,2666.840087890625,5117.08984375,14.40999984741211,103.43000030517578,113.95,312.107,316.762,-198.15700000000004,255.095,160.341644340885,1321.920044,1316.6200298571428,1326.9193440333333,0.0
2024-03-17,5.5,5.25,5.375,3.5,1.875,81.04,2666.840087890625,5117.08984375,14.40999984741211,103.43000030517578,113.95,312.107,316.762,-198.15700000000004,255.095,160.341644340885,1321.920044,1316.7257427142856,1326.7280110333334,0.0
2024-03-18,5.5,5.25,5.375,3.5,1.875,82.72,2685.840087890625,5149.419921875,14.329999923706056,103.58000183105467,113.95,312.107,316.762,-198.15700000000004,255.095,160.341644340885,1329.339966,1318.634312142857,1326.7840087666666,0.5612988496299653
2024-03-19,5.5,5.25,5.375,3.5,1.875,83.47,2656.169921875,5178.509765625,13.81999969482422,103.80999755859376,113.95,312.107,316.762,-198.15700000000004,255.095,160.341644340885,1336.089966,1322.2843017142857,1327.0650065,0.5077707864535874
2024-03-20,5.5,5.25,5.375,3.5,1.875,81.68,2690.139892578125,5224.6201171875,13.039999961853027,103.41000366210938,113.95,312.107,316.762,-198.15700000000004,255.095,160.341644340885,1337.02002,1325.9800154285715,1327.2463419666667,0.06961013282542616
2024-03-21,5.5,5.25,5.375,3.5,1.875,81.07,2754.860107421875,5241.52978515625,12.920000076293944,104.0,113.95,312.107,316.762,-198.15700000000004,255.095,160.341644340885,1330.109985,1328.3314384285713,1327.1386759333332,-0.5168235999936543
2024-03-22,5.5,5.25,5.375,3.5,1.875,80.63,2748.56005859375,5234.18017578125,13.0600004196167,104.43000030517578,113.95,312.107,316.762,-198.15700000000004,255.095,160.341644340885,1334.680054,1330.1542969999998,1327.1696777333334,0.3435857975308654
2024-03-23,5.5,5.25,5.375,3.5,1.875,80.63,2748.56005859375,5234.18017578125,13.0600004196167,104.43000030517578,113.95,312.107,316.762,-198.15700000000004,255.095,160.341644340885,1334.680054,1331.9771555714285,1327.230013033333,0.0
2024-03-24,5.5,5.25,5.375,3.5,1.875,80.63,2748.56005859375,5234.18017578125,13.0600004196167,104.43000030517578,113.95,312.107,316.762,-198.15700000000004,255.095,160.341644340885,1334.680054,1333.800014142857,1327.4803467,0.0
2024-03-25,5.5,5.25,5.375,3.5,1.875,81.95,2737.570068359375,5218.18994140625,13.1899995803833,104.2300033569336,113.95,312.107,316.762,-198.15700000000004,255.095,160.341644340885,1343.599976,1335.8371584285717,1328.0280111,0.6683191206212413
2024-03-26,5.5,5.25,5.375,3.5,1.875,81.62,2757.090087890625,5203.580078125,13.239999771118164,104.29000091552734,113.95,312.107,316.762,-198.15700000000004,255.095,160.341644340885,1339.130005,1336.2714497142858,1328.4266764666668,-0.3326861476514287
2024-03-27,5.5,5.25,5.375,3.5,1.875,81.35,2755.110107421875,5248.490234375,12.779999732971191,104.3499984741211,113.95,312.107,316.762,-198.15700000000004,255.095,160.341644340885,1343.060059,1337.1343124285715,1328.8620117666667,0.2934781526308994
2024-03-28,5.5,5.25,5.375,3.5,1.875,83.17,2745.820068359375,5254.35009765625,13.010000228881836,104.5500030517578,113.95,312.107,316.762,-198.15700000000004,255.095,160.341644340885,1349.800049,1339.9471787142854,1329.4646810333334,0.5018383172691765
2024-03-29,5.5,5.25,5.375,3.5,1.875,83.17,2746.6298828125,5254.35009765625,13.010000228881836,104.5500030517578,113.95,312.107,316.762,-198.15700000000004,255.095,160.341644340885,1349.800049,1342.107178,1330.0650147,0.0
2024-03-30,5.5,5.25,5.375,3.5,1.875,83.17,2746.6298828125,5254.35009765625,13.010000228881836,104.5500030517578,113.95,312.107,316.762,-198.15700000000004,255.095,160.341644340885,1349.800049,1344.2671772857143,1330.6123495,0.0
2024-03-31,5.5,5.25,5.375,3.5,1.875,83.17,2746.6298828125,5254.35009765625,13.010000228881836,104.5500030517578,113.95,312.107,316.762,-198.15700000000004,255.095,160.341644340885,1349.800049,1346.4271765714286,1331.0990194333333,0.0
2024-04-01,5.5,5.25,5.375,3.5,1.875,83.71,2747.860107421875,5243.77001953125,13.649999618530272,105.0199966430664,114.01,313.016,317.596,-199.00600000000003,256.978,168.609045632641,1345.310059,1346.671474142857,1331.4360230333332,-0.3326411199441326
2024-04-02,5.5,5.25,5.375,3.5,1.875,85.15,2753.159912109375,5205.81005859375,14.609999656677246,104.81999969482422,114.01,313.016,317.596,-199.00600000000003,256.978,168.609045632641,1355.530029,1349.0143347142857,1332.1136923,0.7596739451719348
2024-04-03,5.5,5.25,5.375,3.5,1.875,85.43,2706.969970703125,5211.490234375,14.329999923706056,104.25,114.01,313.016,317.596,-199.00600000000003,256.978,168.609045632641,1350.72998,1350.110037714286,1332.7746908333334,-0.3541086436529173
2024-04-04,5.5,5.25,5.375,3.5,1.875,86.59,2742.0,5147.2099609375,16.350000381469727,104.12000274658205,114.01,313.016,317.596,-199.00600000000003,256.978,168.609045632641,1344.839966,1349.4014544285715,1333.3046916666667,-0.4360615435514359
2024-04-05,5.5,5.25,5.375,3.5,1.875,86.91,2714.2099609375,5204.33984375,16.030000686645508,104.3000030517578,114.01,313.016,317.596,-199.00600000000003,256.978,168.609045632641,1351.359985,1349.6243024285716,1333.9023560333333,0.48481746266009207
2024-04-06,5.5,5.25,5.375,3.5,1.875,86.91,2714.2099609375,5204.33984375,16.030000686645508,104.3000030517578,114.01,313.016,317.596,-199.00600000000003,256.978,168.609045632641,1351.359985,1349.8471504285715,1334.7113566666667,0.0
2024-04-07,5.5,5.25,5.375,3.5,1.875,86.91,2714.2099609375,5204.33984375,16.030000686645508,104.3000030517578,114.01,313.016,317.596,-199.00600000000003,256.978,168.609045632641,1351.359985,1350.0699984285716,1335.7173543666665,0.0
2024-04-08,5.5,5.25,5.375,3.5,1.875,86.43,2717.64990234375,5202.39013671875,15.1899995803833,104.13999938964844,114.01,313.016,317.596,-199.00600000000003,256.978,168.609045632641,1350.27002,1350.7785642857143,1336.6870199,-0.08065689469117787
2024-04-09,5.5,5.25,5.375,3.5,1.875,85.23,2705.159912109375,5209.91015625,14.979999542236328,104.1500015258789,114.01,313.016,317.596,-199.00600000000003,256.978,168.609045632641,1354.219971,1350.5914131428574,1337.7883504666665,0.29253045253867516
2024-04-10,5.5,5.25,5.375,3.5,1.875,86.21,2705.159912109375,5160.64013671875,15.800000190734863,105.25,114.01,313.016,317.596,-199.00600000000003,256.978,168.609045632641,1348.540039,1350.2785644285716,1338.8736857666668,-0.41942462241240097
2024-04-11,5.5,5.25,5.375,3.5,1.875,85.02,2706.9599609375,5199.06005859375,14.90999984741211,105.27999877929688,114.01,313.016,317.596,-199.00600000000003,256.978,168.609045632641,1363.76001,1352.981427857143,1340.6476848,1.1286258145724926
2024-04-12,5.5,5.25,5.375,3.5,1.875,85.66,2681.820068359375,5123.41015625,17.309999465942383,106.04000091552734,114.01,313.016,317.596,-199.00600000000003,256.978,168.609045632641,1367.839966,1355.3357108571429,1342.5373495333333,0.2991696464248239
2024-04-13,5.5,5.25,5.375,3.5,1.875,85.66,2681.820068359375,5123.41015625,17.309999465942383,106.04000091552734,114.01,313.016,317.596,-199.00600000000003,256.978,168.609045632641,1367.839966,1357.6899938571428,1344.3436809333332,0.0
2024-04-14,5.5,5.25,5.375,3.5,1.875,85.66,2681.820068359375,5123.41015625,17.309999465942383,106.04000091552734,114.01,313.016,317.596,-199.00600000000003,256.978,168.609045632641,1367.839966,1360.044276857143,1345.874345,0.0
2024-04-15,5.5,5.25,5.375,3.5,1.875,85.41,2670.429931640625,5061.81982421875,19.229999542236328,106.20999908447266,114.01,313.016,317.596,-199.00600000000003,256.978,168.609045632641,1379.609985,1364.2357004285714,1347.7973430333334,0.8604821684234931
2024-04-16,5.5,5.25,5.375,3.5,1.875,85.36,2609.6298828125,5051.41015625,18.39999961853028,106.26000213623048,114.01,313.016,317.596,-199.00600000000003,256.978,168.609045632641,1387.670044,1369.0142822857142,1349.9890097,0.5842273604593995
2024-04-17,5.5,5.25,5.375,3.5,1.875,82.69,2584.179931640625,5022.2099609375,18.209999084472656,105.9499969482422,114.01,313.016,317.596,-199.00600000000003,256.978,168.609045632641,1387.339966,1374.557129,1351.9223430333334,-0.02378649027030555
2024-04-18,5.5,5.25,5.375,3.5,1.875,82.73,2634.699951171875,5011.1201171875,18.0,106.1500015258789,114.01,313.016,317.596,-199.00600000000003,256.978,168.609045632641,1379.540039,1376.8114188571428,1353.3706788000002,-0.5622217474559488
2024-04-19,5.5,5.25,5.375,3.5,1.875,83.14,2591.860107421875,4967.22998046875,18.709999084472656,106.1500015258789,114.01,313.016,317.596,-199.00600000000003,256.978,168.609045632641,1379.400024,1378.4628557142858,1354.7833456,-0.01014939733836595
2024-04-20,5.5,5.25,5.375,3.5,1.875,83.14,2591.860107421875,4967.22998046875,18.709999084472656,106.1500015258789,114.01,313.016,317.596,-199.00600000000003,256.978,168.609045632641,1379.400024,1380.1142925714285,1356.4263469,0.0
2024-04-21,5.5,5.25,5.375,3.5,1.875,83.14,2591.860107421875,4967.22998046875,18.709999084472656,106.1500015258789,114.01,313.016,317.596,-199.00600000000003,256.978,168.609045632641,1379.400024,1381.7657294285714,1357.9170125666667,0.0
2024-04-22,5.5,5.25,5.375,3.5,1.875,82.85,2629.43994140625,5010.60009765625,16.940000534057617,106.08000183105467,114.01,313.016,317.596,-199.00600000000003,256.978,168.609045632641,1373.930054,1380.9543107142858,1359.2253458999999,-0.39654704254232787
2024-04-23,5.5,5.25,5.375,3.5,1.875,83.36,2623.02001953125,5070.5498046875,15.6899995803833,105.69000244140624,114.01,313.016,317.596,-199.00600000000003,256.978,168.609045632641,1378.839966,1379.692871,1360.6973429666664,0.35736258812488764
2024-04-24,5.5,5.25,5.375,3.5,1.875,82.81,2675.75,5071.6298828125,15.970000267028809,105.86000061035156,114.01,313.016,317.596,-199.00600000000003,256.978,168.609045632641,1370.47998,1377.2843015714286,1361.5933431,-0.6063057502062486
2024-04-25,5.5,5.25,5.375,3.5,1.875,83.57,2628.6201171875,5048.419921875,15.369999885559082,105.5999984741211,114.01,313.016,317.596,-199.00600000000003,256.978,168.609045632641,1376.969971,1376.9171489999997,1362.8546753,0.4735560602643796
2024-04-26,5.5,5.25,5.375,3.5,1.875,83.85,2656.330078125,5099.9599609375,15.029999732971191,105.94000244140624,114.01,313.016,317.596,-199.00600000000003,256.978,168.609045632641,1371.699951,1375.8171385714286,1363.8093383666667,-0.38272584812961696
2024-04-27,5.5,5.25,5.375,3.5,1.875,83.85,2656.330078125,5099.9599609375,15.029999732971191,105.94000244140624,114.01,313.016,317.596,-199.00600000000003,256.978,168.609045632641,1371.699951,1374.717128142857,1364.5393351,0.0
2024-04-28,5.5,5.25,5.375,3.5,1.875,83.85,2656.330078125,5099.9599609375,15.029999732971191,105.94000244140624,114.01,313.016,317.596,-199.00600000000003,256.978,168.609045632641,1371.699951,1373.6171177142858,1365.2693318333334,0.0
2024-04-29,5.5,5.25,5.375,3.5,1.875,82.63,2687.43994140625,5116.169921875,14.670000076293944,105.58000183105467,114.01,313.016,317.596,-199.00600000000003,256.978,168.609045632641,1377.089966,1374.0685337142859,1366.1789957333333,0.39294417092239353
2024-04-30,5.5,5.25,5.375,3.5,1.875,81.93,2692.06005859375,5035.68994140625,15.649999618530272,106.22000122070312,114.01,313.016,317.596,-199.00600000000003,256.978,168.609045632641,1374.640015,1373.4685407142856,1367.0069946,-0.17790783902931206
2024-05-01,5.5,5.25,5.375,3.5,1.875,79.0,2692.06005859375,5018.39013671875,15.390000343322754,105.76000213623048,114.1,313.14,318.053,-199.04,255.313,168.609045632641,1385.459961,1375.608538,1368.3453246666666,0.7871112350821496
2024-05-02,5.5,5.25,5.375,3.5,1.875,78.95,2683.64990234375,5064.2001953125,14.68000030517578,105.3000030517578,114.1,313.14,318.053,-199.04,255.313,168.609045632641,1375.0,1375.3271135714288,1368.9943237000002,-0.7549811105656334
2024-05-03,5.5,5.25,5.375,3.5,1.875,78.11,2676.6298828125,5127.7900390625,13.489999771118164,105.02999877929688,114.1,313.14,318.053,-199.04,255.313,168.609045632641,1364.640015,1374.3185512857144,1369.4579915333334,-0.7534534545454608
2024-05-04,5.5,5.25,5.375,3.5,1.875,78.11,2676.6298828125,5127.7900390625,13.489999771118164,105.02999877929688,114.1,313.14,318.053,-199.04,255.313,168.609045632641,1364.640015,1373.3099889999999,1370.1179931666666,0.0
2024-05-05,5.5,5.25,5.375,3.5,1.875,78.11,2676.6298828125,5127.7900390625,13.489999771118164,105.02999877929688,114.1,313.14,318.053,-199.04,255.313,168.609045632641,1364.640015,1372.3014267142858,1370.5606608333335,0.0
2024-05-06,5.5,5.25,5.375,3.5,1.875,78.48,2676.6298828125,5180.740234375,13.489999771118164,105.0500030517578,114.1,313.14,318.053,-199.04,255.313,168.609045632641,1355.050049,1369.152867142857,1370.6836629666666,-0.7027469438524392
2024-05-07,5.5,5.25,5.375,3.5,1.875,78.38,2734.360107421875,5187.7001953125,13.229999542236328,105.41000366210938,114.1,313.14,318.053,-199.04,255.313,168.609045632641,1352.170044,1365.9428712857145,1370.7106649333332,-0.21253864402465128
2024-05-08,5.5,5.25,5.375,3.5,1.875,78.99,2745.050048828125,5187.669921875,13.0,105.5500030517578,114.1,313.14,318.053,-199.04,255.313,168.609045632641,1357.72998,1361.9814454285715,1370.9593302666667,0.41118615403967773
2024-05-09,5.5,5.25,5.375,3.5,1.875,79.26,2712.139892578125,5214.080078125,12.6899995803833,105.2300033569336,114.1,313.14,318.053,-199.04,255.313,168.609045632641,1361.939941,1360.1157227142855,1371.2166626,0.31007350960903235
2024-05-10,5.5,5.25,5.375,3.5,1.875,78.26,2727.6298828125,5222.68017578125,12.550000190734863,105.30999755859376,114.1,313.14,318.053,-199.04,255.313,168.609045632641,1365.400024,1360.2242954285714,1371.7786621000002,0.2540554760042779
2024-05-11,5.5,5.25,5.375,3.5,1.875,78.26,2727.6298828125,5222.68017578125,12.550000190734863,105.30999755859376,114.1,313.14,318.053,-199.04,255.313,168.609045632641,1365.400024,1360.3328681428573,1371.8333292333332,0.0
2024-05-12,5.5,5.25,5.375,3.5,1.875,78.26,2727.6298828125,5222.68017578125,12.550000190734863,105.30999755859376,114.1,313.14,318.053,-199.04,255.313,168.609045632641,1365.400024,1360.4414408571429,1371.7519978333332,0.0
2024-05-13,5.5,5.25,5.375,3.5,1.875,79.12,2727.2099609375,5221.419921875,13.600000381469728,105.22000122070312,114.1,313.14,318.053,-199.04,255.313,168.609045632641,1370.109985,1362.5928602857143,1371.8276651333333,0.344950997305693
2024-05-14,5.5,5.25,5.375,3.5,1.875,78.02,2730.340087890625,5246.68017578125,13.420000076293944,105.01000213623048,114.1,313.14,318.053,-199.04,255.313,168.609045632641,1363.790039,1364.2528595714284,1371.6926675666666,-0.46127289554788176
2024-05-15,5.5,5.25,5.375,3.5,1.875,78.63,2730.340087890625,5308.14990234375,12.449999809265137,104.3499984741211,114.1,313.14,318.053,-199.04,255.313,168.609045632641,1362.550049,1364.9414408571429,1371.124003033333,-0.09092235348112654
2024-05-16,5.5,5.25,5.375,3.5,1.875,79.23,2753.0,5297.10009765625,12.420000076293944,104.45999908447266,114.1,313.14,318.053,-199.04,255.313,168.609045632641,1353.599976,1363.7500172857142,1369.9883340999997,-0.6568619630940242
2024-05-17,5.5,5.25,5.375,3.5,1.875,80.06,2724.6201171875,5303.27001953125,11.989999771118164,104.4499969482422,114.1,313.14,318.053,-199.04,255.313,168.609045632641,1346.040039,1360.9843051428572,1368.6116698666667,-0.5585059939451464
2024-05-18,5.5,5.25,5.375,3.5,1.875,80.06,2724.6201171875,5303.27001953125,11.989999771118164,104.4499969482422,114.1,313.14,318.053,-199.04,255.313,168.609045632641,1346.040039,1358.2185929999998,1367.4950032000002,0.0
2024-05-19,5.5,5.25,5.375,3.5,1.875,80.06,2724.6201171875,5303.27001953125,11.989999771118164,104.4499969482422,114.1,313.14,318.053,-199.04,255.313,168.609045632641,1346.040039,1355.4528808571429,1366.3830037,0.0
2024-05-20,5.5,5.25,5.375,3.5,1.875,79.8,2742.139892578125,5308.1298828125,12.149999618530272,104.56999969482422,114.1,313.14,318.053,-199.04,255.313,168.609045632641,1353.390015,1353.0643137142856,1365.5160034,0.5460443810765492
2024-05-21,5.5,5.25,5.375,3.5,1.875,79.26,2724.179931640625,5321.41015625,11.859999656677246,104.66000366210938,114.1,313.14,318.053,-199.04,255.313,168.609045632641,1360.160034,1352.5457415714284,1364.8746704,0.5002267583598341
2024-05-22,5.5,5.25,5.375,3.5,1.875,77.57,2723.4599609375,5307.009765625,12.289999961853027,104.94000244140624,114.1,313.14,318.053,-199.04,255.313,168.609045632641,1363.420044,1352.6700265714285,1364.5243367333335,0.23967841419461067
2024-05-23,5.5,5.25,5.375,3.5,1.875,76.87,2721.81005859375,5267.83984375,12.770000457763672,105.11000061035156,114.1,313.14,318.053,-199.04,255.313,168.609045632641,1365.810059,1354.4143241428571,1364.0900065,0.17529557457496292
2024-05-24,5.5,5.25,5.375,3.5,1.875,77.72,2687.60009765625,5304.72021484375,11.93000030517578,104.72000122070312,114.1,313.14,318.053,-199.04,255.313,168.609045632641,1367.619995,1357.497175,1363.9946736666668,0.13251740152837588
2024-05-25,5.5,5.25,5.375,3.5,1.875,77.72,2687.60009765625,5304.72021484375,11.93000030517578,104.72000122070312,114.1,313.14,318.053,-199.04,255.313,168.609045632641,1367.619995,1360.580025857143,1363.6830077999998,0.0
2024-05-26,5.5,5.25,5.375,3.5,1.875,77.72,2687.60009765625,5304.72021484375,11.93000030517578,104.72000122070312,114.1,313.14,318.053,-199.04,255.313,168.609045632641,1367.619995,1363.6628767142859,1363.5470092666665,0.0
2024-05-27,5.5,5.25,5.375,3.5,1.875,77.72,2722.989990234375,5304.72021484375,11.93000030517578,104.72000122070312,114.1,313.14,318.053,-199.04,255.313,168.609045632641,1365.709961,1365.422869,1363.347342933333,-0.13966116369920067
2024-05-28,5.5,5.25,5.375,3.5,1.875,79.83,2722.85009765625,5306.0400390625,12.920000076293944,104.61000061035156,114.1,313.14,318.053,-199.04,255.313,168.609045632641,1360.930054,1365.5328718571432,1362.9883463666667,-0.3499942986796567
2024-05-29,5.5,5.25,5.375,3.5,1.875,79.23,2677.300048828125,5266.9501953125,14.279999732971191,105.0999984741211,114.1,313.14,318.053,-199.04,255.313,168.609045632641,1362.76001,1365.4385812857145,1362.5106811666667,0.13446363349987056
2024-05-30,5.5,5.25,5.375,3.5,1.875,77.91,2635.43994140625,5235.47998046875,14.470000267028809,104.72000122070312,114.1,313.14,318.053,-199.04,255.313,168.609045632641,1370.550049,1366.115722714286,1362.3743489666665,0.5716368944521655
2024-05-31,5.5,5.25,5.375,3.5,1.875,76.99,2636.52001953125,5277.509765625,12.920000076293944,104.66999816894533,114.1,313.14,318.053,-199.04,255.313,168.609045632641,1375.619995,1367.2585798571429,1362.0463501,0.36992052962234734
2024-06-01,5.5,5.25,5.375,3.5,1.875,76.99,2636.52001953125,5277.509765625,12.920000076293944,104.66999816894533,113.84,313.131,318.343,-199.291,255.914,168.609045632641,1375.619995,1368.401437,1362.0670165999998,0.0
2024-06-02,5.5,5.25,5.375,3.5,1.875,76.99,2636.52001953125,5277.509765625,12.920000076293944,104.66999816894533,113.84,313.131,318.343,-199.291,255.914,168.609045632641,1375.619995,1369.544294142857,1362.4330159333333,0.0
2024-06-03,5.5,5.25,5.375,3.5,1.875,74.22,2682.52001953125,5283.39990234375,13.109999656677246,104.13999938964844,113.84,313.131,318.343,-199.291,255.914,168.609045632641,1382.099976,1371.8857248571428,1363.0150146333333,0.47105894240799806
2024-06-04,5.5,5.25,5.375,3.5,1.875,73.25,2662.10009765625,5291.33984375,13.15999984741211,104.11000061035156,113.84,313.131,318.343,-199.291,255.914,168.609045632641,1370.790039,1373.294294142857,1363.2200154333332,-0.8183154038344354
2024-06-05,5.5,5.25,5.375,3.5,1.875,74.07,2689.5,5354.02978515625,12.630000114440918,104.2699966430664,113.84,313.131,318.343,-199.291,255.914,168.609045632641,1373.719971,1374.860002857143,1363.8423461666666,0.21374039179169468
2024-06-06,5.5,5.25,5.375,3.5,1.875,75.55,2689.5,5352.9599609375,12.579999923706056,104.0999984741211,113.84,313.131,318.343,-199.291,255.914,168.609045632641,1368.73999,1374.601423,1364.3946776999999,-0.3625179152323743
2024-06-07,5.5,5.25,5.375,3.5,1.875,75.53,2722.669921875,5346.990234375,12.220000267028809,104.88999938964844,113.84,313.131,318.343,-199.291,255.914,168.609045632641,1365.25,1373.119995142857,1364.6453450333331,-0.25497830307420477
2024-06-08,5.5,5.25,5.375,3.5,1.875,75.53,2722.669921875,5346.990234375,12.220000267028809,104.88999938964844,113.84,313.131,318.343,-199.291,255.914,168.609045632641,1365.25,1371.638567285714,1364.7556803333332,0.0
2024-06-09,5.5,5.25,5.375,3.5,1.875,75.53,2722.669921875,5346.990234375,12.220000267028809,104.88999938964844,113.84,313.131,318.343,-199.291,255.914,168.609045632641,1365.25,1370.1571394285716,1364.7506795333331,0.0
2024-06-10,5.5,5.25,5.375,3.5,1.875,77.74,2701.169921875,5360.7900390625,12.739999771118164,105.1500015258789,113.84,313.131,318.343,-199.291,255.914,168.609045632641,1379.050049,1369.7214355714284,1365.205680366667,1.0108074711591142
2024-06-11,5.5,5.25,5.375,3.5,1.875,77.9,2705.320068359375,5375.31982421875,12.850000381469728,105.2300033569336,113.84,313.131,318.343,-199.291,255.914,168.609045632641,1373.959961,1370.1742815714283,1365.4910115999999,-0.36910103470798594
2024-06-12,5.5,5.25,5.375,3.5,1.875,78.5,2728.169921875,5421.02978515625,12.039999961853027,104.6500015258789,113.84,313.131,318.343,-199.291,255.914,168.609045632641,1377.359985,1370.6942835714287,1365.7326782666667,0.24746165074021054
2024-06-13,5.5,5.25,5.375,3.5,1.875,78.62,2754.889892578125,5433.740234375,11.9399995803833,105.1999969482422,113.84,313.131,318.343,-199.291,255.914,168.609045632641,1370.410034,1370.9328612857146,1365.9533447666665,-0.5045849360869936
2024-06-14,5.5,5.25,5.375,3.5,1.875,78.45,2758.419921875,5431.60009765625,12.65999984741211,105.5500030517578,113.84,313.131,318.343,-199.291,255.914,168.609045632641,1373.73999,1372.145717,1366.3263428,0.24298975615937302
2024-06-15,5.5,5.25,5.375,3.5,1.875,78.45,2758.419921875,5431.60009765625,12.65999984741211,105.5500030517578,113.84,313.131,318.343,-199.291,255.914,168.609045632641,1373.73999,1373.3585727142856,1366.9976766000002,0.0
2024-06-16,5.5,5.25,5.375,3.5,1.875,78.45,2758.419921875,5431.60009765625,12.65999984741211,105.5500030517578,113.84,313.131,318.343,-199.291,255.914,168.609045632641,1373.73999,1374.5714284285716,1367.9210082999998,0.0
2024-06-17,5.5,5.25,5.375,3.5,1.875,80.33,2744.10009765625,5473.22998046875,12.75,105.31999969482422,113.84,313.131,318.343,-199.291,255.914,168.609045632641,1382.280029,1375.032854142857,1369.1290079666664,0.621663419727625
2024-06-18,5.5,5.25,5.375,3.5,1.875,81.57,2763.919921875,5487.02978515625,12.300000190734863,105.26000213623048,113.84,313.131,318.343,-199.291,255.914,168.609045632641,1379.060059,1375.7614395714284,1370.2296753,-0.23294628674694895
2024-06-19,5.5,5.25,5.375,3.5,1.875,81.57,2797.330078125,5487.02978515625,12.300000190734863,105.26000213623048,113.84,313.131,318.343,-199.291,255.914,168.609045632641,1378.609985,1375.9400110000001,1371.0703409666667,-0.03263628709008204
2024-06-20,5.5,5.25,5.375,3.5,1.875,82.17,2807.6298828125,5473.169921875,13.279999732971191,105.58999633789062,113.84,313.131,318.343,-199.291,255.914,168.609045632641,1381.150024,1377.4742952857143,1371.7700073,0.18424638060343668
2024-06-21,5.5,5.25,5.375,3.5,1.875,80.73,2784.260009765625,5464.6201171875,13.199999809265137,105.8000030517578,113.84,313.131,318.343,-199.291,255.914,168.609045632641,1391.819946,1380.0571461428572,1372.7166707000001,0.7725389577229569
2024-06-22,5.5,5.25,5.375,3.5,1.875,80.73,2784.260009765625,5464.6201171875,13.199999809265137,105.8000030517578,113.84,313.131,318.343,-199.291,255.914,168.609045632641,1391.819946,1382.639997,1373.5836669333332,0.0
2024-06-23,5.5,5.25,5.375,3.5,1.875,80.73,2784.260009765625,5464.6201171875,13.199999809265137,105.8000030517578,113.84,313.131,318.343,-199.291,255.914,168.609045632641,1391.819946,1385.2228478571428,1374.3903319666667,0.0
2024-06-24,5.5,5.25,5.375,3.5,1.875,81.63,2764.72998046875,5447.8701171875,13.329999923706056,105.47000122070312,113.84,313.131,318.343,-199.291,255.914,168.609045632641,1388.390015,1386.0957030000002,1375.0826659666666,-0.24643496523077957
2024-06-25,5.5,5.25,5.375,3.5,1.875,80.83,2774.389892578125,5469.2998046875,12.84000015258789,105.61000061035156,113.84,313.131,318.343,-199.291,255.914,168.609045632641,1386.109985,1387.1028352857143,1375.6989989666667,-0.16422114646221786
2024-06-26,5.5,5.25,5.375,3.5,1.875,80.9,2792.050048828125,5477.89990234375,12.550000190734863,106.0500030517578,113.84,313.131,318.343,-199.291,255.914,168.609045632641,1390.890015,1388.8571252857143,1376.5383341000002,0.3448521438939034
2024-06-27,5.5,5.25,5.375,3.5,1.875,81.74,2784.06005859375,5482.8701171875,12.239999771118164,105.91000366210938,113.84,313.131,318.343,-199.291,255.914,168.609045632641,1393.380005,1390.6042654285714,1377.6199991333333,0.17902134411398318
2024-06-28,5.5,5.25,5.375,3.5,1.875,81.54,2797.820068359375,5460.47998046875,12.4399995803833,105.87000274658205,113.84,313.131,318.343,-199.291,255.914,168.609045632641,1386.949951,1389.9085518571428,1378.4263305,-0.4614716715416023
2024-06-29,5.5,5.25,5.375,3.5,1.875,81.54,2797.820068359375,5460.47998046875,12.4399995803833,105.87000274658205,113.84,313.131,318.343,-199.291,255.914,168.609045632641,1386.949951,1389.2128382857143,1378.9729939000001,0.0
2024-06-30,5.5,5.25,5.375,3.5,1.875,81.54,2797.820068359375,5460.47998046875,12.4399995803833,105.87000274658205,113.84,313.131,318.343,-199.291,255.914,168.609045632641,1386.949951,1388.5171247142857,1379.3506591,0.0
2024-07-01,5.5,5.25,5.375,3.5,1.875,83.38,2804.31005859375,5475.08984375,12.220000267028809,105.9000015258789,114.13,313.566,318.933,-199.436,257.321,163.922492989527,1380.290039,1387.3599852857144,1379.5063272333332,-0.4801840178297878
2024-07-02,5.5,5.25,5.375,3.5,1.875,82.81,2780.860107421875,5509.009765625,12.029999732971191,105.72000122070312,114.13,313.566,318.933,-199.436,257.321,163.922492989527,1383.420044,1386.9757080000002,1379.7663288666668,0.22676429674648446
2024-07-03,5.5,5.25,5.375,3.5,1.875,83.88,2794.010009765625,5537.02001953125,12.09000015258789,105.4000015258789,114.13,313.566,318.933,-199.436,257.321,163.922492989527,1383.420044,1385.908569285714,1379.8103311333334,0.0
2024-07-04,5.5,5.25,5.375,3.5,1.875,83.88,2824.93994140625,5537.02001953125,12.09000015258789,105.4000015258789,114.13,313.566,318.933,-199.436,257.321,163.922492989527,1385.77002,1384.8214285714287,1380.3096638333334,0.16986713545115162
2024-07-05,5.5,5.25,5.375,3.5,1.875,83.16,2862.22998046875,5567.18994140625,12.479999542236328,104.87999725341795,114.13,313.566,318.933,-199.436,257.321,163.922492989527,1380.25,1383.8642927142857,1380.5273314666667,-0.39833593744508233
2024-07-06,5.5,5.25,5.375,3.5,1.875,83.16,2862.22998046875,5567.18994140625,12.479999542236328,104.87999725341795,114.13,313.566,318.933,-199.436,257.321,163.922492989527,1380.25,1382.9071568571428,1380.9109984666668,0.0
2024-07-07,5.5,5.25,5.375,3.5,1.875,83.16,2862.22998046875,5567.18994140625,12.479999542236328,104.87999725341795,114.13,313.566,318.933,-199.436,257.321,163.922492989527,1380.25,1381.950021,1381.4109984666668,0.0
2024-07-08,5.5,5.25,5.375,3.5,1.875,82.33,2857.760009765625,5572.85009765625,12.369999885559082,105.01000213623048,114.13,313.566,318.933,-199.436,257.321,163.922492989527,1376.569946,1381.4185791428572,1381.78833,-0.2666222785727146
2024-07-09,5.5,5.25,5.375,3.5,1.875,81.41,2867.3798828125,5576.97998046875,12.510000228881836,105.12000274658205,114.13,313.566,318.933,-199.436,257.321,163.922492989527,1382.75,1381.322858571429,1382.3716633333336,0.44894587579495937
2024-07-10,5.5,5.25,5.375,3.5,1.875,82.1,2867.989990234375,5633.91015625,12.850000381469728,105.0500030517578,114.13,313.566,318.933,-199.436,257.321,163.922492989527,1382.420044,1381.1800014285714,1382.4839964999999,-0.02386230338095041
2024-07-11,5.5,5.25,5.375,3.5,1.875,82.62,2891.35009765625,5584.5400390625,12.920000076293944,104.44000244140624,114.13,313.566,318.933,-199.436,257.321,163.922492989527,1382.98999,1380.7828542857144,1382.784997466667,0.04122813485478716
2024-07-12,5.5,5.25,5.375,3.5,1.875,82.21,2857.0,5615.35009765625,12.460000038146973,104.08999633789062,114.13,313.566,318.933,-199.436,257.321,163.922492989527,1371.27002,1379.5,1382.5819986333333,-0.8474370808714271
2024-07-13,5.5,5.25,5.375,3.5,1.875,82.21,2857.0,5615.35009765625,12.460000038146973,104.08999633789062,114.13,313.566,318.933,-199.436,257.321,163.922492989527,1371.27002,1378.2171457142856,1382.6106648333334,0.0
2024-07-14,5.5,5.25,5.375,3.5,1.875,82.21,2857.0,5615.35009765625,12.460000038146973,104.08999633789062,114.13,313.566,318.933,-199.436,257.321,163.922492989527,1371.27002,1376.9342914285714,1382.5283324999998,0.0
2024-07-15,5.5,5.25,5.375,3.5,1.875,81.91,2860.919921875,5631.22021484375,13.119999885559082,104.19000244140624,114.13,313.566,318.933,-199.436,257.321,163.922492989527,1374.109985,1376.5828684285716,1382.5406656666667,0.20710472471352492
2024-07-16,5.5,5.25,5.375,3.5,1.875,80.76,2866.090087890625,5667.2001953125,13.1899995803833,104.2699966430664,114.13,313.566,318.933,-199.436,257.321,163.922492989527,1383.689941,1376.7171457142856,1382.8723307,0.6971753429184213
2024-07-17,5.5,5.25,5.375,3.5,1.875,82.85,2843.2900390625,5588.27001953125,14.479999542236328,103.75,114.13,313.566,318.933,-199.436,257.321,163.922492989527,1382.640015,1376.7485701428573,1382.8843302333335,-0.0758787043896092
2024-07-18,5.5,5.25,5.375,3.5,1.875,82.82,2824.35009765625,5544.58984375,15.93000030517578,104.16999816894533,114.13,313.566,318.933,-199.436,257.321,163.922492989527,1378.650024,1376.1285750000002,1382.8706624,-0.28857771775105956
2024-07-19,5.5,5.25,5.375,3.5,1.875,80.13,2795.4599609375,5505.0,16.520000457763672,104.4000015258789,114.13,313.566,318.933,-199.436,257.321,163.922492989527,1385.23999,1378.124285,1383.0916625666666,0.47800136983857655
2024-07-20,5.5,5.25,5.375,3.5,1.875,80.13,2795.4599609375,5505.0,16.520000457763672,104.4000015258789,114.13,313.566,318.933,-199.436,257.321,163.922492989527,1385.23999,1380.1199950000002,1383.2279947666668,0.0
2024-07-21,5.5,5.25,5.375,3.5,1.875,80.13,2795.4599609375,5505.0,16.520000457763672,104.4000015258789,114.13,313.566,318.933,-199.436,257.321,163.922492989527,1385.23999,1382.1157050000002,1383.0086629,0.0
2024-07-22,5.5,5.25,5.375,3.5,1.875,79.78,2763.510009765625,5564.41015625,14.90999984741211,104.30999755859376,114.13,313.566,318.933,-199.436,257.321,163.922492989527,1388.810059,1384.2157155714285,1382.9083333333333,0.2577220572443917
2024-07-23,5.5,5.25,5.375,3.5,1.875,76.96,2774.2900390625,5555.740234375,14.720000267028809,104.4499969482422,114.13,313.566,318.933,-199.436,257.321,163.922492989527,1387.099976,1384.7028634285714,1382.7510009999999,-0.1231329647217061
2024-07-24,5.5,5.25,5.375,3.5,1.875,77.59,2758.7099609375,5427.1298828125,18.040000915527344,104.38999938964844,114.13,313.566,318.933,-199.436,257.321,163.922492989527,1384.569946,1384.978567857143,1382.6236653666667,-0.1823970906045136
2024-07-25,5.5,5.25,5.375,3.5,1.875,78.28,2710.64990234375,5399.22021484375,18.459999084472656,104.36000061035156,114.13,313.566,318.933,-199.436,257.321,163.922492989527,1382.650024,1385.5499964285714,1382.5083333333334,-0.1386655838909845
2024-07-26,5.5,5.25,5.375,3.5,1.875,77.16,2731.89990234375,5459.10009765625,16.389999389648438,104.31999969482422,114.13,313.566,318.933,-199.436,257.321,163.922492989527,1381.430054,1385.0057198571428,1382.1930012999999,-0.08823418644081649
2024-07-27,5.5,5.25,5.375,3.5,1.875,77.16,2731.89990234375,5459.10009765625,16.389999389648438,104.31999969482422,114.13,313.566,318.933,-199.436,257.321,163.922492989527,1381.430054,1384.4614432857143,1381.7946696000001,0.0
2024-07-28,5.5,5.25,5.375,3.5,1.875,77.16,2731.89990234375,5459.10009765625,16.389999389648438,104.31999969482422,114.13,313.566,318.933,-199.436,257.321,163.922492989527,1381.430054,1383.9171667142857,1381.6106730333333,0.0
2024-07-29,5.5,5.25,5.375,3.5,1.875,75.81,2765.530029296875,5463.5400390625,16.600000381469727,104.55999755859376,114.13,313.566,318.933,-199.436,257.321,163.922492989527,1382.089966,1382.9571534285715,1381.4486735333332,0.047770207263786446
2024-07-30,5.5,5.25,5.375,3.5,1.875,74.73,2738.18994140625,5436.43994140625,17.690000534057617,104.5500030517578,114.13,313.566,318.933,-199.436,257.321,163.922492989527,1381.359985,1382.1371547142858,1381.2623413333336,-0.05281718397194268
2024-07-31,5.5,5.25,5.375,3.5,1.875,77.91,2770.68994140625,5522.2998046875,16.360000610351562,104.0999984741211,114.13,313.566,318.933,-199.436,257.321,163.922492989527,1383.5,1381.984305285714,1381.3693400333334,0.15492087676189925
2024-08-01,5.5,5.25,5.375,3.5,1.875,76.31,2777.679931640625,5446.68017578125,18.59000015258789,104.41999816894533,114.54,314.131,319.839,-199.59099999999995,255.463,163.922492989527,1367.920044,1379.8800224285715,1380.8526733666667,-1.1261262016624585
2024-08-02,5.5,5.25,5.375,3.5,1.875,73.52,2676.18994140625,5346.56005859375,23.38999938964844,103.20999908447266,114.54,314.131,319.839,-199.59099999999995,255.463,163.922492989527,1368.969971,1378.1000105714286,1380.3710042666667,0.07675353574978505
2024-08-03,5.5,5.25,5.375,3.5,1.875,73.52,2676.18994140625,5346.56005859375,23.38999938964844,103.20999908447266,114.54,314.131,319.839,-199.59099999999995,255.463,163.922492989527,1368.969971,1376.3199987142855,1379.8110026333334,0.0
2024-08-04,5.5,5.25,5.375,3.5,1.875,73.52,2676.18994140625,5346.56005859375,23.38999938964844,103.20999908447266,114.54,314.131,319.839,-199.59099999999995,255.463,163.922492989527,1368.969971,1374.5399868571426,1379.4350016666665,0.0
2024-08-05,5.5,5.25,5.375,3.5,1.875,72.94,2441.550048828125,5186.330078125,38.56999969482422,102.69000244140624,114.54,314.131,319.839,-199.59099999999995,255.463,163.922492989527,1357.170044,1370.979998,1378.6656698000002,-0.8619565987543543
2024-08-06,5.5,5.25,5.375,3.5,1.875,73.2,2522.14990234375,5240.02978515625,27.709999084472656,102.97000122070312,114.54,314.131,319.839,-199.59099999999995,255.463,163.922492989527,1367.400024,1368.985717857143,1378.2373372666666,0.7537729001038995
2024-08-07,5.5,5.25,5.375,3.5,1.875,75.23,2568.409912109375,5199.5,27.850000381469727,103.1999969482422,114.54,314.131,319.839,-199.59099999999995,255.463,163.922492989527,1370.310059,1367.1014405714286,1378.0286743666666,0.21281519298845808
2024-08-08,5.5,5.25,5.375,3.5,1.875,76.19,2556.72998046875,5319.31005859375,23.790000915527344,103.20999908447266,114.54,314.131,319.839,-199.59099999999995,255.463,163.922492989527,1375.329956,1368.1599994285714,1377.7813395666667,0.3663329307867391
2024-08-09,5.5,5.25,5.375,3.5,1.875,76.84,2588.429931640625,5344.16015625,20.3700008392334,103.13999938964844,114.54,314.131,319.839,-199.59099999999995,255.463,163.922492989527,1373.76001,1368.8442907142855,1377.4926717666667,-0.1141504984422892
2024-08-10,5.5,5.25,5.375,3.5,1.875,76.84,2588.429931640625,5344.16015625,20.3700008392334,103.13999938964844,114.54,314.131,319.839,-199.59099999999995,255.463,163.922492989527,1373.76001,1369.5285819999997,1377.1850057666666,0.0
2024-08-11,5.5,5.25,5.375,3.5,1.875,76.84,2588.429931640625,5344.16015625,20.3700008392334,103.13999938964844,114.54,314.131,319.839,-199.59099999999995,255.463,163.922492989527,1373.76001,1370.2128732857143,1377.2680054333332,0.0
2024-08-12,5.5,5.25,5.375,3.5,1.875,80.06,2618.300048828125,5344.39013671875,20.709999084472656,103.13999938964844,114.54,314.131,319.839,-199.59099999999995,255.463,163.922492989527,1363.839966,1371.1657192857144,1377.0203369666667,-0.7221089511842749
2024-08-13,5.5,5.25,5.375,3.5,1.875,78.35,2621.5,5434.43017578125,18.1200008392334,102.55999755859376,114.54,314.131,319.839,-199.59099999999995,255.463,163.922492989527,1369.540039,1371.4714357142857,1376.9626709333336,0.4179429509400423
2024-08-14,5.5,5.25,5.375,3.5,1.875,76.98,2644.5,5455.2099609375,16.190000534057617,102.56999969482422,114.54,314.131,319.839,-199.59099999999995,255.463,163.922492989527,1362.170044,1370.3085764285715,1376.5646729,-0.5381365122688497
2024-08-15,5.5,5.25,5.375,3.5,1.875,78.16,2644.5,5543.22021484375,15.229999542236328,102.9800033569336,114.54,314.131,319.839,-199.59099999999995,255.463,163.922492989527,1355.709961,1367.5057199999999,1375.6320069,-0.4742493808651105
2024-08-16,5.5,5.25,5.375,3.5,1.875,76.65,2697.22998046875,5554.25,14.800000190734863,102.45999908447266,114.54,314.131,319.839,-199.59099999999995,255.463,163.922492989527,1363.51001,1366.0414342857143,1374.9943400666666,0.5753479154380736
2024-08-17,5.5,5.25,5.375,3.5,1.875,76.65,2697.22998046875,5554.25,14.800000190734863,102.45999908447266,114.54,314.131,319.839,-199.59099999999995,255.463,163.922492989527,1363.51001,1364.5771485714286,1374.4896729333334,0.0
2024-08-18,5.5,5.25,5.375,3.5,1.875,76.65,2697.22998046875,5554.25,14.800000190734863,102.45999908447266,114.54,314.131,319.839,-199.59099999999995,255.463,163.922492989527,1363.51001,1363.1128628571428,1373.7653402666665,0.0
2024-08-19,5.5,5.25,5.375,3.5,1.875,74.37,2674.360107421875,5608.25,14.649999618530272,101.88999938964844,114.54,314.131,319.839,-199.59099999999995,255.463,163.922492989527,1348.97998,1360.9900077142859,1372.5566732666666,-1.0656342742947578
2024-08-20,5.5,5.25,5.375,3.5,1.875,74.04,2696.6298828125,5597.1201171875,15.880000114440918,101.44000244140624,114.54,314.131,319.839,-199.59099999999995,255.463,163.922492989527,1330.880005,1355.4671457142856,1370.7446737666664,-1.3417526774563426
2024-08-21,5.5,5.25,5.375,3.5,1.875,71.93,2701.1298828125,5620.85009765625,16.270000457763672,101.04000091552734,114.54,314.131,319.839,-199.59099999999995,255.463,163.922492989527,1327.579956,1350.5257045714284,1368.7036703333333,-0.2479599203235372
2024-08-22,5.5,5.25,5.375,3.5,1.875,73.01,2707.669921875,5570.64013671875,17.549999237060547,101.51000213623048,114.54,314.131,319.839,-199.59099999999995,255.463,163.922492989527,1333.660034,1347.375715,1366.9223389333335,0.457982057692341
2024-08-23,5.5,5.25,5.375,3.5,1.875,74.83,2701.68994140625,5634.60986328125,15.859999656677246,100.72000122070312,114.54,314.131,319.839,-199.59099999999995,255.463,163.922492989527,1339.540039,1343.9514334285716,1365.4213420333333,0.44089234513269293
2024-08-24,5.5,5.25,5.375,3.5,1.875,74.83,2701.68994140625,5634.60986328125,15.859999656677246,100.72000122070312,114.54,314.131,319.839,-199.59099999999995,255.463,163.922492989527,1339.540039,1340.5271518571428,1363.9843425333333,0.0
2024-08-25,5.5,5.25,5.375,3.5,1.875,74.83,2701.68994140625,5634.60986328125,15.859999656677246,100.72000122070312,114.54,314.131,319.839,-199.59099999999995,255.463,163.922492989527,1339.540039,1337.1028702857143,1362.5880087,0.0
2024-08-26,5.5,5.25,5.375,3.5,1.875,77.42,2698.010009765625,5616.83984375,16.149999618530273,100.8499984741211,114.54,314.131,319.839,-199.59099999999995,255.463,163.922492989527,1323.880005,1333.5171595714285,1360.6696737333332,-1.1690605389959474
2024-08-27,5.5,5.25,5.375,3.5,1.875,75.53,2689.25,5625.7998046875,15.43000030517578,100.5500030517578,114.54,314.131,319.839,-199.59099999999995,255.463,163.922492989527,1326.640015,1332.9114467142858,1358.8433390999999,0.20847886436656804
2024-08-28,5.5,5.25,5.375,3.5,1.875,74.52,2689.830078125,5592.18017578125,17.110000610351562,101.08999633789062,114.54,314.131,319.839,-199.59099999999995,255.463,163.922492989527,1326.359985,1332.737165142857,1356.9856730666665,-0.021108212991738373
2024-08-29,5.5,5.25,5.375,3.5,1.875,75.91,2662.280029296875,5591.9599609375,15.649999618530272,101.33999633789062,114.54,314.131,319.839,-199.59099999999995,255.463,163.922492989527,1336.689941,1333.170009,1355.4966716000001,0.7788199370324156
2024-08-30,5.5,5.25,5.375,3.5,1.875,73.55,2674.31005859375,5648.39990234375,15.0,101.6999969482422,114.54,314.131,319.839,-199.59099999999995,255.463,163.922492989527,1332.880005,1332.2185755714286,1353.8093384333333,-0.28502765548978903
2024-08-31,5.5,5.25,5.375,3.5,1.875,73.55,2674.31005859375,5648.39990234375,15.0,101.6999969482422,114.54,314.131,319.839,-199.59099999999995,255.463,163.922492989527,1332.880005,1331.2671421428572,1352.6413371333333,0.0
2024-09-01,5.5,5.25,5.375,3.5,1.875,73.55,2674.31005859375,5648.39990234375,15.0,101.6999969482422,114.65,314.851,320.835,-200.201,252.682,163.922492989527,1332.880005,1330.3157087142858,1351.4383382666667,0.0
2024-09-02,5.5,5.25,5.375,3.5,1.875,73.55,2681.0,5648.39990234375,15.0,101.6999969482422,114.65,314.851,320.835,-200.201,252.682,163.922492989527,1336.579956,1332.1299874285712,1350.3586711,0.2775907047986692
2024-09-03,5.5,5.25,5.375,3.5,1.875,70.34,2664.6298828125,5528.93017578125,20.71999931335449,101.83000183105467,114.65,314.851,320.835,-200.201,252.682,163.922492989527,1337.550049,1333.6885637142857,1349.3113403666669,0.07258024449978695
2024-09-04,5.5,5.25,5.375,3.5,1.875,69.2,2580.800048828125,5520.06982421875,21.31999969482422,101.36000061035156,114.65,314.851,320.835,-200.201,252.682,163.922492989527,1340.410034,1335.6957135714288,1348.7526733666666,0.21382265300189385
2024-09-05,5.5,5.25,5.375,3.5,1.875,69.15,2575.5,5503.41015625,19.89999961853028,101.11000061035156,114.65,314.851,320.835,-200.201,252.682,163.922492989527,1331.01001,1334.8842948571425,1347.5396729,-0.7012797398978643
2024-09-06,5.5,5.25,5.375,3.5,1.875,67.67,2544.280029296875,5408.419921875,22.3799991607666,101.18000030517578,114.65,314.851,320.835,-200.201,252.682,163.922492989527,1332.790039,1334.8714425714286,1346.2890055666664,0.1337352075962306
2024-09-07,5.5,5.25,5.375,3.5,1.875,67.67,2544.280029296875,5408.419921875,22.3799991607666,101.18000030517578,114.65,314.851,320.835,-200.201,252.682,163.922492989527,1332.790039,1334.8585902857142,1344.871008333333,0.0
2024-09-08,5.5,5.25,5.375,3.5,1.875,67.67,2544.280029296875,5408.419921875,22.3799991607666,101.18000030517578,114.65,314.851,320.835,-200.201,252.682,163.922492989527,1332.790039,1334.845738,1343.5053426333332,0.0
2024-09-09,5.5,5.25,5.375,3.5,1.875,68.71,2535.929931640625,5471.0498046875,19.450000762939453,101.5500030517578,114.65,314.851,320.835,-200.201,252.682,163.922492989527,1337.77002,1335.0157471428572,1342.3056763,0.3736508267826233
2024-09-10,5.5,5.25,5.375,3.5,1.875,65.75,2523.429931640625,5495.52001953125,19.07999992370605,101.62999725341795,114.65,314.851,320.835,-200.201,252.682,163.922492989527,1341.27002,1335.5471715714286,1341.2226766333333,0.2616294241666539
2024-09-11,5.5,5.25,5.375,3.5,1.875,67.31,2513.3701171875,5554.1298828125,17.690000534057617,101.68000030517578,114.65,314.851,320.835,-200.201,252.682,163.922492989527,1343.339966,1335.9657332857144,1340.5393433,0.15432731434645852
2024-09-12,5.5,5.25,5.375,3.5,1.875,68.97,2572.090087890625,5595.759765625,17.06999969482422,101.37000274658205,114.65,314.851,320.835,-200.201,252.682,163.922492989527,1339.180054,1337.1328824285715,1339.5273438,-0.3096693395036043
2024-09-13,5.5,5.25,5.375,3.5,1.875,68.65,2575.409912109375,5626.02001953125,16.559999465942383,101.11000061035156,114.65,314.851,320.835,-200.201,252.682,163.922492989527,1335.689941,1337.5471541428572,1338.6446736999999,-0.2606156647551039
2024-09-14,5.5,5.25,5.375,3.5,1.875,68.65,2575.409912109375,5626.02001953125,16.559999465942383,101.11000061035156,114.65,314.851,320.835,-200.201,252.682,163.922492989527,1335.689941,1337.961425857143,1337.9773397,0.0
2024-09-15,5.5,5.25,5.375,3.5,1.875,68.65,2575.409912109375,5626.02001953125,16.559999465942383,101.11000061035156,114.65,314.851,320.835,-200.201,252.682,163.922492989527,1335.689941,1338.3756975714289,1337.0500040666666,0.0
2024-09-16,5.5,5.25,5.375,3.5,1.875,70.09,2575.409912109375,5633.08984375,17.139999389648438,100.76000213623048,114.65,314.851,320.835,-200.201,252.682,163.922492989527,1329.51001,1337.195696142857,1335.9166707333331,-0.46267706376327267
2024-09-17,5.5,5.25,5.375,3.5,1.875,71.19,2575.409912109375,5634.580078125,17.610000610351562,100.88999938964844,114.65,314.851,320.835,-200.201,252.682,163.922492989527,1319.109985,1334.0299768571429,1334.4366699,-0.7822449565460521
2024-09-18,5.5,5.25,5.375,3.5,1.875,70.91,2575.409912109375,5618.259765625,18.229999542236328,100.5999984741211,114.65,314.851,320.835,-200.201,252.682,163.922492989527,1322.930054,1331.1142751428572,1333.5683390333334,0.28959442680587255
2024-09-19,5.0,4.75,4.875,3.5,1.375,71.95,2580.800048828125,5713.64013671875,16.329999923706055,100.61000061035156,114.65,314.851,320.835,-200.201,252.682,163.922492989527,1322.26001,1328.6971259999998,1333.2810058666666,-0.05064848273527156
2024-09-20,5.0,4.75,4.875,3.5,1.375,71.92,2593.3701171875,5702.5498046875,16.149999618530273,100.72000122070312,114.65,314.851,320.835,-200.201,252.682,163.922492989527,1327.609985,1327.5428465714285,1333.2820068333333,0.40460839468328125
2024-09-21,5.0,4.75,4.875,3.5,1.375,71.92,2593.3701171875,5702.5498046875,16.149999618530273,100.72000122070312,114.65,314.851,320.835,-200.201,252.682,163.922492989527,1327.609985,1326.3885671428573,1333.0803385333334,0.0
2024-09-22,5.0,4.75,4.875,3.5,1.375,71.92,2593.3701171875,5702.5498046875,16.149999618530273,100.72000122070312,114.65,314.851,320.835,-200.201,252.682,163.922492989527,1327.609985,1325.2342877142858,1332.6826700666668,0.0
2024-09-23,5.0,4.75,4.875,3.5,1.375,70.37,2602.010009765625,5718.56982421875,15.890000343322754,100.91999816894533,114.65,314.851,320.835,-200.201,252.682,163.922492989527,1331.5,1325.5185720000002,1332.4146687666666,0.29300886886596267
2024-09-24,5.0,4.75,4.875,3.5,1.375,71.56,2631.679931640625,5732.93017578125,15.390000343322754,100.37000274658205,114.65,314.851,320.835,-200.201,252.682,163.922492989527,1333.619995,1327.5914305714286,1332.2173339666667,0.15921855050695655
2024-09-25,5.0,4.75,4.875,3.5,1.375,69.69,2596.320068359375,5722.259765625,15.40999984741211,100.91999816894533,114.65,314.851,320.835,-200.201,252.682,163.922492989527,1324.890015,1327.8714249999998,1332.2510009666667,-0.6546077617859969
2024-09-26,5.0,4.75,4.875,3.5,1.375,67.67,2671.570068359375,5745.3701171875,15.369999885559082,100.55999755859376,114.65,314.851,320.835,-200.201,252.682,163.922492989527,1335.050049,1329.6985734285715,1332.5313354333334,0.7668586739254746
2024-09-27,5.0,4.75,4.875,3.5,1.375,68.18,2649.780029296875,5738.169921875,16.959999084472656,100.41999816894533,114.65,314.851,320.835,-200.201,252.682,163.922492989527,1313.300049,1327.654296857143,1332.0960042333334,-1.6291524064053986
2024-09-28,5.0,4.75,4.875,3.5,1.375,68.18,2649.780029296875,5738.169921875,16.959999084472656,100.41999816894533,114.65,314.851,320.835,-200.201,252.682,163.922492989527,1313.300049,1325.6100202857142,1331.3163411666667,0.0
2024-09-29,5.0,4.75,4.875,3.5,1.375,68.18,2649.780029296875,5738.169921875,16.959999084472656,100.41999816894533,114.65,314.851,320.835,-200.201,252.682,163.922492989527,1313.300049,1323.5657437142856,1330.6636759666665,0.0
2024-09-30,5.0,4.75,4.875,3.5,1.375,68.17,2593.27001953125,5762.47998046875,16.729999542236328,100.77999877929688,114.65,314.851,320.835,-200.201,252.682,163.922492989527,1309.300049,1320.3943221428574,1329.8776774333335,-0.30457624691674345
2024-10-01,5.0,4.75,4.875,3.5,1.375,69.83,2593.27001953125,5708.75,19.26000022888184,101.19000244140624,114.69,315.564,321.688,-200.874,253.081,166.45132226749,1315.329956,1317.7814594285715,1329.2926757999999,0.4605443194327874
2024-10-02,5.0,4.75,4.875,3.5,1.375,70.1,2561.68994140625,5709.5400390625,18.89999961853028,101.68000030517578,114.69,315.564,321.688,-200.874,253.081,166.45132226749,1324.839966,1317.7743095714286,1328.9013427999998,0.7230132604080897
2024-10-03,5.0,4.75,4.875,3.5,1.375,73.71,2561.68994140625,5699.93994140625,20.489999771118164,101.98999786376952,114.69,315.564,321.688,-200.874,253.081,166.45132226749,1324.030029,1316.200021,1328.4506754666666,-0.061134704627408
2024-10-04,5.0,4.75,4.875,3.5,1.375,74.38,2569.7099609375,5751.06982421875,19.209999084472656,102.5199966430664,114.69,315.564,321.688,-200.874,253.081,166.45132226749,1334.410034,1319.215733142857,1328.2506754666667,0.783970512197496
2024-10-05,5.0,4.75,4.875,3.5,1.375,74.38,2569.7099609375,5751.06982421875,19.209999084472656,102.5199966430664,114.69,315.564,321.688,-200.874,253.081,166.45132226749,1334.410034,1322.2314452857142,1328.3640096000001,0.0
2024-10-06,5.0,4.75,4.875,3.5,1.375,74.38,2569.7099609375,5751.06982421875,19.209999084472656,102.5199966430664,114.69,315.564,321.688,-200.874,253.081,166.45132226749,1334.410034,1325.2471574285717,1328.4180094333335,0.0
2024-10-07,5.0,4.75,4.875,3.5,1.375,77.14,2610.3798828125,5695.93994140625,22.63999938964844,102.54000091552734,114.69,315.564,321.688,-200.874,253.081,166.45132226749,1345.880005,1330.4728654285714,1328.8543416333334,0.8595537134577613
2024-10-08,5.0,4.75,4.875,3.5,1.375,73.57,2594.360107421875,5751.1298828125,21.420000076293945,102.5500030517578,114.69,315.564,321.688,-200.874,253.081,166.45132226749,1342.369995,1334.3357281428573,1329.1736735000002,-0.26079665252177753
2024-10-09,5.0,4.75,4.875,3.5,1.375,73.24,2594.360107421875,5792.0400390625,20.86000061035156,102.93000030517578,114.69,315.564,321.688,-200.874,253.081,166.45132226749,1341.310059,1336.6885985714287,1329.2916748,-0.07896004856694505
2024-10-10,5.0,4.75,4.875,3.5,1.375,75.85,2599.159912109375,5780.0498046875,20.93000030517578,102.98999786376952,114.69,315.564,321.688,-200.874,253.081,166.45132226749,1343.02002,1339.4014544285715,1329.3500081333334,0.12748439397187727
2024-10-11,5.0,4.75,4.875,3.25,1.625,75.56,2596.909912109375,5815.02978515625,20.459999084472656,102.88999938964844,114.69,315.564,321.688,-200.874,253.081,166.45132226749,1349.73999,1341.5914481428572,1329.5633422666665,0.5003626081463874
2024-10-12,5.0,4.75,4.875,3.25,1.625,75.56,2596.909912109375,5815.02978515625,20.459999084472656,102.88999938964844,114.69,315.564,321.688,-200.874,253.081,166.45132226749,1349.73999,1343.781441857143,1329.9153401333335,0.0
2024-10-13,5.0,4.75,4.875,3.25,1.625,75.56,2596.909912109375,5815.02978515625,20.459999084472656,102.88999938964844,114.69,315.564,321.688,-200.874,253.081,166.45132226749,1349.73999,1345.9714355714284,1330.3836751000001,0.0
2024-10-14,5.0,4.75,4.875,3.25,1.625,73.83,2623.2900390625,5859.85009765625,19.700000762939453,103.3000030517578,114.69,315.564,321.688,-200.874,253.081,166.45132226749,1348.329956,1346.3214285714287,1330.8050089333333,-0.10446708332321197
2024-10-15,5.0,4.75,4.875,3.25,1.625,70.58,2633.449951171875,5815.259765625,20.63999938964844,103.26000213623048,114.69,315.564,321.688,-200.874,253.081,166.45132226749,1357.27002,1348.4500035714284,1331.5243449000002,0.6630471985152431
2024-10-16,5.0,4.75,4.875,3.25,1.625,70.39,2610.360107421875,5842.47021484375,19.57999992370605,103.58999633789062,114.69,315.564,321.688,-200.874,253.081,166.45132226749,1363.180054,1351.5742885714285,1332.6466797,0.4354353896360186
2024-10-17,5.0,4.75,4.875,3.25,1.625,70.67,2609.300048828125,5841.47021484375,19.11000061035156,103.83000183105467,114.69,315.564,321.688,-200.874,253.081,166.45132226749,1364.199951,1354.599993,1334.1496785666668,0.0748174826214143
2024-10-18,5.0,4.75,4.875,3.25,1.625,69.22,2593.820068359375,5864.669921875,18.030000686645508,103.48999786376952,114.69,315.564,321.688,-200.874,253.081,166.45132226749,1370.050049,1357.50143,1335.7203450666666,0.4288299523623085
2024-10-19,5.0,4.75,4.875,3.25,1.625,69.22,2593.820068359375,5864.669921875,18.030000686645508,103.48999786376952,114.69,315.564,321.688,-200.874,253.081,166.45132226749,1370.050049,1360.4028670000002,1337.3133463666666,0.0
2024-10-20,5.0,4.75,4.875,3.25,1.625,69.22,2593.820068359375,5864.669921875,18.030000686645508,103.48999786376952,114.69,315.564,321.688,-200.874,253.081,166.45132226749,1370.050049,1363.304304,1338.7280151666669,0.0
2024-10-21,5.0,4.75,4.875,3.25,1.625,70.56,2604.919921875,5853.97998046875,18.3700008392334,104.01000213623048,114.69,315.564,321.688,-200.874,253.081,166.45132226749,1369.01001,1366.2585974285714,1340.108016,-0.07591248223078884
2024-10-22,5.0,4.75,4.875,3.25,1.625,72.09,2570.699951171875,5851.2001953125,18.200000762939453,104.08000183105467,114.69,315.564,321.688,-200.874,253.081,166.45132226749,1376.5,1369.0057374285716,1341.7376831666666,0.547109951372815
2024-10-23,5.0,4.75,4.875,3.25,1.625,70.77,2599.6201171875,5797.419921875,19.239999771118164,104.43000030517578,114.69,315.564,321.688,-200.874,253.081,166.45132226749,1376.630005,1370.927159,1343.2420166666666,0.009444605884478818
2024-10-24,5.0,4.75,4.875,3.25,1.625,70.19,2581.030029296875,5809.85986328125,19.07999992370605,104.05999755859376,114.69,315.564,321.688,-200.874,253.081,166.45132226749,1377.339966,1372.804304,1344.6993490333332,0.051572390360621334
2024-10-25,5.0,4.75,4.875,3.25,1.625,71.78,2583.27001953125,5808.1201171875,20.32999992370605,104.26000213623048,114.69,315.564,321.688,-200.874,253.081,166.45132226749,1376.319946,1373.7000035714286,1346.4136800666668,-0.0740572425965591
2024-10-26,5.0,4.75,4.875,3.25,1.625,71.78,2583.27001953125,5808.1201171875,20.32999992370605,104.26000213623048,114.69,315.564,321.688,-200.874,253.081,166.45132226749,1376.319946,1374.5957031428572,1347.7893433,0.0
2024-10-27,5.0,4.75,4.875,3.25,1.625,71.78,2583.27001953125,5808.1201171875,20.32999992370605,104.26000213623048,114.69,315.564,321.688,-200.874,253.081,166.45132226749,1376.319946,1375.4914027142856,1349.8900065333332,0.0
2024-10-28,5.0,4.75,4.875,3.25,1.625,67.38,2612.429931640625,5823.52001953125,19.799999237060547,104.31999969482422,114.69,315.564,321.688,-200.874,253.081,166.45132226749,1387.660034,1378.1556918571428,1352.3686727,0.8239427200744665
2024-10-29,5.0,4.75,4.875,3.25,1.625,67.21,2617.800048828125,5832.919921875,19.34000015258789,104.27999877929688,114.69,315.564,321.688,-200.874,253.081,166.45132226749,1381.969971,1378.9371162857144,1354.6576701000001,-0.4100473358447987
2024-10-30,5.0,4.75,4.875,3.25,1.625,68.61,2593.7900390625,5813.669921875,20.350000381469727,103.98999786376952,114.69,315.564,321.688,-200.874,253.081,166.45132226749,1383.180054,1379.8728375714288,1357.1203369333332,0.08756217757208695
2024-10-31,5.0,4.75,4.875,3.25,1.625,69.26,2556.14990234375,5705.4501953125,23.15999984741211,103.9800033569336,114.69,315.564,321.688,-200.874,253.081,166.45132226749,1378.569946,1380.0485490000003,1359.2283366000001,-0.3332977501134371
2024-11-01,5.0,4.75,4.875,3.25,1.625,69.49,2542.360107421875,5728.7998046875,21.8799991607666,104.27999877929688,114.4,316.449,322.619,-202.049,253.211,166.45132226749,1372.930054,1379.5642787142856,1360.8313395333332,-0.409111776762916
2024-11-02,5.0,4.75,4.875,3.25,1.625,69.49,2542.360107421875,5728.7998046875,21.8799991607666,104.27999877929688,114.4,316.449,322.619,-202.049,253.211,166.45132226749,1372.930054,1379.0800084285713,1362.4613403666667,0.0
2024-11-03,5.0,4.75,4.875,3.25,1.625,69.49,2542.360107421875,5728.7998046875,21.8799991607666,104.27999877929688,114.4,316.449,322.619,-202.049,253.211,166.45132226749,1372.930054,1378.5957381428573,1363.7453410333333,0.0
2024-11-04,5.0,4.75,4.875,3.25,1.625,71.47,2588.969970703125,5712.68994140625,21.979999542236328,103.88999938964844,114.4,316.449,322.619,-202.049,253.211,166.45132226749,1379.339966,1377.4071569999999,1365.2430054333333,0.46687826385072295
2024-11-05,5.0,4.75,4.875,3.25,1.625,71.99,2576.8798828125,5782.759765625,20.489999771118164,103.41999816894533,114.4,316.449,322.619,-202.049,253.211,166.45132226749,1372.859985,1376.1057304285714,1366.5246704666667,-0.4697885336268137
2024-11-06,5.0,4.75,4.875,3.25,1.625,71.69,2563.510009765625,5929.0400390625,16.270000457763672,105.08999633789062,114.4,316.449,322.619,-202.049,253.211,166.45132226749,1378.0,1375.3657227142855,1367.5953369666668,0.3744019824425182
2024-11-07,5.0,4.75,4.875,3.25,1.625,72.36,2564.6298828125,5973.10009765625,15.199999809265137,104.51000213623048,114.4,316.449,322.619,-202.049,253.211,166.45132226749,1399.800049,1378.3985945714285,1369.5096721,1.5820064586357097
2024-11-08,4.75,4.5,4.625,3.25,1.375,70.38,2561.14990234375,5995.5400390625,14.9399995803833,105.0,114.4,316.449,322.619,-202.049,253.211,166.45132226749,1372.079956,1378.2771520000001,1370.5353353333333,-1.9802894720430064
2024-11-09,4.75,4.5,4.625,3.25,1.375,70.38,2561.14990234375,5995.5400390625,14.9399995803833,105.0,114.4,316.449,322.619,-202.049,253.211,166.45132226749,1372.079956,1378.1557094285713,1371.5039998666666,0.0
2024-11-10,4.75,4.5,4.625,3.25,1.375,70.38,2561.14990234375,5995.5400390625,14.9399995803833,105.0,114.4,316.449,322.619,-202.049,253.211,166.45132226749,1372.079956,1378.034266857143,1372.2486654,0.0
2024-11-11,4.75,4.5,4.625,3.25,1.375,68.04,2531.659912109375,6001.35009765625,14.970000267028809,105.54000091552734,114.4,316.449,322.619,-202.049,253.211,166.45132226749,1397.199951,1380.5856932857143,1373.8306640999997,1.8307967323735186
2024-11-12,4.75,4.5,4.625,3.25,1.375,68.12,2482.570068359375,5983.990234375,14.710000038146973,106.0199966430664,114.4,316.449,322.619,-202.049,253.211,166.45132226749,1400.550049,1384.5414167142858,1375.5243327333335,0.23977226721216827
2024-11-13,4.75,4.5,4.625,3.25,1.375,68.43,2417.080078125,5985.3798828125,14.020000457763672,106.4800033569336,114.4,316.449,322.619,-202.049,253.211,166.45132226749,1406.650024,1388.6342772857145,1377.468335,0.43554137921422154
2024-11-14,4.75,4.5,4.625,3.25,1.375,68.7,2418.860107421875,5949.169921875,14.3100004196167,106.66999816894533,114.4,316.449,322.619,-202.049,253.211,166.45132226749,1399.0,1388.5199845714285,1378.8593343333332,-0.5438470031263409
2024-11-15,4.75,4.5,4.625,3.25,1.375,67.02,2416.860107421875,5870.6201171875,16.139999389648438,106.69000244140624,114.4,316.449,322.619,-202.049,253.211,166.45132226749,1400.829956,1392.6271274285716,1380.1143310666666,0.13080457469620832
2024-11-16,4.75,4.5,4.625,3.25,1.375,67.02,2416.860107421875,5870.6201171875,16.139999389648438,106.69000244140624,114.4,316.449,322.619,-202.049,253.211,166.45132226749,1400.829956,1396.7342702857145,1381.3353312333334,0.0
2024-11-17,4.75,4.5,4.625,3.25,1.375,67.02,2416.860107421875,5870.6201171875,16.139999389648438,106.69000244140624,114.4,316.449,322.619,-202.049,253.211,166.45132226749,1400.829956,1400.841413142857,1382.3613281333335,0.0
2024-11-18,4.75,4.5,4.625,3.25,1.375,69.16,2469.070068359375,5893.6201171875,15.579999923706056,106.27999877929688,114.4,316.449,322.619,-202.049,253.211,166.45132226749,1394.349976,1400.4342738571431,1383.1713257000001,-0.46258148408699906
2024-11-19,4.75,4.5,4.625,3.25,1.375,69.39,2471.949951171875,5916.97998046875,16.350000381469727,106.20999908447266,114.4,316.449,322.619,-202.049,253.211,166.45132226749,1389.5,1398.8556954285716,1383.8196573999999,-0.3478306080596183
2024-11-20,4.75,4.5,4.625,3.25,1.375,68.87,2482.2900390625,5917.10986328125,17.15999984741211,106.68000030517578,114.4,316.449,322.619,-202.049,253.211,166.45132226749,1392.160034,1396.785696857143,1384.5913248666666,0.19143821518532445
2024-11-21,4.75,4.5,4.625,3.25,1.375,70.1,2480.6298828125,5948.7099609375,16.8700008392334,106.97000122070312,114.4,316.449,322.619,-202.049,253.211,166.45132226749,1397.619995,1396.5885532857142,1385.2953247,0.39219348829546696
2024-11-22,4.75,4.5,4.625,3.25,1.375,71.24,2501.239990234375,5969.33984375,15.239999771118164,107.48999786376952,114.4,316.449,322.619,-202.049,253.211,166.45132226749,1399.599976,1396.412841857143,1386.0609904,0.14166805047748365
2024-11-23,4.75,4.5,4.625,3.25,1.375,71.24,2501.239990234375,5969.33984375,15.239999771118164,107.48999786376952,114.4,316.449,322.619,-202.049,253.211,166.45132226749,1399.599976,1396.2371304285714,1386.8029907333334,0.0
2024-11-24,4.75,4.5,4.625,3.25,1.375,71.24,2501.239990234375,5969.33984375,15.239999771118164,107.48999786376952,114.4,316.449,322.619,-202.049,253.211,166.45132226749,1399.599976,1396.061419,1387.5789917333334,0.0
2024-11-25,4.75,4.5,4.625,3.25,1.375,68.94,2534.340087890625,5987.3701171875,14.600000381469728,106.81999969482422,114.4,316.449,322.619,-202.049,253.211,166.45132226749,1403.51001,1397.3699952857144,1388.4853272,0.2793679670654692
2024-11-26,4.75,4.5,4.625,3.25,1.375,68.77,2520.360107421875,6021.6298828125,14.100000381469728,107.01000213623048,114.4,316.449,322.619,-202.049,253.211,166.45132226749,1395.560059,1398.235718,1389.1266643000001,-0.5664335090848405
2024-11-27,4.75,4.5,4.625,3.25,1.375,68.72,2503.06005859375,5998.740234375,14.100000381469728,106.08000183105467,114.4,316.449,322.619,-202.049,253.211,166.45132226749,1395.27002,1398.6800017142857,1389.3803305,-0.02078298229657438
2024-11-28,4.75,4.5,4.625,3.0,1.625,68.72,2504.669921875,5998.740234375,14.100000381469728,106.08000183105467,114.4,316.449,322.619,-202.049,253.211,166.45132226749,1388.469971,1397.3728554285715,1389.5969971666666,-0.4873643741015732
2024-11-29,4.75,4.5,4.625,3.0,1.625,68.0,2455.909912109375,6032.3798828125,13.510000228881836,105.73999786376952,114.4,316.449,322.619,-202.049,253.211,166.45132226749,1393.300049,1396.4728658571428,1389.9343303333335,0.3478705410187022
2024-11-30,4.75,4.5,4.625,3.0,1.625,68.0,2455.909912109375,6032.3798828125,13.510000228881836,105.73999786376952,114.4,316.449,322.619,-202.049,253.211,166.45132226749,1393.300049,1395.5728762857143,1390.4253337666667,0.0
2024-12-01,4.75,4.5,4.625,3.0,1.625,68.0,2455.909912109375,6032.3798828125,13.510000228881836,105.73999786376952,114.91,317.603,323.296,-202.693,253.423,166.45132226749,1393.300049,1394.6728867142854,1391.1043336,0.0
2024-12-02,4.75,4.5,4.625,3.0,1.625,68.1,2454.47998046875,6047.14990234375,13.34000015258789,106.4499969482422,114.91,317.603,323.296,-202.693,253.423,166.45132226749,1399.859985,1394.1514545714285,1392.0019979666665,0.4708200509077942
2024-12-03,4.75,4.5,4.625,3.0,1.625,69.94,2500.10009765625,6049.8798828125,13.300000190734863,106.37000274658205,114.91,317.603,323.296,-202.693,253.423,166.45132226749,1401.060059,1394.9371688571428,1392.9396648,0.08572814516158989
2024-12-04,4.75,4.5,4.625,3.0,1.625,68.54,2464.0,6086.490234375,13.449999809265137,106.33999633789062,114.91,317.603,323.296,-202.693,253.423,166.45132226749,1411.670044,1397.2800294285714,1394.0173340666668,0.7572826683513334
2024-12-05,4.75,4.5,4.625,3.0,1.625,68.3,2441.85009765625,6075.10986328125,13.539999961853027,105.70999908447266,114.91,317.603,323.296,-202.693,253.423,166.45132226749,1410.800049,1400.4700405714286,1395.2820028666667,-0.06162877817643686
2024-12-06,4.75,4.5,4.625,3.0,1.625,67.2,2428.159912109375,6090.27001953125,12.770000457763672,105.97000122070312,114.91,317.603,323.296,-202.693,253.423,166.45132226749,1399.98999,1401.4257464285713,1396.0150025333335,-0.7662360805602675
2024-12-07,4.75,4.5,4.625,3.0,1.625,67.2,2428.159912109375,6090.27001953125,12.770000457763672,105.97000122070312,114.91,317.603,323.296,-202.693,253.423,166.45132226749,1399.98999,1402.3814522857142,1396.0213339,0.0
2024-12-08,4.75,4.5,4.625,3.0,1.625,67.2,2428.159912109375,6090.27001953125,12.770000457763672,105.97000122070312,114.91,317.603,323.296,-202.693,253.423,166.45132226749,1399.98999,1403.337158142857,1396.9516683666666,0.0
2024-12-09,4.75,4.5,4.625,3.0,1.625,68.37,2360.580078125,6052.85009765625,14.1899995803833,106.1500015258789,114.91,317.603,323.296,-202.693,253.423,166.45132226749,1424.219971,1406.8171561428571,1398.6896688666666,1.7307253032573522
2024-12-10,4.75,4.5,4.625,3.0,1.625,68.59,2417.840087890625,6034.91015625,14.18000030517578,106.4000015258789,114.91,317.603,323.296,-202.693,253.423,166.45132226749,1426.599976,1410.4657157142858,1400.5070028666667,0.1671093685288616
2024-12-11,4.75,4.5,4.625,3.0,1.625,70.29,2442.510009765625,6084.18994140625,13.579999923706056,106.70999908447266,114.91,317.603,323.296,-202.693,253.423,166.45132226749,1433.949951,1413.6485595714287,1401.7320028666666,0.5152092474169478
2024-12-12,4.75,4.5,4.625,3.0,1.625,70.02,2482.1201171875,6051.25,13.920000076293944,106.95999908447266,114.91,317.603,323.296,-202.693,253.423,166.45132226749,1429.150024,1416.2699845714285,1402.6853353666665,-0.33473462561595113
2024-12-13,4.75,4.5,4.625,3.0,1.625,71.29,2494.4599609375,6051.08984375,13.8100004196167,107.0,114.91,317.603,323.296,-202.693,253.423,166.45132226749,1427.859985,1420.2514124285715,1403.3923340666668,-0.09026617068439435
2024-12-14,4.75,4.5,4.625,3.0,1.625,71.29,2494.4599609375,6051.08984375,13.8100004196167,107.0,114.91,317.603,323.296,-202.693,253.423,166.45132226749,1427.859985,1424.2328402857145,1404.3543335666666,0.0
2024-12-15,4.75,4.5,4.625,3.0,1.625,71.29,2494.4599609375,6051.08984375,13.8100004196167,107.0,114.91,317.603,323.296,-202.693,253.423,166.45132226749,1427.859985,1428.2142681428572,1405.2553345333333,0.0
2024-12-16,4.75,4.5,4.625,3.0,1.625,70.71,2488.969970703125,6074.080078125,14.6899995803833,106.86000061035156,114.91,317.603,323.296,-202.693,253.423,166.45132226749,1434.449951,1429.675693857143,1406.3760010333333,0.4615274655238588
2024-12-17,4.75,4.5,4.625,3.0,1.625,70.08,2456.81005859375,6050.60986328125,15.869999885559082,106.95999908447266,114.91,317.603,323.296,-202.693,253.423,166.45132226749,1431.349976,1430.3542652857143,1407.3933350333332,-0.21610896900509102
2024-12-18,4.75,4.5,4.625,3.0,1.625,70.58,2484.429931640625,5872.16015625,27.6200008392334,108.02999877929688,114.91,317.603,323.296,-202.693,253.423,166.45132226749,1436.420044,1430.7071357142856,1408.7956706333332,0.3542158161883302
2024-12-19,4.5,4.25,4.375,3.0,1.375,69.91,2435.929931640625,5867.080078125,24.09000015258789,108.41000366210938,114.91,317.603,323.296,-202.693,253.423,166.45132226749,1451.5,1433.8999894285714,1410.8623373,1.0498291264445792
2024-12-20,4.5,4.25,4.375,3.0,1.375,69.46,2404.14990234375,5930.85009765625,18.36000061035156,107.62000274658205,114.91,317.603,323.296,-202.693,253.423,166.45132226749,1437.449951,1435.2699845714285,1412.3720012,-0.9679675508095009
2024-12-21,4.5,4.25,4.375,3.0,1.375,69.46,2404.14990234375,5930.85009765625,18.36000061035156,107.62000274658205,114.91,317.603,323.296,-202.693,253.423,166.45132226749,1437.449951,1436.6399797142858,1413.6996664,0.0
2024-12-22,4.5,4.25,4.375,3.0,1.375,69.46,2404.14990234375,5930.85009765625,18.36000061035156,107.62000274658205,114.91,317.603,323.296,-202.693,253.423,166.45132226749,1437.449951,1438.0099748571429,1414.9613322333332,0.0
2024-12-23,4.5,4.25,4.375,3.0,1.375,69.24,2442.010009765625,5974.06982421875,16.780000686645508,108.04000091552734,114.91,317.603,323.296,-202.693,253.423,166.45132226749,1445.420044,1439.577131,1416.488667833333,0.5544605566583538
2024-12-24,4.5,4.25,4.375,3.0,1.375,70.1,2440.52001953125,6040.0400390625,14.270000457763672,108.26000213623048,114.91,317.603,323.296,-202.693,253.423,166.45132226749,1442.699951,1441.1985559999998,1417.9253336666666,-0.1881870264142993
2024-12-25,4.5,4.25,4.375,3.0,1.375,70.1,2440.52001953125,6040.0400390625,14.270000457763672,108.26000213623048,114.91,317.603,323.296,-202.693,253.423,166.45132226749,1453.420044,1443.6271274285714,1419.5890014666666,0.7430576948844747
2024-12-26,4.5,4.25,4.375,3.0,1.375,69.62,2429.669921875,6037.58984375,14.729999542236328,108.12999725341795,114.91,317.603,323.296,-202.693,253.423,166.45132226749,1457.609985,1444.4999824285715,1421.6573323333332,0.2882814928345745
2024-12-27,4.5,4.25,4.375,3.0,1.375,70.6,2404.77001953125,5970.83984375,15.949999809265137,108.0,114.91,317.603,323.296,-202.693,253.423,166.45132226749,1466.98999,1448.719988,1424.0479980000002,0.6435195351656375
2024-12-28,4.5,4.25,4.375,3.0,1.375,70.6,2404.77001953125,5970.83984375,15.949999809265137,108.0,114.91,317.603,323.296,-202.693,253.423,166.45132226749,1466.98999,1452.9399935714287,1426.6653319666666,0.0
2024-12-29,4.5,4.25,4.375,3.0,1.375,70.6,2404.77001953125,5970.83984375,15.949999809265137,108.0,114.91,317.603,323.296,-202.693,253.423,166.45132226749,1466.98999,1457.1599991428573,1429.1216633333331,0.0
2024-12-30,4.5,4.25,4.375,3.0,1.375,70.99,2399.489990234375,5906.93994140625,17.399999618530273,108.12999725341795,114.91,317.603,323.296,-202.693,253.423,166.45132226749,1472.800049,1461.0714284285714,1431.7716633333334,0.3960530773628568
2024-12-31,4.5,4.25,4.375,3.0,1.375,71.72,2399.489990234375,5881.6298828125,17.350000381469727,108.48999786376952,114.91,317.603,323.296,-202.693,253.423,166.45132226749,1467.390015,1464.5985804285717,1434.241328866667,-0.36732983568769084
2025-01-01,4.5,4.25,4.375,3.0,1.375,71.72,2399.489990234375,5881.6298828125,17.350000381469727,108.48999786376952,115.71,319.086,324.739,-203.37600000000003,257.36,170.748819759322,1467.390015,1466.5942905714287,1436.4923298666665,0.0
2025-01-02,4.5,4.25,4.375,3.0,1.375,73.13,2398.93994140625,5868.5498046875,17.93000030517578,109.38999938964844,115.71,319.086,324.739,-203.37600000000003,257.36,170.748819759322,1473.52002,1468.8671527142856,1438.9076619000002,0.4177488559508724
2025-01-03,4.5,4.25,4.375,3.0,1.375,73.96,2441.919921875,5942.47021484375,16.1299991607666,108.9499969482422,115.71,319.086,324.739,-203.37600000000003,257.36,170.748819759322,1471.650024,1469.532871857143,1440.9069945666665,-0.1269067250270428
2025-01-04,4.5,4.25,4.375,3.0,1.375,73.96,2441.919921875,5942.47021484375,16.1299991607666,108.9499969482422,115.71,319.086,324.739,-203.37600000000003,257.36,170.748819759322,1471.650024,1470.1985909999999,1442.9353270666666,0.0
2025-01-05,4.5,4.25,4.375,3.0,1.375,73.96,2441.919921875,5942.47021484375,16.1299991607666,108.9499969482422,115.71,319.086,324.739,-203.37600000000003,257.36,170.748819759322,1471.650024,1470.864310142857,1445.3239948666667,0.0
2025-01-06,4.5,4.25,4.375,3.0,1.375,73.56,2488.639892578125,5975.3798828125,16.040000915527344,108.26000213623048,115.71,319.086,324.739,-203.37600000000003,257.36,170.748819759322,1465.530029,1469.8257358571427,1447.5086628333336,-0.4158594027244056
2025-01-07,4.5,4.25,4.375,3.0,1.375,74.25,2492.10009765625,5909.02978515625,17.81999969482422,108.54000091552734,115.71,319.086,324.739,-203.37600000000003,257.36,170.748819759322,1459.449951,1468.6914409999997,1449.4906615333334,-0.4148722905492841
2025-01-08,4.5,4.25,4.375,3.0,1.375,73.32,2521.050048828125,5918.25,17.700000762939453,109.08999633789062,115.71,319.086,324.739,-203.37600000000003,257.36,170.748819759322,1451.880005,1466.4757252857144,1450.4126626666666,-0.5186848644458952
2025-01-09,4.5,4.25,4.375,3.0,1.375,73.92,2521.89990234375,5918.25,17.700000762939453,109.18000030517578,115.71,319.086,324.739,-203.37600000000003,257.36,170.748819759322,1457.969971,1464.254289714286,1451.4583291666668,0.41945381016526007
2025-01-10,4.5,4.25,4.375,3.0,1.375,76.57,2515.780029296875,5827.0400390625,19.540000915527344,109.6500015258789,115.71,319.086,324.739,-203.37600000000003,257.36,170.748819759322,1455.22998,1461.908569142857,1452.1676634666667,-0.18793192277619664
2025-01-11,4.5,4.25,4.375,3.0,1.375,76.57,2515.780029296875,5827.0400390625,19.540000915527344,109.6500015258789,115.71,319.086,324.739,-203.37600000000003,257.36,170.748819759322,1455.22998,1459.5628485714285,1453.0369953333334,0.0
2025-01-12,4.5,4.25,4.375,3.0,1.375,76.57,2515.780029296875,5827.0400390625,19.540000915527344,109.6500015258789,115.71,319.086,324.739,-203.37600000000003,257.36,170.748819759322,1455.22998,1457.2171280000002,1453.9493284999999,0.0
2025-01-13,4.5,4.25,4.375,3.0,1.375,78.82,2489.56005859375,5836.22021484375,19.190000534057617,109.95999908447266,115.71,319.086,324.739,-203.37600000000003,257.36,170.748819759322,1472.25,1458.177123857143,1455.4289956666667,1.1695759593957744
2025-01-14,4.5,4.25,4.375,3.0,1.375,77.5,2497.39990234375,5842.91015625,18.709999084472656,109.2699966430664,115.71,319.086,324.739,-203.37600000000003,257.36,170.748819759322,1458.890015,1458.097133,1456.46333,-0.9074535574800535
2025-01-15,4.5,4.25,4.375,3.0,1.375,80.04,2496.81005859375,5949.91015625,16.1200008392334,109.08999633789062,115.71,319.086,324.739,-203.37600000000003,257.36,170.748819759322,1460.439941,1459.319981,1457.329663,0.10624008554889208
2025-01-16,4.5,4.25,4.375,3.0,1.375,78.68,2527.489990234375,5937.33984375,16.600000381469727,108.95999908447266,115.71,319.086,324.739,-203.37600000000003,257.36,170.748819759322,1437.219971,1456.3556952857143,1457.5253295,-1.5899298114307125
2025-01-17,4.5,4.25,4.375,3.0,1.375,77.88,2523.550048828125,5996.66015625,15.970000267028809,109.3499984741211,115.71,319.086,324.739,-203.37600000000003,257.36,170.748819759322,1453.319946,1456.0828332857145,1458.0886595666668,1.12021648215741
2025-01-18,4.5,4.25,4.375,3.0,1.375,77.88,2523.550048828125,5996.66015625,15.970000267028809,109.3499984741211,115.71,319.086,324.739,-203.37600000000003,257.36,170.748819759322,1453.319946,1455.8099712857143,1458.1493244333333,0.0
2025-01-19,4.5,4.25,4.375,3.0,1.375,77.88,2523.550048828125,5996.66015625,15.970000267028809,109.3499984741211,115.71,319.086,324.739,-203.37600000000003,257.36,170.748819759322,1453.319946,1455.5371092857142,1458.6783242666668,0.0
2025-01-20,4.5,4.25,4.375,3.0,1.375,77.88,2520.050048828125,5996.66015625,15.970000267028809,109.3499984741211,115.71,319.086,324.739,-203.37600000000003,257.36,170.748819759322,1457.380005,1453.4128242857144,1459.3426594,0.2793644311546384
2025-01-21,4.5,4.25,4.375,3.0,1.375,75.89,2518.030029296875,6049.240234375,15.0600004196167,108.05999755859376,115.71,319.086,324.739,-203.37600000000003,257.36,170.748819759322,1435.530029,1450.0756834285714,1459.2786620000002,-1.4992641538265072
2025-01-22,4.5,4.25,4.375,3.0,1.375,75.44,2547.06005859375,6086.3701171875,15.100000381469728,108.16999816894533,115.71,319.086,324.739,-203.37600000000003,257.36,170.748819759322,1425.790039,1445.1256974285714,1458.6243285000003,-0.6784943402949883
2025-01-23,4.5,4.25,4.375,3.0,1.375,74.62,2515.489990234375,6118.7099609375,15.020000457763672,108.0500030517578,115.71,319.086,324.739,-203.37600000000003,257.36,170.748819759322,1434.339966,1444.714268142857,1458.3456623333334,0.5996624163538522
2025-01-24,4.5,4.25,4.375,3.0,1.375,74.66,2536.800048828125,6101.240234375,14.850000381469728,107.44000244140624,115.71,319.086,324.739,-203.37600000000003,257.36,170.748819759322,1433.930054,1441.9442835714285,1457.695996,-0.028578440935678184
2025-01-25,4.5,4.25,4.375,3.0,1.375,74.66,2536.800048828125,6101.240234375,14.850000381469728,107.44000244140624,115.71,319.086,324.739,-203.37600000000003,257.36,170.748819759322,1433.930054,1439.174299,1456.9066649666668,0.0
2025-01-26,4.5,4.25,4.375,3.0,1.375,74.66,2536.800048828125,6101.240234375,14.850000381469728,107.44000244140624,115.71,319.086,324.739,-203.37600000000003,257.36,170.748819759322,1433.930054,1436.4043144285715,1455.8046671,0.0
2025-01-27,4.5,4.25,4.375,3.0,1.375,73.17,2536.800048828125,6012.27978515625,17.899999618530273,107.33999633789062,115.71,319.086,324.739,-203.37600000000003,257.36,170.748819759322,1427.630005,1432.1543144285713,1454.4926676,-0.43935539131951806
2025-01-28,4.5,4.25,4.375,3.0,1.375,73.77,2536.800048828125,6067.7001953125,16.40999984741211,107.87000274658205,115.71,319.086,324.739,-203.37600000000003,257.36,170.748819759322,1417.920044,1429.6386022857143,1452.8570027333335,-0.6801454834931109
2025-01-29,4.5,4.25,4.375,3.0,1.375,72.62,2536.800048828125,6039.31005859375,16.559999465942383,108.0,115.71,319.086,324.739,-203.37600000000003,257.36,170.748819759322,1443.26001,1432.1343124285715,1451.8723347666669,1.787122349192205
2025-01-30,4.5,4.25,4.375,3.0,1.375,72.73,2536.800048828125,6071.169921875,15.84000015258789,107.8000030517578,115.71,319.086,324.739,-203.37600000000003,257.36,170.748819759322,1443.319946,1433.4171667142857,1451.0699991333333,0.004152820668812396
2025-01-31,4.5,4.25,4.375,3.0,1.375,72.53,2517.3701171875,6040.52978515625,16.43000030517578,108.37000274658205,115.71,319.086,324.739,-203.37600000000003,257.36,170.748819759322,1441.660034,1434.5214495714285,1450.2123331,-0.11500651706507492
2025-02-01,4.5,4.25,4.375,3.0,1.375,72.53,2517.3701171875,6040.52978515625,16.43000030517578,108.37000274658205,116.08,319.775,325.475,-203.695,259.498,170.748819759322,1441.660034,1435.6257324285714,1449.1503335666666,0.0
2025-02-02,4.5,4.25,4.375,3.0,1.375,72.53,2517.3701171875,6040.52978515625,16.43000030517578,108.37000274658205,116.08,319.775,325.475,-203.695,259.498,170.748819759322,1441.660034,1436.7300152857144,1448.1506672333335,0.0
2025-02-03,4.5,4.25,4.375,3.0,1.375,73.16,2453.949951171875,5994.56982421875,18.6200008392334,108.98999786376952,116.08,319.775,325.475,-203.695,259.498,170.748819759322,1456.780029,1440.8943044285716,1447.6550007333333,1.0487906055110852
2025-02-04,4.5,4.25,4.375,3.0,1.375,72.7,2481.68994140625,6037.8798828125,17.209999084472656,107.95999908447266,116.08,319.775,325.475,-203.695,259.498,170.748819759322,1459.050049,1446.7700194285715,1447.2350015666666,0.15582448652582404
2025-02-05,4.5,4.25,4.375,3.0,1.375,71.03,2509.27001953125,6061.47998046875,15.770000457763672,107.58000183105467,116.08,319.775,325.475,-203.695,259.498,170.748819759322,1450.160034,1447.7557371428572,1446.7226684,-0.6093015798939172
2025-02-06,4.5,4.25,4.375,3.0,1.375,70.61,2536.75,6083.56982421875,15.5,107.69000244140624,116.08,319.775,325.475,-203.695,259.498,170.748819759322,1443.890015,1447.8371755714286,1446.2040038666669,-0.4323673838055875
2025-02-07,4.5,4.25,4.375,3.0,1.375,71.0,2521.919921875,6025.990234375,16.540000915527344,108.04000091552734,116.08,319.775,325.475,-203.695,259.498,170.748819759322,1442.150024,1447.9071741428572,1445.8796711666666,-0.1205071703470395
2025-02-08,4.5,4.25,4.375,3.0,1.375,71.0,2521.919921875,6025.990234375,16.540000915527344,108.04000091552734,116.08,319.775,325.475,-203.695,259.498,170.748819759322,1442.150024,1447.9771727142856,1445.3523395999998,0.0
2025-02-09,4.5,4.25,4.375,3.0,1.375,71.0,2521.919921875,6025.990234375,16.540000915527344,108.04000091552734,116.08,319.775,325.475,-203.695,259.498,170.748819759322,1442.150024,1448.0471712857143,1444.9163410666667,0.0
2025-02-10,4.5,4.25,4.375,3.0,1.375,72.32,2521.27001953125,6066.43994140625,15.8100004196167,108.31999969482422,116.08,319.775,325.475,-203.695,259.498,170.748819759322,1450.619995,1447.1671664285714,1444.7626748999999,0.5873155260579077
2025-02-11,4.5,4.25,4.375,3.0,1.375,73.32,2539.050048828125,6068.5,16.020000457763672,107.95999908447266,116.08,319.775,325.475,-203.695,259.498,170.748819759322,1453.209961,1446.3328681428573,1444.6953409333332,0.17854200334526116
2025-02-12,4.5,4.25,4.375,3.0,1.375,71.37,2548.389892578125,6051.97021484375,15.890000343322754,107.94000244140624,116.08,319.775,325.475,-203.695,259.498,170.748819759322,1450.75,1446.417149,1443.9786742666665,-0.169277741415097
2025-02-13,4.5,4.25,4.375,3.0,1.375,71.29,2583.169921875,6115.06982421875,15.100000381469728,107.30999755859376,116.08,319.775,325.475,-203.695,259.498,170.748819759322,1452.119995,1447.5928604285714,1443.7530069333332,0.09443356884371035
2025-02-14,4.5,4.25,4.375,3.0,1.375,70.74,2591.050048828125,6114.6298828125,14.770000457763672,106.56999969482422,116.08,319.775,325.475,-203.695,259.498,170.748819759322,1438.73999,1447.1057127142856,1443.0296752333334,-0.921411801095684
2025-02-15,4.5,4.25,4.375,3.0,1.375,70.74,2591.050048828125,6114.6298828125,14.770000457763672,106.56999969482422,116.08,319.775,325.475,-203.695,259.498,170.748819759322,1438.73999,1446.618565,1443.0803425333334,0.0
2025-02-16,4.5,4.25,4.375,3.0,1.375,70.74,2591.050048828125,6114.6298828125,14.770000457763672,106.56999969482422,116.08,319.775,325.475,-203.695,259.498,170.748819759322,1438.73999,1446.1314172857142,1442.594344,0.0
2025-02-17,4.5,4.25,4.375,3.0,1.375,70.74,2610.419921875,6114.6298828125,14.770000457763672,106.56999969482422,116.08,319.775,325.475,-203.695,259.498,170.748819759322,1432.599976,1443.557128857143,1441.9036783333333,-0.42676328194645174
2025-02-18,4.5,4.25,4.375,3.0,1.375,71.85,2626.81005859375,6129.580078125,15.350000381469728,107.0500030517578,116.08,319.775,325.475,-203.695,259.498,170.748819759322,1441.290039,1441.8542828571428,1441.5026814333332,0.6065938256025749
2025-02-19,4.5,4.25,4.375,3.0,1.375,72.25,2671.52001953125,6144.14990234375,15.270000457763672,107.16999816894533,116.08,319.775,325.475,-203.695,259.498,170.748819759322,1440.079956,1440.3299908571428,1440.9260131333333,-0.08395832672509762
2025-02-20,4.5,4.25,4.375,3.0,1.375,72.57,2654.06005859375,6117.52001953125,15.65999984741211,106.33999633789062,116.08,319.775,325.475,-203.695,259.498,170.748819759322,1439.97998,1438.5957030000002,1441.0743448333333,-0.006942392301445555
2025-02-21,4.5,4.25,4.375,3.0,1.375,70.4,2654.580078125,6013.1298828125,18.209999084472656,106.61000061035156,116.08,319.775,325.475,-203.695,259.498,170.748819759322,1431.699951,1437.5899831428574,1441.2713419,-0.575010008125254
2025-02-22,4.5,4.25,4.375,3.0,1.375,70.4,2654.580078125,6013.1298828125,18.209999084472656,106.61000061035156,116.08,319.775,325.475,-203.695,259.498,170.748819759322,1431.699951,1436.5842632857145,1441.1833414,0.0
2025-02-23,4.5,4.25,4.375,3.0,1.375,70.4,2654.580078125,6013.1298828125,18.209999084472656,106.61000061035156,116.08,319.775,325.475,-203.695,259.498,170.748819759322,1431.699951,1435.5785434285715,1441.1090046333334,0.0
2025-02-24,4.5,4.25,4.375,3.0,1.375,70.7,2645.27001953125,5983.25,18.979999542236328,106.5999984741211,116.08,319.775,325.475,-203.695,259.498,170.748819759322,1434.290039,1435.819981,1441.1210041333331,0.18090997336352999
2025-02-25,4.5,4.25,4.375,2.75,1.625,68.93,2630.2900390625,5955.25,19.43000030517578,106.30999755859376,116.08,319.775,325.475,-203.695,259.498,170.748819759322,1428.650024,1434.0142645714284,1440.9450031333333,-0.3932269517769371
2025-02-26,4.5,4.25,4.375,2.75,1.625,68.62,2641.090087890625,5956.06005859375,19.100000381469727,106.41999816894533,116.08,319.775,325.475,-203.695,259.498,170.748819759322,1429.5,1432.5028422857142,1441.0073363000001,0.05949504677291717
2025-02-27,4.5,4.25,4.375,2.75,1.625,70.35,2621.75,5861.56982421875,21.1299991607666,107.23999786376952,116.08,319.775,325.475,-203.695,259.498,170.748819759322,1434.420044,1431.7085657142857,1441.5573362999999,0.34417936341377686
2025-02-28,4.5,4.25,4.375,2.75,1.625,69.76,2532.780029296875,5954.5,19.6299991607666,107.61000061035156,116.08,319.775,325.475,-203.695,259.498,170.748819759322,1449.859985,1434.3028562857144,1441.7773354666667,1.0763890998723546
2025-03-01,4.5,4.25,4.375,2.75,1.625,69.76,2532.780029296875,5954.5,19.6299991607666,107.61000061035156,116.29,319.615,325.659,-203.325,258.525,170.748819759322,1449.859985,1436.897146857143,1441.9953367666667,0.0
2025-03-02,4.5,4.25,4.375,2.75,1.625,69.76,2532.780029296875,5954.5,19.6299991607666,107.61000061035156,116.29,319.615,325.659,-203.325,258.525,170.748819759322,1449.859985,1439.4914374285715,1442.2686684666667,0.0
2025-03-03,4.5,4.25,4.375,2.75,1.625,68.37,2532.780029296875,5849.72021484375,22.780000686645508,106.75,116.29,319.615,325.659,-203.325,258.525,170.748819759322,1459.800049,1443.1357245714287,1442.8733356333332,0.6855878569543394
2025-03-04,4.5,4.25,4.375,2.75,1.625,68.26,2528.919921875,5778.14990234375,23.51000022888184,105.73999786376952,116.29,319.615,325.659,-203.325,258.525,170.748819759322,1457.930054,1447.318586,1443.4156696333334,-0.12809939287787842
2025-03-05,4.5,4.25,4.375,2.75,1.625,66.31,2558.1298828125,5842.6298828125,21.93000030517578,105.73999786376952,116.29,319.615,325.659,-203.325,258.525,170.748819759322,1452.849976,1450.654296857143,1443.2846678666667,-0.3484445626223409
2025-03-06,4.5,4.25,4.375,2.75,1.625,66.36,2576.159912109375,5738.52001953125,24.8700008392334,104.05999755859376,116.29,319.615,325.659,-203.325,258.525,170.748819759322,1443.030029,1451.8842947142857,1442.7506672000002,-0.6759092240918307
2025-03-07,4.5,4.25,4.375,2.75,1.625,67.04,2563.47998046875,5770.2001953125,23.3700008392334,103.83999633789062,116.29,319.615,325.659,-203.325,258.525,170.748819759322,1446.5,1451.4042968571428,1442.6286660666667,0.24046422668033696
2025-03-08,4.5,4.25,4.375,2.75,1.625,67.04,2563.47998046875,5770.2001953125,23.3700008392334,103.83999633789062,116.29,319.615,325.659,-203.325,258.525,170.748819759322,1446.5,1450.924299,1442.7156655666665,0.0
2025-03-09,4.5,4.25,4.375,2.75,1.625,67.04,2563.47998046875,5770.2001953125,23.3700008392334,103.83999633789062,116.29,319.615,325.659,-203.325,258.525,170.748819759322,1446.5,1450.4443011428573,1442.8606647666668,0.0
2025-03-10,4.5,4.25,4.375,2.75,1.625,66.03,2570.389892578125,5614.56005859375,27.86000061035156,103.91000366210938,116.29,319.615,325.659,-203.325,258.525,170.748819759322,1446.26001,1448.5100098571427,1442.9976643,-0.016591081921879525
2025-03-11,4.5,4.25,4.375,2.75,1.625,66.25,2537.60009765625,5572.06982421875,26.920000076293945,103.44000244140624,116.29,319.615,325.659,-203.325,258.525,170.748819759322,1457.030029,1448.381434857143,1443.4936644666666,0.7446806885021973
2025-03-12,4.5,4.25,4.375,2.75,1.625,67.68,2574.820068359375,5599.2998046875,24.229999542236328,103.61000061035156,116.29,319.615,325.659,-203.325,258.525,170.748819759322,1451.02002,1448.1200125714283,1443.5069986333335,-0.4124835370843294
2025-03-13,4.5,4.25,4.375,2.75,1.625,66.55,2573.639892578125,5521.52001953125,24.65999984741211,103.83000183105467,116.29,319.615,325.659,-203.325,258.525,170.748819759322,1448.75,1448.9371512857142,1443.358333266667,-0.15644305169545403
2025-03-14,4.5,4.25,4.375,2.75,1.625,67.18,2566.360107421875,5638.93994140625,21.770000457763672,103.72000122070312,116.29,319.615,325.659,-203.325,258.525,170.748819759322,1453.22998,1449.898577,1443.4409992666667,0.30923071613460085
2025-03-15,4.5,4.25,4.375,2.75,1.625,67.18,2566.360107421875,5638.93994140625,21.770000457763672,103.72000122070312,116.29,319.615,325.659,-203.325,258.525,170.748819759322,1453.22998,1450.8600027142857,1443.4779987666668,0.0
2025-03-16,4.5,4.25,4.375,2.75,1.625,67.18,2566.360107421875,5638.93994140625,21.770000457763672,103.72000122070312,116.29,319.615,325.659,-203.325,258.525,170.748819759322,1453.22998,1451.8214284285714,1443.9609984333333,0.0
2025-03-17,4.5,4.25,4.375,2.75,1.625,67.58,2610.68994140625,5675.1201171875,20.51000022888184,103.37000274658205,116.29,319.615,325.659,-203.325,258.525,170.748819759322,1449.050049,1452.2200054285713,1444.3046670666665,-0.2876303859352114
2025-03-18,4.5,4.25,4.375,2.75,1.625,66.9,2612.340087890625,5614.66015625,21.700000762939453,103.23999786376952,116.29,319.615,325.659,-203.325,258.525,170.748819759322,1442.48999,1450.142857,1444.4296670666665,-0.4527144527911253
2025-03-19,4.5,4.25,4.375,2.75,1.625,67.16,2628.6201171875,5675.2900390625,19.89999961853028,103.43000030517578,116.29,319.615,325.659,-203.325,258.525,170.748819759322,1448.939941,1449.845702857143,1444.9743325666668,0.4471400872598119
2025-03-20,4.5,4.25,4.375,2.75,1.625,68.26,2637.10009765625,5662.89013671875,19.799999237060547,103.8499984741211,116.29,319.615,325.659,-203.325,258.525,170.748819759322,1443.390015,1449.079990714286,1445.0443317666666,-0.38303354355528896
2025-03-21,4.5,4.25,4.375,2.75,1.625,68.28,2643.1298828125,5667.56005859375,19.280000686645508,104.08999633789062,116.29,319.615,325.659,-203.325,258.525,170.748819759322,1465.819946,1450.8785572857144,1445.902331433333,1.5539757630927076
2025-03-22,4.5,4.25,4.375,2.75,1.625,68.28,2643.1298828125,5667.56005859375,19.280000686645508,104.08999633789062,116.29,319.615,325.659,-203.325,258.525,170.748819759322,1465.819946,1452.677123857143,1446.7636636333334,0.0
2025-03-23,4.5,4.25,4.375,2.75,1.625,68.28,2643.1298828125,5667.56005859375,19.280000686645508,104.08999633789062,116.29,319.615,325.659,-203.325,258.525,170.748819759322,1465.819946,1454.4756904285714,1447.9009968,0.0
2025-03-24,4.5,4.25,4.375,2.75,1.625,69.11,2632.070068359375,5767.56982421875,17.479999542236328,104.26000213623048,116.29,319.615,325.659,-203.325,258.525,170.748819759322,1464.780029,1456.7228304285713,1449.0036660666665,-0.07094438869097441
2025-03-25,4.5,4.25,4.375,2.75,1.625,69.0,2615.81005859375,5776.64990234375,17.149999618530273,104.18000030517578,116.29,319.615,325.659,-203.325,258.525,170.748819759322,1466.27002,1460.1199775714288,1450.1560017000002,0.10172114382369646
2025-03-26,4.5,4.25,4.375,2.75,1.625,69.65,2643.93994140625,5712.2001953125,18.32999992370605,104.5500030517578,116.29,319.615,325.659,-203.325,258.525,170.748819759322,1462.089966,1461.9985525714287,1451.0826659333334,-0.285080779323299
2025-03-27,4.5,4.25,4.375,2.75,1.625,69.92,2607.14990234375,5693.31005859375,18.690000534057617,104.06999969482422,116.29,319.615,325.659,-203.325,258.525,170.748819759322,1465.680054,1465.1828438571429,1452.3170002666666,0.24554494480402145
2025-03-28,4.5,4.25,4.375,2.75,1.625,69.36,2557.97998046875,5580.93994140625,21.64999961853028,104.04000091552734,116.29,319.615,325.659,-203.325,258.525,170.748819759322,1461.890015,1464.621425142857,1453.3966674333335,-0.2585856981308088
2025-03-29,4.5,4.25,4.375,2.75,1.625,69.36,2557.97998046875,5580.93994140625,21.64999961853028,104.04000091552734,116.29,319.615,325.659,-203.325,258.525,170.748819759322,1461.890015,1464.0600064285716,1454.3123331333334,0.0
2025-03-30,4.5,4.25,4.375,2.75,1.625,69.36,2557.97998046875,5580.93994140625,21.64999961853028,104.04000091552734,116.29,319.615,325.659,-203.325,258.525,170.748819759322,1461.890015,1463.4985877142856,1454.7133341333333,0.0
2025-03-31,4.5,4.25,4.375,2.75,1.625,71.48,2481.1201171875,5611.85009765625,22.280000686645508,104.20999908447266,116.29,319.615,325.659,-203.325,258.525,170.748819759322,1469.410034,1464.160017,1455.3650024333333,0.5144038828392983
2025-04-01,4.5,4.25,4.375,2.75,1.625,71.2,2521.389892578125,5633.06982421875,21.770000457763672,104.26000213623048,116.38,320.321,326.43,-203.94100000000003,258.392,162.933716918432,1471.959961,1464.9728657142857,1456.1016683,0.17353406748277234
2025-04-02,4.5,4.25,4.375,2.75,1.625,71.71,2505.860107421875,5670.97021484375,21.51000022888184,103.80999755859376,116.38,320.321,326.43,-203.94100000000003,258.392,162.933716918432,1469.969971,1466.0985807142856,1456.4406657000002,-0.13519321535404583
2025-04-03,4.5,4.25,4.375,2.75,1.625,66.95,2486.699951171875,5396.52001953125,30.020000457763672,102.06999969482422,116.38,320.321,326.43,-203.94100000000003,258.392,162.933716918432,1466.040039,1466.150007142857,1456.7109985333334,-0.2673477742764052
2025-04-04,4.5,4.25,4.375,2.75,1.625,61.99,2465.419921875,5074.080078125,45.310001373291016,103.0199966430664,116.38,320.321,326.43,-203.94100000000003,258.392,162.933716918432,1450.680054,1464.5485841428574,1456.6386678000001,-1.0477193385848627
2025-04-05,4.5,4.25,4.375,2.75,1.625,61.99,2465.419921875,5074.080078125,45.310001373291016,103.0199966430664,116.38,320.321,326.43,-203.94100000000003,258.392,162.933716918432,1450.680054,1462.9471611428569,1456.8936686333334,0.0
2025-04-06,4.5,4.25,4.375,2.75,1.625,61.99,2465.419921875,5074.080078125,45.310001373291016,103.0199966430664,116.38,320.321,326.43,-203.94100000000003,258.392,162.933716918432,1450.680054,1461.3457381428573,1457.0330037666668,0.0
2025-04-07,4.5,4.25,4.375,2.75,1.625,60.7,2328.199951171875,5062.25,46.97999954223633,103.26000213623048,116.38,320.321,326.43,-203.94100000000003,258.392,162.933716918432,1458.52002,1459.7900218571428,1457.4336711,0.5404338453804947
2025-04-08,4.5,4.25,4.375,2.75,1.625,59.58,2334.22998046875,4982.77001953125,52.33000183105469,102.95999908447266,116.38,320.321,326.43,-203.94100000000003,258.392,162.933716918432,1469.949951,1459.5028775714286,1458.2153361333333,0.7836663770991681
2025-04-09,4.5,4.25,4.375,2.75,1.625,62.35,2293.699951171875,5456.89990234375,33.619998931884766,102.9000015258789,116.38,320.321,326.43,-203.94100000000003,258.392,162.933716918432,1486.130005,1461.8114538571426,1459.5443359666667,1.1007214217730876
2025-04-10,4.5,4.25,4.375,2.75,1.625,60.07,2445.06005859375,5268.0498046875,40.720001220703125,100.87000274658205,116.38,320.321,326.43,-203.94100000000003,258.392,162.933716918432,1443.949951,1458.6557269999998,1459.1083333666668,-2.838247923000514
2025-04-11,4.5,4.25,4.375,2.75,1.625,61.5,2432.719970703125,5363.35986328125,37.560001373291016,99.77999877929688,116.38,320.321,326.43,-203.94100000000003,258.392,162.933716918432,1452.040039,1458.8500105714286,1459.142334,0.5602748207718111
2025-04-12,4.5,4.25,4.375,2.75,1.625,61.5,2432.719970703125,5363.35986328125,37.560001373291016,99.77999877929688,116.38,320.321,326.43,-203.94100000000003,258.392,162.933716918432,1452.040039,1459.044294142857,1459.2520019666665,0.0
2025-04-13,4.5,4.25,4.375,2.75,1.625,61.5,2432.719970703125,5363.35986328125,37.560001373291016,99.77999877929688,116.38,320.321,326.43,-203.94100000000003,258.392,162.933716918432,1452.040039,1459.2385777142858,1459.2123372666667,0.0
2025-04-14,4.5,4.25,4.375,2.75,1.625,61.53,2455.889892578125,5405.97021484375,30.88999938964844,99.63999938964844,116.38,320.321,326.43,-203.94100000000003,258.392,162.933716918432,1419.050049,1453.6000104285715,1458.0730062333334,-2.271975228914469
2025-04-15,4.5,4.25,4.375,2.75,1.625,61.33,2477.409912109375,5396.6298828125,30.1200008392334,100.22000122070312,116.38,320.321,326.43,-203.94100000000003,258.392,162.933716918432,1419.420044,1446.3814522857142,1456.9460083666668,0.026073428506689922
2025-04-16,4.5,4.25,4.375,2.75,1.625,62.47,2447.429931640625,5275.7001953125,32.63999938964844,99.37999725341795,116.38,320.321,326.43,-203.94100000000003,258.392,162.933716918432,1427.02002,1437.937168714286,1456.2116740666668,0.5354282569226543
2025-04-17,4.5,4.25,4.375,2.75,1.625,64.68,2470.409912109375,5282.7001953125,29.64999961853028,99.37999725341795,116.38,320.321,326.43,-203.94100000000003,258.392,162.933716918432,1414.22998,1433.6914585714287,1455.2696737333333,-0.8962761433437993
2025-04-18,4.5,4.25,4.375,2.75,1.625,64.68,2483.419921875,5282.7001953125,29.64999961853028,99.37999725341795,116.38,320.321,326.43,-203.94100000000003,258.392,162.933716918432,1414.22998,1428.2900215714287,1454.112675033333,0.0
2025-04-19,4.5,4.25,4.375,2.75,1.625,64.68,2483.419921875,5282.7001953125,29.64999961853028,99.37999725341795,116.38,320.321,326.43,-203.94100000000003,258.392,162.933716918432,1414.22998,1422.8885845714285,1453.1406738666667,0.0
2025-04-20,4.5,4.25,4.375,2.75,1.625,64.68,2483.419921875,5282.7001953125,29.64999961853028,99.37999725341795,116.38,320.321,326.43,-203.94100000000003,258.392,162.933716918432,1414.22998,1417.4871475714285,1451.4210083333332,0.0
2025-04-21,4.5,4.25,4.375,2.75,1.625,63.08,2488.419921875,5158.2001953125,33.81999969482422,98.27999877929688,116.38,320.321,326.43,-203.94100000000003,258.392,162.933716918432,1414.22998,1416.7985662857143,1449.7013428,0.0
2025-04-22,4.5,4.25,4.375,2.75,1.625,64.31,2486.639892578125,5287.759765625,30.56999969482422,98.91999816894533,116.38,320.321,326.43,-203.94100000000003,258.392,162.933716918432,1421.640015,1417.115705,1448.2286784333332,0.5239625170440743
2025-04-23,4.5,4.25,4.375,2.75,1.625,62.27,2525.56005859375,5375.85986328125,28.450000762939453,99.83999633789062,116.38,320.321,326.43,-203.94100000000003,258.392,162.933716918432,1429.219971,1417.4299837142858,1447.0433431666668,0.5331839227949775
2025-04-24,4.5,4.25,4.375,2.75,1.625,62.79,2522.330078125,5484.77001953125,26.46999931335449,99.29000091552734,116.38,320.321,326.43,-203.94100000000003,258.392,162.933716918432,1426.449951,1419.175693857143,1445.7160075333334,-0.1938134126450719
2025-04-25,4.5,4.25,4.375,2.75,1.625,63.02,2546.300048828125,5525.2099609375,24.84000015258789,99.47000122070312,116.38,320.321,326.43,-203.94100000000003,258.392,162.933716918432,1430.060059,1421.4371337142857,1444.6483439666665,0.2530833975260771
2025-04-26,4.5,4.25,4.375,2.75,1.625,63.02,2546.300048828125,5525.2099609375,24.84000015258789,99.47000122070312,116.38,320.321,326.43,-203.94100000000003,258.392,162.933716918432,1430.060059,1423.6985735714284,1443.4610108000002,0.0
2025-04-27,4.5,4.25,4.375,2.75,1.625,63.02,2546.300048828125,5525.2099609375,24.84000015258789,99.47000122070312,116.38,320.321,326.43,-203.94100000000003,258.392,162.933716918432,1430.060059,1425.9600134285715,1442.4000122666666,0.0
2025-04-28,4.5,4.25,4.375,2.75,1.625,62.05,2548.860107421875,5528.75,25.14999961853028,99.01000213623048,116.38,320.321,326.43,-203.94100000000003,258.392,162.933716918432,1437.359985,1429.2642998571428,1441.5823446,0.5104628965796554
2025-04-29,4.5,4.25,4.375,2.75,1.625,60.42,2565.419921875,5560.830078125,24.170000076293945,99.23999786376952,116.38,320.321,326.43,-203.94100000000003,258.392,162.933716918432,1435.880005,1431.2985841428574,1440.7153442666665,-0.10296515942038731
2025-04-30,4.5,4.25,4.375,2.75,1.625,58.21,2556.610107421875,5569.06005859375,24.700000762939453,99.47000122070312,116.38,320.321,326.43,-203.94100000000003,258.392,162.933716918432,1431.160034,1431.575736,1439.4403442666667,-0.32871625648133174
2025-05-01,4.5,4.25,4.375,2.75,1.625,59.24,2556.610107421875,5604.14013671875,24.600000381469727,100.25,116.27,320.58,326.854,-204.31,258.642,162.933716918432,1423.75,1431.1900287142855,1437.8333455666666,-0.5177641789848919
2025-05-02,4.5,4.25,4.375,2.75,1.625,58.29,2559.7900390625,5686.669921875,22.68000030517578,100.0,116.27,320.58,326.854,-204.31,258.642,162.933716918432,1435.099976,1431.9100168571426,1436.6710123999999,0.797188832309037
2025-05-03,4.5,4.25,4.375,2.75,1.625,58.29,2559.7900390625,5686.669921875,22.68000030517578,100.0,116.27,320.58,326.854,-204.31,258.642,162.933716918432,1435.099976,1432.6300050000002,1435.6396769666667,0.0
2025-05-04,4.5,4.25,4.375,2.75,1.625,58.29,2559.7900390625,5686.669921875,22.68000030517578,100.0,116.27,320.58,326.854,-204.31,258.642,162.933716918432,1435.099976,1433.3499931428573,1435.1203410333333,0.0
2025-05-05,4.5,4.25,4.375,2.75,1.625,57.13,2559.7900390625,5650.3798828125,23.63999938964844,99.83000183105467,116.27,320.58,326.854,-204.31,258.642,162.933716918432,1398.900024,1427.8557130000002,1433.3943400333333,-2.522468999051808
2025-05-06,4.5,4.25,4.375,2.75,1.625,59.09,2559.7900390625,5606.91015625,24.76000022888184,99.23999786376952,116.27,320.58,326.854,-204.31,258.642,162.933716918432,1374.369995,1419.0685687142854,1430.8506714,-1.7535226663202952
2025-05-07,4.5,4.25,4.375,2.75,1.625,58.07,2573.800048828125,5631.27978515625,23.549999237060547,99.61000061035156,116.27,320.58,326.854,-204.31,258.642,162.933716918432,1374.77002,1411.0128524285715,1428.059004733333,0.0291060632475304
2025-05-08,4.5,4.25,4.375,2.75,1.625,59.91,2579.47998046875,5663.93994140625,22.479999542236328,100.63999938964844,116.27,320.58,326.854,-204.31,258.642,162.933716918432,1397.290039,1407.2328579999999,1425.6370076666667,1.6380935481848935
2025-05-09,4.5,4.25,4.375,2.75,1.625,61.02,2577.27001953125,5659.91015625,21.89999961853028,100.33999633789062,116.27,320.58,326.854,-204.31,258.642,162.933716918432,1403.849976,1402.7685722857143,1422.8943400333335,0.46947568628592506
2025-05-10,4.5,4.25,4.375,2.75,1.625,61.02,2577.27001953125,5659.91015625,21.89999961853028,100.33999633789062,116.27,320.58,326.854,-204.31,258.642,162.933716918432,1403.849976,1398.3042865714285,1421.5576742,0.0
2025-05-11,4.5,4.25,4.375,2.75,1.625,61.02,2577.27001953125,5659.91015625,21.89999961853028,100.33999633789062,116.27,320.58,326.854,-204.31,258.642,162.933716918432,1403.849976,1393.8400008571427,1419.9513387666666,0.0
2025-05-12,4.5,4.25,4.375,2.75,1.625,61.95,2607.330078125,5844.18994140625,18.38999938964844,101.79000091552734,116.27,320.58,326.854,-204.31,258.642,162.933716918432,1395.170044,1393.3071465714286,1418.0556722666665,-0.6182948426392221
2025-05-13,4.5,4.25,4.375,2.75,1.625,63.67,2608.419921875,5886.5498046875,18.21999931335449,101.0,116.27,320.58,326.854,-204.31,258.642,162.933716918432,1416.030029,1399.25858,1416.8553385999999,1.4951571738304859
2025-05-14,4.5,4.25,4.375,2.75,1.625,63.15,2640.570068359375,5892.580078125,18.6200008392334,101.04000091552734,116.27,320.58,326.854,-204.31,258.642,162.933716918432,1416.0,1405.1485771428572,1416.7536703,-0.002120647117997976
2025-05-15,4.5,4.25,4.375,2.75,1.625,61.62,2621.360107421875,5916.93017578125,17.829999923706055,100.87999725341795,116.27,320.58,326.854,-204.31,258.642,162.933716918432,1407.329956,1406.5828510000003,1416.3506673666666,-0.6122912429378458
2025-05-16,4.5,4.25,4.375,2.75,1.625,62.49,2626.8701171875,5958.3798828125,17.239999771118164,101.08999633789062,116.27,320.58,326.854,-204.31,258.642,162.933716918432,1397.02002,1405.607143,1415.3506673666668,-0.7325883994755311
2025-05-17,4.5,4.25,4.375,2.75,1.625,62.49,2626.8701171875,5958.3798828125,17.239999771118164,101.08999633789062,116.27,320.58,326.854,-204.31,258.642,162.933716918432,1397.02002,1404.6314349999998,1414.7770020333332,0.0
2025-05-18,4.5,4.25,4.375,2.75,1.625,62.49,2626.8701171875,5958.3798828125,17.239999771118164,101.08999633789062,116.27,320.58,326.854,-204.31,258.642,162.933716918432,1397.02002,1403.655727,1414.2033367000001,0.0
2025-05-19,4.5,4.25,4.375,2.75,1.625,62.69,2603.419921875,5963.60009765625,18.13999938964844,100.43000030517578,116.27,320.58,326.854,-204.31,258.642,162.933716918432,1398.130005,1404.0785785714286,1413.6666708666667,0.07945376473559307
2025-05-20,4.5,4.25,4.375,2.75,1.625,62.56,2601.800048828125,5940.4599609375,18.09000015258789,100.12000274658205,116.27,320.58,326.854,-204.31,258.642,162.933716918432,1388.550049,1400.152867142857,1412.8106731666667,-0.6851977974680623
2025-05-21,4.5,4.25,4.375,2.75,1.625,61.57,2625.580078125,5844.60986328125,20.8700008392334,99.55999755859376,116.27,320.58,326.854,-204.31,258.642,162.933716918432,1392.72998,1396.8285785714286,1412.0940065,0.3010284723269807
2025-05-22,4.5,4.25,4.375,2.75,1.625,61.2,2593.669921875,5842.009765625,20.280000686645508,99.95999908447266,116.27,320.58,326.854,-204.31,258.642,162.933716918432,1373.859985,1392.0471541428574,1410.5013388333332,-1.3548925686226676
2025-05-23,4.5,4.25,4.375,2.75,1.625,61.53,2592.090087890625,5802.81982421875,22.290000915527344,99.11000061035156,116.27,320.58,326.854,-204.31,258.642,162.933716918432,1381.339966,1389.8071464285713,1408.9053386666667,0.5444500226855276
2025-05-24,4.5,4.25,4.375,2.75,1.625,61.53,2592.090087890625,5802.81982421875,22.290000915527344,99.11000061035156,116.27,320.58,326.854,-204.31,258.642,162.933716918432,1381.339966,1387.5671387142854,1407.4016725,0.0
2025-05-25,4.5,4.25,4.375,2.75,1.625,61.53,2592.090087890625,5802.81982421875,22.290000915527344,99.11000061035156,116.27,320.58,326.854,-204.31,258.642,162.933716918432,1381.339966,1385.3271309999998,1405.7776694,0.0
2025-05-26,4.5,4.25,4.375,2.75,1.625,61.53,2644.39990234375,5802.81982421875,22.290000915527344,98.93000030517578,116.27,320.58,326.854,-204.31,258.642,162.933716918432,1364.72998,1380.5556988571427,1403.6000001,-1.2024546026926375
2025-05-27,4.5,4.25,4.375,2.75,1.625,60.89,2637.219970703125,5921.5400390625,18.959999084472656,99.5199966430664,116.27,320.58,326.854,-204.31,258.642,162.933716918432,1368.099976,1377.634259857143,1401.5346639999998,0.24693500175030358
2025-05-28,4.5,4.25,4.375,2.75,1.625,61.84,2670.14990234375,5888.5498046875,19.309999465942383,99.87999725341795,116.27,320.58,326.854,-204.31,258.642,162.933716918432,1374.800049,1375.0728411428572,1399.4493328,0.4897356273325437
2025-05-29,4.5,4.25,4.375,2.5,1.875,60.94,2720.639892578125,5912.169921875,19.18000030517578,99.27999877929688,116.27,320.58,326.854,-204.31,258.642,162.933716918432,1373.599976,1375.0356969999998,1397.3733318333334,-0.08729073008637567
2025-05-30,4.5,4.25,4.375,2.5,1.875,60.79,2697.669921875,5911.68994140625,18.56999969482422,99.33000183105467,116.27,320.58,326.854,-204.31,258.642,162.933716918432,1370.410034,1373.4742781428572,1395.3483318333335,-0.2322322405165722
2025-05-31,4.5,4.25,4.375,2.5,1.875,60.79,2697.669921875,5911.68994140625,18.56999969482422,99.33000183105467,116.27,320.58,326.854,-204.31,258.642,162.933716918432,1370.410034,1371.9128592857144,1393.570332966667,0.0
2025-06-01,4.5,4.25,4.375,2.5,1.875,60.79,2697.669921875,5911.68994140625,18.56999969482422,99.33000183105467,116.31,321.5,327.6,-205.19,260.69,162.933716918432,1370.410034,1370.3514404285718,1391.4140015666667,0.0
2025-06-02,4.5,4.25,4.375,2.5,1.875,62.52,2698.969970703125,5935.93994140625,18.36000061035156,98.6999969482422,116.31,321.5,327.6,-205.19,260.69,162.933716918432,1381.98999,1372.8171561428571,1389.6436686999998,0.8449993587831495
2025-06-03,4.5,4.25,4.375,2.5,1.875,63.41,2698.969970703125,5970.3701171875,17.690000534057617,99.25,116.31,321.5,327.6,-205.19,260.69,162.933716918432,1376.069946,1373.9557232857144,1387.6760010333335,-0.4283709753932441
2025-06-04,4.5,4.25,4.375,2.5,1.875,62.85,2770.840087890625,5970.81005859375,17.610000610351562,98.79000091552734,116.31,321.5,327.6,-205.19,260.69,162.933716918432,1377.719971,1374.3728549999998,1386.9699992666667,0.11990851226686416
2025-06-05,4.5,4.25,4.375,2.5,1.875,63.37,2812.050048828125,5939.2998046875,18.479999542236328,98.73999786376952,116.31,321.5,327.6,-205.19,260.69,162.933716918432,1361.089966,1372.5857107142858,1386.5273316333332,-1.2070671362867214
2025-06-06,4.5,4.25,4.375,2.5,1.875,64.58,2812.050048828125,6000.35986328125,16.770000457763672,99.19000244140624,116.31,321.5,327.6,-205.19,260.69,162.933716918432,1354.550049,1370.3199985714286,1385.8533326,-0.48049116247764756
2025-06-07,4.5,4.25,4.375,2.5,1.875,64.58,2812.050048828125,6000.35986328125,16.770000457763672,99.19000244140624,116.31,321.5,327.6,-205.19,260.69,162.933716918432,1354.550049,1368.0542864285712,1384.4286662666668,0.0
2025-06-08,4.5,4.25,4.375,2.5,1.875,64.58,2812.050048828125,6000.35986328125,16.770000457763672,99.19000244140624,116.31,321.5,327.6,-205.19,260.69,162.933716918432,1354.550049,1365.7885742857143,1382.7853353666665,0.0
2025-06-09,4.5,4.25,4.375,2.5,1.875,65.29,2855.77001953125,6005.8798828125,17.15999984741211,98.94000244140624,116.31,321.5,327.6,-205.19,260.69,162.933716918432,1359.189941,1362.5314244285714,1381.2966675333334,0.3425412005577444
2025-06-10,4.5,4.25,4.375,2.5,1.875,64.98,2871.85009765625,6038.81005859375,16.950000762939453,99.0500030517578,116.31,321.5,327.6,-205.19,260.69,162.933716918432,1353.849976,1359.357143,1379.6300008666667,-0.39287849614833004
2025-06-11,4.5,4.25,4.375,2.5,1.875,68.15,2907.0400390625,6022.240234375,17.260000228881836,98.62999725341795,116.31,321.5,327.6,-205.19,260.69,162.933716918432,1363.880005,1357.3800050000002,1378.5869995666667,0.7408523232119268
2025-06-12,4.5,4.25,4.375,2.5,1.875,68.04,2920.030029296875,6045.259765625,18.020000457763672,97.91999816894533,116.31,321.5,327.6,-205.19,260.69,162.933716918432,1365.689941,1358.0371442857142,1376.9089966333333,0.13270492956600766
2025-06-13,4.5,4.25,4.375,2.5,1.875,72.98,2894.6201171875,5976.97021484375,20.81999969482422,98.18000030517578,116.31,321.5,327.6,-205.19,260.69,162.933716918432,1349.790039,1357.357142857143,1374.7019979333336,-1.1642395189905064
2025-06-14,4.5,4.25,4.375,2.5,1.875,72.98,2894.6201171875,5976.97021484375,20.81999969482422,98.18000030517578,116.31,321.5,327.6,-205.19,260.69,162.933716918432,1349.790039,1356.6771414285715,1372.7840007000002,0.0
2025-06-15,4.5,4.25,4.375,2.5,1.875,72.98,2894.6201171875,5976.97021484375,20.81999969482422,98.18000030517578,116.31,321.5,327.6,-205.19,260.69,162.933716918432,1349.790039,1355.99714,1371.209668,0.0
2025-06-16,4.5,4.25,4.375,2.5,1.875,71.77,2946.659912109375,6033.10986328125,19.11000061035156,98.0,116.31,321.5,327.6,-205.19,260.69,162.933716918432,1365.140015,1356.8471505714285,1370.1470011666668,1.1372121260705192
2025-06-17,4.5,4.25,4.375,2.5,1.875,74.84,2950.300048828125,5982.72021484375,21.600000381469727,98.81999969482422,116.31,321.5,327.6,-205.19,260.69,162.933716918432,1357.780029,1357.4085867142858,1368.8390014666666,-0.5391378114427248
2025-06-18,4.5,4.25,4.375,2.5,1.875,75.14,2972.18994140625,5980.8701171875,20.13999938964844,98.91000366210938,116.31,321.5,327.6,-205.19,260.69,162.933716918432,1380.5,1359.7828717142856,1368.2513346333333,1.6733175120224208
2025-06-19,4.5,4.25,4.375,2.5,1.875,75.14,2977.739990234375,5980.8701171875,20.13999938964844,98.91000366210938,116.31,321.5,327.6,-205.19,260.69,162.933716918432,1370.75,1360.505737285714,1367.6579996666667,-0.7062658457080762
2025-06-20,4.5,4.25,4.375,2.5,1.875,74.93,3021.840087890625,5967.83984375,20.6200008392334,98.70999908447266,116.31,321.5,327.6,-205.19,260.69,162.933716918432,1374.890015,1364.0914481428572,1367.0633341666664,0.3020255334670763
2025-06-21,4.5,4.25,4.375,2.5,1.875,74.93,3021.840087890625,5967.83984375,20.6200008392334,98.70999908447266,116.31,321.5,327.6,-205.19,260.69,162.933716918432,1374.890015,1367.677159,1367.0976685,0.0
2025-06-22,4.5,4.25,4.375,2.5,1.875,74.93,3021.840087890625,5967.83984375,20.6200008392334,98.70999908447266,116.31,321.5,327.6,-205.19,260.69,162.933716918432,1374.890015,1371.262869857143,1366.8826701333335,0.0
2025-06-23,4.5,4.25,4.375,2.5,1.875,68.51,3014.469970703125,6025.169921875,19.82999992370605,98.41999816894533,116.31,321.5,327.6,-205.19,260.69,162.933716918432,1369.469971,1371.8814349999998,1366.4870036333334,-0.394216551205373
2025-06-24,4.5,4.25,4.375,2.5,1.875,64.37,3103.639892578125,6092.18017578125,17.479999542236328,97.86000061035156,116.31,321.5,327.6,-205.19,260.69,162.933716918432,1361.939941,1372.4757081428572,1365.8403361333335,-0.5498499535919965
2025-06-25,4.5,4.25,4.375,2.5,1.875,64.92,3108.25,6092.16015625,16.760000228881836,97.68000030517578,116.31,321.5,327.6,-205.19,260.69,162.933716918432,1353.780029,1368.6585694285714,1365.4753377666666,-0.5991389013827342
2025-06-26,4.5,4.25,4.375,2.5,1.875,65.24,3079.56005859375,6141.02001953125,16.59000015258789,97.1500015258789,116.31,321.5,327.6,-205.19,260.69,162.933716918432,1357.030029,1366.6985735714286,1365.1063395333333,0.24006854366145358
2025-06-27,4.5,4.25,4.375,2.5,1.875,65.52,3055.93994140625,6173.06982421875,16.31999969482422,97.4000015258789,116.31,321.5,327.6,-205.19,260.69,162.933716918432,1352.76001,1363.5371442857142,1364.3716715666665,-0.3146591386151254
2025-06-28,4.5,4.25,4.375,2.5,1.875,65.52,3055.93994140625,6173.06982421875,16.31999969482422,97.4000015258789,116.31,321.5,327.6,-205.19,260.69,162.933716918432,1352.76001,1360.3757150000001,1363.6770060333333,0.0
2025-06-29,4.5,4.25,4.375,2.5,1.875,65.52,3055.93994140625,6173.06982421875,16.31999969482422,97.4000015258789,116.31,321.5,327.6,-205.19,260.69,162.933716918432,1352.76001,1357.2142857142858,1363.0886719,0.0
2025-06-30,4.5,4.25,4.375,2.5,1.875,65.11,3071.699951171875,6204.9501953125,16.729999542236328,96.87999725341795,116.31,321.5,327.6,-205.19,260.69,162.933716918432,1363.589966,1356.374285,1362.8613363,0.8005822111787575
2025-07-01,4.5,4.25,4.375,2.5,1.875,65.45,3089.64990234375,6198.009765625,16.829999923706055,96.81999969482422,116.52,322.132,328.656,-205.612,262.562,162.933716918432,1348.5,1354.4542934285714,1362.1310018333331,-1.106635159854208
2025-07-02,4.5,4.25,4.375,2.5,1.875,67.45,3075.06005859375,6227.419921875,16.639999389648438,96.77999877929688,116.52,322.132,328.656,-205.612,262.562,162.933716918432,1355.589966,1354.7128558571428,1361.2510010333333,0.5257668520578518
2025-07-03,4.5,4.25,4.375,2.5,1.875,67.0,3116.27001953125,6279.35009765625,16.3799991607666,97.18000030517578,116.52,322.132,328.656,-205.612,262.562,162.933716918432,1354.75,1354.3871374285716,1360.5403361666665,-0.061963131999165366
2025-07-04,4.5,4.25,4.375,2.5,1.875,67.0,3054.280029296875,6279.35009765625,16.3799991607666,97.18000030517578,116.52,322.132,328.656,-205.612,262.562,162.933716918432,1357.099976,1355.0071325714287,1359.853003,0.17346196715259943
2025-07-05,4.5,4.25,4.375,2.5,1.875,67.0,3054.280029296875,6279.35009765625,16.3799991607666,97.18000030517578,116.52,322.132,328.656,-205.612,262.562,162.933716918432,1357.099976,1355.6271277142857,1359.7200033333334,0.0
2025-07-06,4.5,4.25,4.375,2.5,1.875,67.0,3054.280029296875,6279.35009765625,16.3799991607666,97.18000030517578,116.52,322.132,328.656,-205.612,262.562,162.933716918432,1357.099976,1356.2471228571428,1359.8050008999999,0.0
2025-07-07,4.5,4.25,4.375,2.5,1.875,67.93,3059.469970703125,6229.97998046875,17.790000915527344,97.4800033569336,116.52,322.132,328.656,-205.612,262.562,162.933716918432,1362.199951,1356.0485492857144,1360.0599976333333,0.37579950557748987
2025-07-08,4.5,4.25,4.375,2.5,1.875,68.33,3114.949951171875,6225.52001953125,16.809999465942383,97.51000213623048,116.52,322.132,328.656,-205.612,262.562,162.933716918432,1374.640015,1359.782837142857,1360.7296631666666,0.9132333319251451
2025-07-09,4.5,4.25,4.375,2.5,1.875,68.38,3133.739990234375,6263.259765625,15.9399995803833,97.47000122070312,116.52,322.132,328.656,-205.612,262.562,162.933716918432,1370.300049,1361.8842775714288,1361.1000000999998,-0.31571654779742886
2025-07-10,4.5,4.25,4.375,2.5,1.875,66.57,3183.22998046875,6280.4599609375,15.779999732971191,97.6500015258789,116.52,322.132,328.656,-205.612,262.562,162.933716918432,1373.0,1364.4914204285717,1361.7383342333333,0.19703356224576307
2025-07-11,4.5,4.25,4.375,2.5,1.875,68.45,3175.77001953125,6259.75,16.399999618530273,97.8499984741211,116.52,322.132,328.656,-205.612,262.562,162.933716918432,1372.640015,1366.7114259999998,1362.0303345666666,-0.026218863801896752
2025-07-12,4.5,4.25,4.375,2.5,1.875,68.45,3175.77001953125,6259.75,16.399999618530273,97.8499984741211,116.52,322.132,328.656,-205.612,262.562,162.933716918432,1372.640015,1368.9314315714287,1362.2620037000002,0.0
2025-07-13,4.5,4.25,4.375,2.5,1.875,68.45,3175.77001953125,6259.75,16.399999618530273,97.8499984741211,116.52,322.132,328.656,-205.612,262.562,162.933716918432,1372.640015,1371.151437142857,1363.0236695666667,0.0
2025-07-14,4.5,4.25,4.375,2.5,1.875,66.98,3202.030029296875,6268.56005859375,17.200000762939453,98.08000183105467,116.52,322.132,328.656,-205.612,262.562,162.933716918432,1378.170044,1373.432879,1363.9696697333334,0.40287540357040186
2025-07-15,4.5,4.25,4.375,2.5,1.875,66.52,3215.280029296875,6243.759765625,17.3799991607666,98.62000274658205,116.52,322.132,328.656,-205.612,262.562,162.933716918432,1382.01001,1374.4857354285716,1365.0436687666665,0.27862788171297836
2025-07-16,4.5,4.25,4.375,2.5,1.875,66.38,3186.3798828125,6263.7001953125,17.15999984741211,98.38999938964844,116.52,322.132,328.656,-205.612,262.562,162.933716918432,1386.449951,1376.792864285714,1365.7539999666667,0.3212669204906815
2025-07-17,4.5,4.25,4.375,2.5,1.875,67.54,3192.2900390625,6297.35986328125,16.520000457763672,98.7300033569336,116.52,322.132,328.656,-205.612,262.562,162.933716918432,1384.920044,1378.4957277142855,1366.6586671333332,-0.110347077360895
2025-07-18,4.5,4.25,4.375,2.5,1.875,67.34,3188.070068359375,6296.7900390625,16.40999984741211,98.4800033569336,116.52,322.132,328.656,-205.612,262.562,162.933716918432,1391.579956,1381.2014335714287,1367.0279990000001,0.48088783383946065
2025-07-19,4.5,4.25,4.375,2.5,1.875,67.34,3188.070068359375,6296.7900390625,16.40999984741211,98.4800033569336,116.52,322.132,328.656,-205.612,262.562,162.933716918432,1391.579956,1383.9071394285713,1367.7223308666664,0.0
2025-07-20,4.5,4.25,4.375,2.5,1.875,67.34,3188.070068359375,6296.7900390625,16.40999984741211,98.4800033569336,116.52,322.132,328.656,-205.612,262.562,162.933716918432,1391.579956,1386.6128452857142,1368.2786622333333,0.0
2025-07-21,4.5,4.25,4.375,2.5,1.875,67.2,3210.81005859375,6305.60009765625,16.649999618530273,97.8499984741211,116.52,322.132,328.656,-205.612,262.562,162.933716918432,1390.569946,1388.3842598571428,1368.8013266,-0.07258009111479335
2025-07-22,4.5,4.25,4.375,2.5,1.875,66.21,3169.93994140625,6309.6201171875,16.5,97.38999938964844,116.52,322.132,328.656,-205.612,262.562,162.933716918432,1381.819946,1388.3571078571429,1369.0323242999998,-0.6292383943123148
2025-07-23,4.5,4.25,4.375,2.5,1.875,65.25,3183.77001953125,6358.91015625,15.369999885559082,97.20999908447266,116.52,322.132,328.656,-205.612,262.562,162.933716918432,1379.780029,1387.4042618571432,1369.3759929,-0.14762538389354596
2025-07-24,4.5,4.25,4.375,2.5,1.875,66.03,3190.449951171875,6363.35009765625,15.390000343322754,97.37999725341795,116.52,322.132,328.656,-205.612,262.562,162.933716918432,1373.719971,1385.8042514285714,1369.7686605666665,-0.4392046465835575
2025-07-25,4.5,4.25,4.375,2.5,1.875,65.16,3196.050048828125,6388.64013671875,14.93000030517578,97.6500015258789,116.52,322.132,328.656,-205.612,262.562,162.933716918432,1372.0,1383.0071148571426,1370.3759929333332,-0.12520535744616756
2025-07-26,4.5,4.25,4.375,2.5,1.875,65.16,3196.050048828125,6388.64013671875,14.93000030517578,97.6500015258789,116.52,322.132,328.656,-205.612,262.562,162.933716918432,1372.0,1380.2099782857144,1370.8749919666666,0.0
2025-07-27,4.5,4.25,4.375,2.5,1.875,65.16,3196.050048828125,6388.64013671875,14.93000030517578,97.6500015258789,116.52,322.132,328.656,-205.612,262.562,162.933716918432,1372.0,1377.4128417142856,1371.5163249666666,0.0
2025-07-28,4.5,4.25,4.375,2.5,1.875,66.71,3209.52001953125,6389.77001953125,15.029999732971191,98.66000366210938,116.52,322.132,328.656,-205.612,262.562,162.933716918432,1382.780029,1376.2999964285716,1372.5169922666666,0.7857163994169136
2025-07-29,4.5,4.25,4.375,2.5,1.875,69.21,3230.570068359375,6370.85986328125,15.979999542236328,98.91000366210938,116.52,322.132,328.656,-205.612,262.562,162.933716918432,1388.290039,1377.2242954285716,1373.7013265666667,0.3984733568928256
2025-07-30,4.5,4.25,4.375,2.5,1.875,70.0,3254.469970703125,6362.89990234375,15.479999542236328,99.94000244140624,116.52,322.132,328.656,-205.612,262.562,162.933716918432,1388.859985,1378.5214319999998,1374.5436605333334,0.041053813251479276
2025-07-31,4.5,4.25,4.375,2.5,1.875,69.26,3245.43994140625,6339.39013671875,16.719999313354492,100.02999877929688,116.52,322.132,328.656,-205.612,262.562,162.933716918432,1392.52002,1381.2071532857142,1376.0109945333331,0.2635280042285748
2025-08-01,4.5,4.25,4.375,2.5,1.875,67.33,3119.409912109375,6238.009765625,20.3799991607666,98.69000244140624,116.45,323.364,329.793,-206.914,262.443,162.933716918432,1391.51001,1383.994297571429,1377.2083293333335,-0.07253109366427424
2025-08-02,4.5,4.25,4.375,2.5,1.875,67.33,3119.409912109375,6238.009765625,20.3799991607666,98.69000244140624,116.45,323.364,329.793,-206.914,262.443,162.933716918432,1391.51001,1386.781441857143,1378.433663,0.0
2025-08-03,4.5,4.25,4.375,2.5,1.875,67.33,3119.409912109375,6238.009765625,20.3799991607666,98.69000244140624,116.45,323.364,329.793,-206.914,262.443,162.933716918432,1391.51001,1389.5685861428574,1379.5806641333334,0.0
2025-08-04,4.5,4.25,4.375,2.5,1.875,66.29,3147.75,6329.93994140625,17.520000457763672,98.77999877929688,116.45,323.364,329.793,-206.914,262.443,162.933716918432,1390.180054,1390.6257325714284,1380.6833334,-0.09557645941763449
2025-08-05,4.5,4.25,4.375,2.5,1.875,65.16,3198.0,6299.18994140625,17.850000381469727,98.77999877929688,116.45,323.364,329.793,-206.914,262.443,162.933716918432,1383.589966,1389.9542935714287,1381.5663330666669,-0.4740456447377528
2025-08-06,4.5,4.25,4.375,2.5,1.875,64.35,3198.139892578125,6345.06005859375,16.770000457763672,98.18000030517578,116.45,323.364,329.793,-206.914,262.443,162.933716918432,1386.579956,1389.6285751428572,1382.3789998999998,0.21610376437204426
2025-08-07,4.5,4.25,4.375,2.5,1.875,63.88,3227.679931640625,6340.0,16.56999969482422,98.4000015258789,116.45,323.364,329.793,-206.914,262.443,162.933716918432,1384.390015,1388.4671458571427,1382.7039999,-0.1579383136561141
2025-08-08,4.5,4.25,4.375,2.5,1.875,63.88,3210.010009765625,6389.4501953125,15.149999618530272,98.18000030517578,116.45,323.364,329.793,-206.914,262.443,162.933716918432,1384.969971,1387.5328545714285,1383.1929973000001,0.04189252983017866
2025-08-09,4.5,4.25,4.375,2.5,1.875,63.88,3210.010009765625,6389.4501953125,15.149999618530272,98.18000030517578,116.45,323.364,329.793,-206.914,262.443,162.933716918432,1384.969971,1386.5985632857141,1383.5919963333333,0.0
2025-08-10,4.5,4.25,4.375,2.5,1.875,63.88,3210.010009765625,6389.4501953125,15.149999618530272,98.18000030517578,116.45,323.364,329.793,-206.914,262.443,162.933716918432,1384.969971,1385.6642719999998,1384.0029948666665,0.0
2025-08-11,4.5,4.25,4.375,2.5,1.875,63.96,3206.77001953125,6373.4501953125,16.25,98.5199966430664,116.45,323.364,329.793,-206.914,262.443,162.933716918432,1387.810059,1385.3257012857143,1384.508663,0.2050649515490388
2025-08-12,4.5,4.25,4.375,2.5,1.875,63.17,3189.909912109375,6445.759765625,14.729999542236328,98.0999984741211,116.45,323.364,329.793,-206.914,262.443,162.933716918432,1389.790039,1386.211426,1385.0803304666667,0.14266937951341596
2025-08-13,4.5,4.25,4.375,2.5,1.875,62.65,3224.3701171875,6466.580078125,14.489999771118164,97.83999633789062,116.45,323.364,329.793,-206.914,262.443,162.933716918432,1383.089966,1385.7128559999999,1385.2443278666665,-0.4820924608742283
2025-08-14,4.5,4.25,4.375,2.5,1.875,63.96,3225.659912109375,6468.5400390625,14.829999923706056,98.25,116.45,323.364,329.793,-206.914,262.443,162.933716918432,1378.780029,1384.9114294285714,1385.1366618333334,-0.311616532976855
2025-08-15,4.5,4.25,4.375,2.5,1.875,62.8,3225.659912109375,6449.7998046875,15.09000015258789,97.8499984741211,116.45,323.364,329.793,-206.914,262.443,162.933716918432,1387.869995,1385.3257185714285,1385.1839966333332,0.6592760127656305
2025-08-16,4.5,4.25,4.375,2.5,1.875,62.8,3225.659912109375,6449.7998046875,15.09000015258789,97.8499984741211,116.45,323.364,329.793,-206.914,262.443,162.933716918432,1387.869995,1385.7400077142859,1385.2823283333335,0.0
2025-08-17,4.5,4.25,4.375,2.5,1.875,62.8,3225.659912109375,6449.7998046875,15.09000015258789,97.8499984741211,116.45,323.364,329.793,-206.914,262.443,162.933716918432,1387.869995,1386.154296857143,1385.1586629666665,0.0
2025-08-18,4.5,4.25,4.375,2.5,1.875,63.42,3177.280029296875,6449.14990234375,14.989999771118164,98.16999816894533,116.45,323.364,329.793,-206.914,262.443,162.933716918432,1387.97998,1386.1785712857143,1385.0386637666668,0.007924733613107193
2025-08-19,4.5,4.25,4.375,2.5,1.875,62.35,3151.56005859375,6411.3701171875,15.56999969482422,98.2699966430664,116.45,323.364,329.793,-206.914,262.443,162.933716918432,1386.910034,1385.7671420000001,1384.8829997,-0.07708655855397373
2025-08-20,4.5,4.25,4.375,2.5,1.875,63.21,3130.090087890625,6395.77978515625,15.6899995803833,98.22000122070312,116.45,323.364,329.793,-206.914,262.443,162.933716918432,1391.339966,1386.9457134285715,1384.9086670333334,0.3194101918221559
2025-08-21,4.5,4.25,4.375,2.5,1.875,63.52,3141.739990234375,6370.169921875,16.600000381469727,98.62000274658205,116.45,323.364,329.793,-206.914,262.443,162.933716918432,1396.910034,1389.5357141428572,1385.4116699666668,0.40033838861206483
2025-08-22,4.5,4.25,4.375,2.5,1.875,63.66,3168.72998046875,6466.91015625,14.220000267028809,97.72000122070312,116.45,323.364,329.793,-206.914,262.443,162.933716918432,1399.609985,1391.2128555714285,1386.0726685000002,0.19328023525386762
2025-08-23,4.5,4.25,4.375,2.5,1.875,63.66,3168.72998046875,6466.91015625,14.220000267028809,97.72000122070312,116.45,323.364,329.793,-206.914,262.443,162.933716918432,1399.609985,1392.8899970000002,1386.9356689666668,0.0
2025-08-24,4.5,4.25,4.375,2.5,1.875,63.66,3168.72998046875,6466.91015625,14.220000267028809,97.72000122070312,116.45,323.364,329.793,-206.914,262.443,162.933716918432,1399.609985,1394.5671384285713,1387.8560018,0.0
2025-08-25,4.5,4.25,4.375,2.5,1.875,64.8,3209.860107421875,6439.31982421875,14.789999961853027,98.43000030517578,116.45,323.364,329.793,-206.914,262.443,162.933716918432,1382.890015,1393.8400005714286,1388.2190023,-1.1946163702168833
2025-08-26,4.5,4.25,4.375,2.5,1.875,63.25,3179.360107421875,6465.93994140625,14.619999885559082,98.2300033569336,116.45,323.364,329.793,-206.914,262.443,162.933716918432,1389.050049,1394.1457169999999,1388.7873372666668,0.44544641534634
2025-08-27,4.5,4.25,4.375,2.5,1.875,64.15,3187.159912109375,6481.39990234375,14.850000381469728,98.2300033569336,116.45,323.364,329.793,-206.914,262.443,162.933716918432,1393.949951,1394.5185720000002,1389.159668,0.3527520123214778
2025-08-28,4.5,4.25,4.375,2.5,1.875,64.6,3196.320068359375,6501.85986328125,14.43000030517578,97.80999755859376,116.45,323.364,329.793,-206.914,262.443,162.933716918432,1392.75,1393.9242814285715,1389.3083333666666,-0.08608278935260394
2025-08-29,4.5,4.25,4.375,2.5,1.875,64.01,3186.010009765625,6460.259765625,15.359999656677246,97.7699966430664,116.45,323.364,329.793,-206.914,262.443,162.933716918432,1384.410034,1391.7528598571428,1389.1600016666666,-0.5988128522706915
2025-08-30,4.5,4.25,4.375,2.5,1.875,64.01,3186.010009765625,6460.259765625,15.359999656677246,97.7699966430664,116.45,323.364,329.793,-206.914,262.443,162.933716918432,1384.410034,1389.581438285714,1388.8896688,0.0
2025-08-31,4.5,4.25,4.375,2.5,1.875,64.01,3186.010009765625,6460.259765625,15.359999656677246,97.7699966430664,116.45,323.364,329.793,-206.914,262.443,162.933716918432,1384.410034,1387.4100167142858,1388.6530029333333,0.0
2025-09-01,4.5,4.25,4.375,2.5,1.875,64.01,3142.929931640625,6460.259765625,15.359999656677246,97.7699966430664,116.45,323.364,329.793,-206.914,262.443,162.933716918432,1388.839966,1388.2600097142856,1388.5640014666667,0.31998699021276167
2025-09-02,4.5,4.25,4.375,2.5,1.875,65.59,3172.35009765625,6415.5400390625,17.170000076293945,98.4000015258789,116.45,323.364,329.793,-206.914,262.443,162.933716918432,1392.939941,1388.8157085714286,1388.6116658333335,0.2952085985693742
2025-09-03,4.5,4.25,4.375,2.5,1.875,63.97,3184.419921875,6448.259765625,16.350000381469727,98.13999938964844,116.45,323.364,329.793,-206.914,262.443,162.933716918432,1394.569946,1388.9042792857142,1388.7579955666665,0.11701904382395156
2025-09-04,4.5,4.25,4.375,2.5,1.875,63.48,3200.830078125,6502.080078125,15.300000190734863,98.3499984741211,116.45,323.364,329.793,-206.914,262.443,162.933716918432,1389.630005,1388.4585657142857,1388.9593301999998,-0.3542268363210588
2025-09-05,4.5,4.25,4.375,2.5,1.875,61.87,3205.1201171875,6481.5,15.18000030517578,97.7699966430664,116.45,323.364,329.793,-206.914,262.443,162.933716918432,1392.060059,1389.5514264285714,1389.1420003,0.17487057643088555
2025-09-06,4.5,4.25,4.375,2.5,1.875,61.87,3205.1201171875,6481.5,15.18000030517578,97.7699966430664,116.45,323.364,329.793,-206.914,262.443,162.933716918432,1392.060059,1390.6442871428571,1389.3976684333331,0.0
2025-09-07,4.5,4.25,4.375,2.5,1.875,61.87,3205.1201171875,6481.5,15.18000030517578,97.7699966430664,116.45,323.364,329.793,-206.914,262.443,162.933716918432,1392.060059,1391.7371478571429,1389.6340047,0.0
2025-09-08,4.5,4.25,4.375,2.5,1.875,62.26,3219.590087890625,6495.14990234375,15.109999656677246,97.4499969482422,116.45,323.364,329.793,-206.914,262.443,162.933716918432,1385.51001,1391.2614398571427,1389.652006,-0.47052919575217844
2025-09-09,4.5,4.25,4.375,2.5,1.875,62.63,3260.050048828125,6512.60986328125,15.039999961853027,97.79000091552734,116.45,323.364,329.793,-206.914,262.443,162.933716918432,1385.719971,1390.2300155714286,1389.6770060000001,0.015154058684863081
2025-09-10,4.5,4.25,4.375,2.5,1.875,63.67,3314.530029296875,6532.0400390625,15.350000381469728,97.77999877929688,116.45,323.364,329.793,-206.914,262.443,162.933716918432,1387.25,1389.184309,1389.6583373666665,0.1104140109127405
2025-09-11,4.5,4.25,4.375,2.5,1.875,62.37,3344.199951171875,6587.47021484375,14.710000038146973,97.54000091552734,116.45,323.364,329.793,-206.914,262.443,162.933716918432,1387.199951,1388.8371584285712,1389.5720011,-0.003607785186521273
2025-09-12,4.5,4.25,4.375,2.5,1.875,62.69,3395.5400390625,6584.2900390625,14.760000228881836,97.5500030517578,116.45,323.364,329.793,-206.914,262.443,162.933716918432,1389.5,1388.4714357142857,1389.7856689,0.16580515291555464
2025-09-13,4.5,4.25,4.375,2.5,1.875,62.69,3395.5400390625,6584.2900390625,14.760000228881836,97.5500030517578,116.45,323.364,329.793,-206.914,262.443,162.933716918432,1389.5,1388.1057130000002,1390.1430012666667,0.0
2025-09-14,4.5,4.25,4.375,2.5,1.875,62.69,3395.5400390625,6584.2900390625,14.760000228881836,97.5500030517578,116.45,323.364,329.793,-206.914,262.443,162.933716918432,1389.5,1387.7399902857142,1390.1973347666667,0.0
2025-09-15,4.5,4.25,4.375,2.5,1.875,63.3,3407.31005859375,6615.27978515625,15.6899995803833,97.3000030517578,116.45,323.364,329.793,-206.914,262.443,162.933716918432,1393.699951,1388.909981857143,1390.3916666333332,0.30226347607054116
2025-09-16,4.5,4.25,4.375,2.5,1.875,64.52,3449.6201171875,6606.759765625,16.360000610351562,96.62999725341795,116.45,323.364,329.793,-206.914,262.443,162.933716918432,1385.01001,1388.808558857143,1390.2963338000002,-0.6235159148685443
2025-09-17,4.5,4.25,4.375,2.5,1.875,64.05,3413.39990234375,6600.35009765625,15.720000267028809,96.87000274658205,116.45,323.364,329.793,-206.914,262.443,162.933716918432,1377.640015,1387.435703857143,1389.9516683,-0.5321257569827931
2025-09-18,4.25,4.0,4.125,2.5,1.625,63.57,3461.300048828125,6631.9599609375,15.699999809265137,97.3499984741211,116.45,323.364,329.793,-206.914,262.443,162.933716918432,1378.689941,1386.2199881428571,1389.6776652,0.07621192681457334
2025-09-19,4.25,4.0,4.125,2.5,1.625,62.68,3445.239990234375,6664.35986328125,15.449999809265137,97.63999938964844,116.45,323.364,329.793,-206.914,262.443,162.933716918432,1386.75,1385.827131,1389.5246663333335,0.5846172341080313
2025-09-20,4.25,4.0,4.125,2.5,1.625,62.68,3445.239990234375,6664.35986328125,15.449999809265137,97.63999938964844,116.45,323.364,329.793,-206.914,262.443,162.933716918432,1386.75,1385.434273857143,1389.1859985333333,0.0
2025-09-21,4.25,4.0,4.125,2.5,1.625,62.68,3445.239990234375,6664.35986328125,15.449999809265137,97.63999938964844,116.45,323.364,329.793,-206.914,262.443,162.933716918432,1386.75,1385.0414167142858,1388.7573323666666,0.0
2025-09-22,4.25,4.0,4.125,2.5,1.625,62.64,3468.64990234375,6693.75,16.100000381469727,97.33000183105467,116.45,323.364,329.793,-206.914,262.443,162.933716918432,1396.22998,1385.4028494285715,1388.6446655333334,0.6836113214350181
2025-09-23,4.25,4.0,4.125,2.5,1.625,63.41,3486.18994140625,6656.919921875,16.639999389648438,97.26000213623048,116.45,323.364,329.793,-206.914,262.443,162.933716918432,1389.390015,1386.0285644285711,1388.3039998666668,-0.4898881343315731
2025-09-24,4.25,4.0,4.125,2.5,1.625,64.99,3472.139892578125,6637.97021484375,16.18000030517578,97.87000274658205,116.45,323.364,329.793,-206.914,262.443,162.933716918432,1391.849976,1388.058558857143,1388.6026652333335,0.17705330925383844
2025-09-25,4.25,4.0,4.125,2.5,1.625,64.98,3471.110107421875,6604.72021484375,16.739999771118164,98.5500030517578,116.45,323.364,329.793,-206.914,262.443,162.933716918432,1403.650024,1391.624285,1389.0893310666665,0.8477959696426396
2025-09-26,4.25,4.0,4.125,2.5,1.625,65.72,3386.050048828125,6643.7001953125,15.289999961853027,98.1500015258789,116.45,323.364,329.793,-206.914,262.443,162.933716918432,1408.920044,1394.791434142857,1389.5883341666668,0.37545113880894654
2025-09-27,4.25,4.0,4.125,2.5,1.625,65.72,3386.050048828125,6643.7001953125,15.289999961853027,98.1500015258789,116.45,323.364,329.793,-206.914,262.443,162.933716918432,1408.920044,1397.9585832857142,1390.1273356333334,0.0
2025-09-28,4.25,4.0,4.125,2.5,1.625,65.72,3386.050048828125,6643.7001953125,15.289999961853027,98.1500015258789,116.45,323.364,329.793,-206.914,262.443,162.933716918432,1408.920044,1401.1257324285714,1390.9443359666666,0.0
2025-09-29,4.25,4.0,4.125,2.5,1.625,63.45,3431.2099609375,6661.2099609375,16.1200008392334,97.91000366210938,116.45,323.364,329.793,-206.914,262.443,162.933716918432,1408.920044,1402.9385987142855,1391.7613362999998,0.0
2025-09-30,4.25,4.0,4.125,2.5,1.625,62.37,3424.60009765625,6688.4599609375,16.280000686645508,97.7699966430664,116.45,323.364,329.793,-206.914,262.443,162.933716918432,1408.920044,1405.7286028571427,1392.5783366333335,0.0
